deal_id,customer,industry,company_size,deal_value,call_number,current_stage,sentiment_score,price_objections,competitor_mentions,demo_requested,demo_completed,decision_maker_present,followups,days_since_last_call,response_delay_hours,engagement_score,next_stage
D0001,Helix Diagnostics,Technology,Startup,15400.0,1,Discovery,0.24,0,0,0,0,1,1,5,15.8,0.28,Discovery
D0001,Helix Diagnostics,Technology,Startup,15400.0,2,Discovery,0.17,0,0,1,1,1,4,4,101.5,0.24,Lost
D0002,Aegis Software,Manufacturing,Startup,18300.0,1,Discovery,0.57,0,0,1,0,0,4,1,38.5,0.51,Discovery
D0002,Aegis Software,Manufacturing,Startup,18300.0,2,Discovery,0.62,1,0,1,0,1,3,10,26.7,0.54,Demo
D0002,Aegis Software,Manufacturing,Startup,18300.0,3,Demo,0.55,1,1,1,1,1,1,14,5.0,0.5,Evaluation
D0002,Aegis Software,Manufacturing,Startup,18300.0,4,Evaluation,0.46,1,1,1,1,1,3,11,5.0,0.44,Negotiation
D0003,Coastal Foods Ltd,Healthcare,Mid-Market,140500.0,1,Discovery,0.29,0,0,1,0,0,3,5,56.5,0.35,Lost
D0004,Novus Capital,Financial Services,SMB,62400.0,1,Discovery,0.36,0,1,1,0,1,2,2,25.2,0.4,Discovery
D0004,Novus Capital,Financial Services,SMB,62400.0,2,Discovery,0.34,0,1,1,1,1,4,11,33.7,0.39,Demo
D0004,Novus Capital,Financial Services,SMB,62400.0,3,Demo,0.29,1,2,1,1,1,1,1,2.0,0.36,Evaluation
D0004,Novus Capital,Financial Services,SMB,62400.0,4,Evaluation,0.28,1,3,1,1,1,3,12,96.0,0.35,Evaluation
D0004,Novus Capital,Financial Services,SMB,62400.0,5,Evaluation,0.25,1,3,1,1,1,2,9,48.9,0.33,Lost
D0005,Solstice Media,Retail,Startup,33100.0,1,Discovery,0.57,0,1,1,0,1,1,2,4.6,0.63,Demo
D0005,Solstice Media,Retail,Startup,33100.0,2,Demo,0.59,0,2,1,1,1,2,9,3.9,0.64,Evaluation
D0005,Solstice Media,Retail,Startup,33100.0,3,Evaluation,0.69,0,2,1,1,1,2,12,3.9,0.7,Negotiation
D0005,Solstice Media,Retail,Startup,33100.0,4,Negotiation,0.59,0,2,1,1,1,1,8,7.0,0.64,Proposal
D0006,Summit BioPharma,Financial Services,Startup,33300.0,1,Discovery,0.57,0,0,1,0,1,4,4,13.7,0.56,Demo
D0006,Summit BioPharma,Financial Services,Startup,33300.0,2,Demo,0.65,1,0,1,1,1,1,12,8.3,0.61,Evaluation
D0006,Summit BioPharma,Financial Services,Startup,33300.0,3,Evaluation,0.6,1,0,1,1,1,2,2,22.9,0.58,Negotiation
D0006,Summit BioPharma,Financial Services,Startup,33300.0,4,Negotiation,0.7,1,0,1,1,1,4,2,3.6,0.64,Proposal
D0006,Summit BioPharma,Financial Services,Startup,33300.0,5,Proposal,0.64,2,0,1,1,1,2,14,8.4,0.6,Closed Won
D0007,BlueShift AI,Manufacturing,Enterprise,300600.0,1,Discovery,0.61,0,0,1,0,1,4,5,14.4,0.51,Demo
D0007,BlueShift AI,Manufacturing,Enterprise,300600.0,2,Demo,0.5,0,0,1,1,1,3,12,19.2,0.45,Evaluation
D0007,BlueShift AI,Manufacturing,Enterprise,300600.0,3,Evaluation,0.57,0,0,1,1,1,1,9,48.5,0.49,Negotiation
D0007,BlueShift AI,Manufacturing,Enterprise,300600.0,4,Negotiation,0.47,1,0,1,1,1,2,10,7.0,0.43,Proposal
D0007,BlueShift AI,Manufacturing,Enterprise,300600.0,5,Proposal,0.39,1,0,1,1,1,3,12,22.8,0.38,Proposal
D0007,BlueShift AI,Manufacturing,Enterprise,300600.0,6,Proposal,0.29,1,1,1,1,1,1,2,28.3,0.32,Lost
D0008,Frontier FinCorp,Technology,Enterprise,205000.0,1,Discovery,0.61,0,1,0,0,0,1,5,2.0,0.48,Discovery
D0008,Frontier FinCorp,Technology,Enterprise,205000.0,2,Discovery,0.63,1,1,0,0,0,1,5,34.0,0.5,Lost
D0009,Helix Diagnostics,Education,SMB,49400.0,1,Discovery,0.53,1,1,1,0,1,3,4,3.6,0.62,Demo
D0009,Helix Diagnostics,Education,SMB,49400.0,2,Demo,0.46,1,1,1,1,1,4,12,2.0,0.57,Evaluation
D0010,Coastal Foods Ltd,Manufacturing,Startup,14700.0,1,Discovery,0.48,0,0,0,0,1,2,4,131.4,0.39,Discovery
D0010,Coastal Foods Ltd,Manufacturing,Startup,14700.0,2,Discovery,0.51,0,0,0,0,1,4,6,64.4,0.41,Discovery
D0010,Coastal Foods Ltd,Manufacturing,Startup,14700.0,3,Discovery,0.55,1,0,0,0,1,4,2,14.2,0.43,Discovery
D0010,Coastal Foods Ltd,Manufacturing,Startup,14700.0,4,Discovery,0.46,1,0,1,0,1,2,14,4.0,0.38,Discovery
D0010,Coastal Foods Ltd,Manufacturing,Startup,14700.0,5,Discovery,0.53,2,1,1,0,1,4,11,44.9,0.42,Lost
D0011,Everline Retail,Financial Services,SMB,61400.0,1,Discovery,0.71,1,1,0,0,1,4,1,17.8,0.58,Demo
D0011,Everline Retail,Financial Services,SMB,61400.0,2,Demo,0.63,1,1,0,1,1,2,9,4.0,0.53,Evaluation
D0011,Everline Retail,Financial Services,SMB,61400.0,3,Evaluation,0.56,2,1,0,1,1,1,14,20.9,0.49,Negotiation
D0011,Everline Retail,Financial Services,SMB,61400.0,4,Negotiation,0.58,2,1,0,1,1,2,9,2.0,0.5,Proposal
D0011,Everline Retail,Financial Services,SMB,61400.0,5,Proposal,0.48,2,1,0,1,1,3,3,73.5,0.44,Proposal
D0011,Everline Retail,Financial Services,SMB,61400.0,6,Proposal,0.44,2,2,0,1,1,3,10,9.2,0.42,Proposal
D0012,Pulse Dynamics,Logistics,SMB,65300.0,1,Discovery,0.36,0,0,1,0,0,1,4,13.8,0.33,Discovery
D0012,Pulse Dynamics,Logistics,SMB,65300.0,2,Discovery,0.39,0,1,1,0,0,1,3,27.1,0.35,Discovery
D0013,Veritas Analytics,Manufacturing,Enterprise,325000.0,1,Discovery,0.72,0,0,0,0,0,4,4,4.8,0.66,Demo
D0013,Veritas Analytics,Manufacturing,Enterprise,325000.0,2,Demo,0.64,0,0,0,0,1,3,11,81.9,0.61,Evaluation
D0013,Veritas Analytics,Manufacturing,Enterprise,325000.0,3,Evaluation,0.57,0,0,0,0,1,2,5,35.0,0.57,Negotiation
D0013,Veritas Analytics,Manufacturing,Enterprise,325000.0,4,Negotiation,0.56,0,1,0,0,1,4,4,65.8,0.56,Proposal
D0013,Veritas Analytics,Manufacturing,Enterprise,325000.0,5,Proposal,0.63,1,1,0,0,1,4,9,52.8,0.61,Proposal
D0013,Veritas Analytics,Manufacturing,Enterprise,325000.0,6,Proposal,0.53,1,1,0,0,1,1,12,21.4,0.55,Proposal
D0013,Veritas Analytics,Manufacturing,Enterprise,325000.0,7,Proposal,0.52,1,1,0,0,1,3,6,59.8,0.54,Proposal
D0014,BlueShift AI,Logistics,Startup,20600.0,1,Discovery,0.42,0,1,1,0,0,1,4,8.2,0.36,Discovery
D0014,BlueShift AI,Logistics,Startup,20600.0,2,Discovery,0.29,1,1,1,1,0,2,6,2.0,0.28,Lost
D0015,Beacon Robotics,Technology,Enterprise,200500.0,1,Discovery,0.44,0,0,1,0,1,2,1,9.0,0.5,Demo
D0015,Beacon Robotics,Technology,Enterprise,200500.0,2,Demo,0.38,0,0,1,1,1,4,4,11.2,0.46,Evaluation
D0015,Beacon Robotics,Technology,Enterprise,200500.0,3,Evaluation,0.36,0,0,1,1,1,1,5,7.2,0.45,Negotiation
D0015,Beacon Robotics,Technology,Enterprise,200500.0,4,Negotiation,0.43,0,1,1,1,1,2,12,40.2,0.49,Proposal
D0015,Beacon Robotics,Technology,Enterprise,200500.0,5,Proposal,0.35,1,1,1,1,1,1,14,10.1,0.45,Closed Won
D0016,Zenith Textiles,Education,SMB,49500.0,1,Discovery,0.58,0,0,1,0,0,2,4,9.0,0.53,Discovery
D0016,Zenith Textiles,Education,SMB,49500.0,2,Discovery,0.45,0,0,1,0,0,4,9,21.3,0.45,Discovery
D0016,Zenith Textiles,Education,SMB,49500.0,3,Discovery,0.37,0,0,1,1,0,2,8,4.1,0.41,Demo
D0016,Zenith Textiles,Education,SMB,49500.0,4,Demo,0.34,1,0,1,1,1,2,8,44.2,0.39,Evaluation
D0017,OmniCommerce,Retail,SMB,25900.0,1,Discovery,0.49,0,0,1,0,0,3,3,135.3,0.44,Discovery
D0017,OmniCommerce,Retail,SMB,25900.0,2,Discovery,0.38,0,0,1,1,1,2,5,46.2,0.38,Demo
D0017,OmniCommerce,Retail,SMB,25900.0,3,Demo,0.46,0,0,1,1,1,4,4,6.9,0.43,Evaluation
D0017,OmniCommerce,Retail,SMB,25900.0,4,Evaluation,0.53,0,0,1,1,1,2,14,2.0,0.47,Negotiation
D0017,OmniCommerce,Retail,SMB,25900.0,5,Negotiation,0.58,0,0,1,1,1,3,9,52.8,0.5,Proposal
D0017,OmniCommerce,Retail,SMB,25900.0,6,Proposal,0.63,0,0,1,1,1,3,10,38.3,0.53,Closed Won
D0018,BrightPath Logistics,Retail,SMB,53900.0,1,Discovery,0.57,0,0,1,0,1,3,5,28.9,0.59,Demo
D0018,BrightPath Logistics,Retail,SMB,53900.0,2,Demo,0.6,0,0,1,0,1,2,10,32.7,0.6,Evaluation
D0018,BrightPath Logistics,Retail,SMB,53900.0,3,Evaluation,0.67,0,1,1,1,1,3,7,2.0,0.65,Negotiation
D0019,OmniCommerce,Financial Services,SMB,26600.0,1,Discovery,0.56,0,0,0,0,0,1,4,3.9,0.49,Discovery
D0019,OmniCommerce,Financial Services,SMB,26600.0,2,Discovery,0.45,0,1,1,1,1,4,4,62.5,0.42,Demo
D0019,OmniCommerce,Financial Services,SMB,26600.0,3,Demo,0.42,1,1,1,1,1,3,5,30.7,0.4,Evaluation
D0019,OmniCommerce,Financial Services,SMB,26600.0,4,Evaluation,0.32,1,2,1,1,1,1,2,12.6,0.34,Negotiation
D0020,Cobalt Freight,Manufacturing,Startup,23800.0,1,Discovery,0.84,0,0,1,0,1,3,4,8.6,0.74,Demo
D0020,Cobalt Freight,Manufacturing,Startup,23800.0,2,Demo,0.81,0,0,1,0,1,4,5,9.1,0.72,Evaluation
D0020,Cobalt Freight,Manufacturing,Startup,23800.0,3,Evaluation,0.75,1,0,1,0,1,4,13,30.1,0.68,Negotiation
D0020,Cobalt Freight,Manufacturing,Startup,23800.0,4,Negotiation,0.75,1,0,1,1,1,4,6,23.4,0.68,Proposal
D0020,Cobalt Freight,Manufacturing,Startup,23800.0,5,Proposal,0.68,1,1,1,1,1,4,12,50.3,0.64,Closed Won
D0021,Beacon Robotics,Retail,Startup,34800.0,1,Discovery,0.79,0,0,0,0,1,4,2,12.1,0.77,Demo
D0021,Beacon Robotics,Retail,Startup,34800.0,2,Demo,0.75,0,0,0,1,1,2,8,2.4,0.75,Evaluation
D0021,Beacon Robotics,Retail,Startup,34800.0,3,Evaluation,0.65,0,0,0,1,1,4,13,23.7,0.69,Negotiation
D0021,Beacon Robotics,Retail,Startup,34800.0,4,Negotiation,0.74,0,0,0,1,1,3,12,27.2,0.74,Proposal
D0021,Beacon Robotics,Retail,Startup,34800.0,5,Proposal,0.74,0,0,0,1,1,4,8,15.6,0.74,Closed Won
D0022,Summit BioPharma,Logistics,Startup,18300.0,1,Discovery,0.52,0,0,1,0,0,4,4,29.0,0.6,Discovery
D0022,Summit BioPharma,Logistics,Startup,18300.0,2,Discovery,0.54,0,0,1,1,0,2,1,13.4,0.61,Demo
D0022,Summit BioPharma,Logistics,Startup,18300.0,3,Demo,0.54,0,1,1,1,1,1,8,14.6,0.61,Evaluation
D0022,Summit BioPharma,Logistics,Startup,18300.0,4,Evaluation,0.63,1,1,1,1,1,3,5,11.0,0.66,Negotiation
D0022,Summit BioPharma,Logistics,Startup,18300.0,5,Negotiation,0.67,1,1,1,1,1,3,7,2.0,0.69,Proposal
D0023,Cobalt Freight,Healthcare,Mid-Market,150300.0,1,Discovery,0.33,0,0,1,0,0,4,3,2.0,0.29,Lost
D0024,Vector Mobility,Retail,Mid-Market,84100.0,1,Discovery,0.62,0,0,1,0,1,4,3,19.2,0.67,Demo
D0024,Vector Mobility,Retail,Mid-Market,84100.0,2,Demo,0.61,0,0,1,1,1,1,3,7.2,0.67,Evaluation
D0024,Vector Mobility,Retail,Mid-Market,84100.0,3,Evaluation,0.56,0,0,1,1,1,4,5,13.5,0.64,Negotiation
D0025,Vanguard Supply,Technology,SMB,59300.0,1,Discovery,0.71,0,1,0,0,1,3,4,6.1,0.68,Demo
D0025,Vanguard Supply,Technology,SMB,59300.0,2,Demo,0.71,0,1,0,1,1,2,5,11.2,0.68,Evaluation
D0026,Summit BioPharma,Healthcare,Mid-Market,147600.0,1,Discovery,0.67,0,0,0,0,0,3,2,7.5,0.57,Discovery
D0026,Summit BioPharma,Healthcare,Mid-Market,147600.0,2,Discovery,0.71,1,0,1,1,0,1,13,2.3,0.59,Demo
D0026,Summit BioPharma,Healthcare,Mid-Market,147600.0,3,Demo,0.71,1,0,1,1,1,1,6,9.9,0.59,Evaluation
D0026,Summit BioPharma,Healthcare,Mid-Market,147600.0,4,Evaluation,0.61,1,1,1,1,1,3,11,5.1,0.53,Negotiation
D0026,Summit BioPharma,Healthcare,Mid-Market,147600.0,5,Negotiation,0.53,2,1,1,1,1,3,1,77.1,0.49,Proposal
D0026,Summit BioPharma,Healthcare,Mid-Market,147600.0,6,Proposal,0.58,2,2,1,1,1,1,3,48.0,0.52,Lost
D0027,Cobalt Freight,Manufacturing,Mid-Market,134300.0,1,Discovery,0.64,0,0,1,0,0,4,2,18.7,0.69,Discovery
D0027,Cobalt Freight,Manufacturing,Mid-Market,134300.0,2,Discovery,0.62,0,0,1,1,1,3,12,38.2,0.68,Demo
D0027,Cobalt Freight,Manufacturing,Mid-Market,134300.0,3,Demo,0.7,0,0,1,1,1,3,11,30.3,0.73,Evaluation
D0027,Cobalt Freight,Manufacturing,Mid-Market,134300.0,4,Evaluation,0.63,1,1,1,1,1,2,2,3.8,0.69,Negotiation
D0027,Cobalt Freight,Manufacturing,Mid-Market,134300.0,5,Negotiation,0.58,1,1,1,1,1,2,10,41.5,0.66,Proposal
D0027,Cobalt Freight,Manufacturing,Mid-Market,134300.0,6,Proposal,0.7,1,1,1,1,1,2,13,14.4,0.73,Closed Won
D0028,Kestrel Instruments,Healthcare,Startup,31400.0,1,Discovery,0.61,1,0,1,0,1,3,2,61.9,0.48,Discovery
D0028,Kestrel Instruments,Healthcare,Startup,31400.0,2,Discovery,0.47,1,0,1,1,1,4,8,85.1,0.39,Demo
D0028,Kestrel Instruments,Healthcare,Startup,31400.0,3,Demo,0.42,2,0,1,1,1,3,14,14.4,0.36,Evaluation
D0028,Kestrel Instruments,Healthcare,Startup,31400.0,4,Evaluation,0.3,2,0,1,1,1,4,2,4.4,0.29,Lost
D0029,Veritas Analytics,Logistics,SMB,60600.0,1,Discovery,0.54,0,0,1,0,0,4,4,7.4,0.5,Discovery
D0029,Veritas Analytics,Logistics,SMB,60600.0,2,Discovery,0.56,0,0,1,0,1,2,12,16.0,0.51,Demo
D0029,Veritas Analytics,Logistics,SMB,60600.0,3,Demo,0.52,0,0,1,1,1,4,6,48.8,0.48,Evaluation
D0029,Veritas Analytics,Logistics,SMB,60600.0,4,Evaluation,0.5,0,0,1,1,1,1,2,56.5,0.47,Negotiation
D0029,Veritas Analytics,Logistics,SMB,60600.0,5,Negotiation,0.45,0,0,1,1,1,3,10,2.0,0.44,Proposal
D0029,Veritas Analytics,Logistics,SMB,60600.0,6,Proposal,0.35,0,0,1,1,1,1,12,20.5,0.38,Proposal
D0030,Aegis Software,Education,Mid-Market,127500.0,1,Discovery,0.72,1,0,1,0,0,1,3,6.2,0.65,Discovery
D0030,Aegis Software,Education,Mid-Market,127500.0,2,Discovery,0.72,1,0,1,0,0,4,3,3.1,0.65,Discovery
D0030,Aegis Software,Education,Mid-Market,127500.0,3,Discovery,0.65,1,0,1,1,0,3,3,10.1,0.6,Demo
D0030,Aegis Software,Education,Mid-Market,127500.0,4,Demo,0.65,1,0,1,1,1,1,13,70.2,0.6,Evaluation
D0030,Aegis Software,Education,Mid-Market,127500.0,5,Evaluation,0.7,1,0,1,1,1,2,5,9.6,0.63,Negotiation
D0030,Aegis Software,Education,Mid-Market,127500.0,6,Negotiation,0.67,1,1,1,1,1,3,8,17.9,0.62,Proposal
D0031,Cascade Security,Financial Services,Mid-Market,140600.0,1,Discovery,0.37,0,0,0,0,0,4,1,18.4,0.32,Discovery
D0031,Cascade Security,Financial Services,Mid-Market,140600.0,2,Discovery,0.43,0,0,1,1,0,4,2,144.9,0.36,Lost
D0032,Vector Mobility,Technology,Startup,23900.0,1,Discovery,0.77,0,1,1,0,1,2,3,82.7,0.67,Demo
D0032,Vector Mobility,Technology,Startup,23900.0,2,Demo,0.69,0,2,1,1,1,3,13,7.3,0.62,Evaluation
D0032,Vector Mobility,Technology,Startup,23900.0,3,Evaluation,0.8,0,3,1,1,1,2,5,17.3,0.69,Negotiation
D0032,Vector Mobility,Technology,Startup,23900.0,4,Negotiation,0.89,0,3,1,1,1,4,11,9.0,0.74,Proposal
D0032,Vector Mobility,Technology,Startup,23900.0,5,Proposal,0.93,0,3,1,1,1,3,11,8.4,0.76,Proposal
D0032,Vector Mobility,Technology,Startup,23900.0,6,Proposal,0.91,0,3,1,1,1,1,10,2.0,0.75,Closed Won
D0033,Helix Diagnostics,Education,Enterprise,140800.0,1,Discovery,0.64,0,0,1,0,0,1,5,22.4,0.61,Discovery
D0033,Helix Diagnostics,Education,Enterprise,140800.0,2,Discovery,0.68,0,1,1,0,0,1,3,16.6,0.63,Discovery
D0033,Helix Diagnostics,Education,Enterprise,140800.0,3,Discovery,0.78,0,1,1,0,1,2,1,2.0,0.69,Demo
D0033,Helix Diagnostics,Education,Enterprise,140800.0,4,Demo,0.7,1,2,1,0,1,4,7,7.8,0.64,Evaluation
D0033,Helix Diagnostics,Education,Enterprise,140800.0,5,Evaluation,0.79,1,2,1,1,1,4,11,56.8,0.7,Negotiation
D0034,BlueShift AI,Healthcare,SMB,71900.0,1,Discovery,0.51,0,0,0,0,0,2,3,4.8,0.46,Discovery
D0034,BlueShift AI,Healthcare,SMB,71900.0,2,Discovery,0.54,0,0,1,1,1,4,11,20.7,0.48,Demo
D0034,BlueShift AI,Healthcare,SMB,71900.0,3,Demo,0.51,0,0,1,1,1,2,4,130.4,0.46,Evaluation
D0034,BlueShift AI,Healthcare,SMB,71900.0,4,Evaluation,0.4,0,0,1,1,1,1,9,8.5,0.39,Negotiation
D0034,BlueShift AI,Healthcare,SMB,71900.0,5,Negotiation,0.47,0,0,1,1,1,2,3,34.3,0.44,Proposal
D0034,BlueShift AI,Healthcare,SMB,71900.0,6,Proposal,0.51,0,0,1,1,1,3,10,44.1,0.46,Closed Won
D0035,Synthetix Labs,Healthcare,SMB,72400.0,1,Discovery,0.69,0,1,0,0,0,4,4,4.9,0.73,Demo
D0035,Synthetix Labs,Healthcare,SMB,72400.0,2,Demo,0.76,0,1,0,0,1,4,11,23.7,0.77,Evaluation
D0035,Synthetix Labs,Healthcare,SMB,72400.0,3,Evaluation,0.86,1,2,0,0,1,4,5,8.3,0.83,Negotiation
D0035,Synthetix Labs,Healthcare,SMB,72400.0,4,Negotiation,0.85,1,2,0,0,1,4,14,18.2,0.83,Proposal
D0035,Synthetix Labs,Healthcare,SMB,72400.0,5,Proposal,0.95,1,3,0,0,1,2,6,18.2,0.89,Proposal
D0036,Prime Packaging,Retail,Mid-Market,150600.0,1,Discovery,0.6,0,1,1,0,1,4,5,4.1,0.44,Demo
D0036,Prime Packaging,Retail,Mid-Market,150600.0,2,Demo,0.6,0,1,1,1,1,4,10,78.9,0.44,Evaluation
D0036,Prime Packaging,Retail,Mid-Market,150600.0,3,Evaluation,0.55,1,2,1,1,1,2,10,16.9,0.41,Negotiation
D0037,BlueShift AI,Education,SMB,56800.0,1,Discovery,0.78,0,0,1,0,0,1,3,2.0,0.78,Demo
D0037,BlueShift AI,Education,SMB,56800.0,2,Demo,0.85,0,1,1,1,1,2,6,16.3,0.83,Evaluation
D0037,BlueShift AI,Education,SMB,56800.0,3,Evaluation,0.79,1,2,1,1,1,4,8,20.6,0.79,Negotiation
D0037,BlueShift AI,Education,SMB,56800.0,4,Negotiation,0.87,1,2,1,1,1,2,13,2.0,0.84,Proposal
D0038,Vanguard Supply,Technology,Mid-Market,103700.0,1,Discovery,0.59,0,0,0,0,1,3,4,7.2,0.53,Demo
D0038,Vanguard Supply,Technology,Mid-Market,103700.0,2,Demo,0.57,0,0,0,0,1,1,13,29.1,0.52,Evaluation
D0038,Vanguard Supply,Technology,Mid-Market,103700.0,3,Evaluation,0.56,0,0,0,0,1,1,6,5.4,0.51,Negotiation
D0038,Vanguard Supply,Technology,Mid-Market,103700.0,4,Negotiation,0.61,0,1,0,0,1,2,7,33.0,0.54,Proposal
D0038,Vanguard Supply,Technology,Mid-Market,103700.0,5,Proposal,0.48,0,1,0,0,1,4,6,13.8,0.46,Closed Won
D0039,Frontier FinCorp,Financial Services,Mid-Market,127900.0,1,Discovery,0.86,0,0,1,0,1,1,4,51.1,0.82,Demo
D0039,Frontier FinCorp,Financial Services,Mid-Market,127900.0,2,Demo,0.89,0,0,1,1,1,2,1,2.7,0.84,Evaluation
D0039,Frontier FinCorp,Financial Services,Mid-Market,127900.0,3,Evaluation,0.83,0,1,1,1,1,3,9,7.7,0.81,Negotiation
D0040,Veritas Analytics,Manufacturing,Mid-Market,159900.0,1,Discovery,0.62,1,0,0,0,0,2,4,89.5,0.5,Discovery
D0040,Veritas Analytics,Manufacturing,Mid-Market,159900.0,2,Discovery,0.59,1,0,0,0,0,2,5,72.6,0.48,Lost
D0041,Summit BioPharma,Education,Startup,29300.0,1,Discovery,0.55,1,0,0,0,1,2,4,12.9,0.42,Discovery
D0041,Summit BioPharma,Education,Startup,29300.0,2,Discovery,0.43,1,0,1,1,1,1,14,46.7,0.34,Demo
D0041,Summit BioPharma,Education,Startup,29300.0,3,Demo,0.47,1,0,1,1,1,2,14,73.6,0.37,Evaluation
D0041,Summit BioPharma,Education,Startup,29300.0,4,Evaluation,0.38,2,0,1,1,1,2,5,35.1,0.31,Evaluation
D0041,Summit BioPharma,Education,Startup,29300.0,5,Evaluation,0.27,2,0,1,1,1,3,9,32.7,0.25,Evaluation
D0041,Summit BioPharma,Education,Startup,29300.0,6,Evaluation,0.25,2,0,1,1,1,2,3,12.0,0.24,Evaluation
D0042,Helix Diagnostics,Technology,SMB,56400.0,1,Discovery,0.39,1,0,1,0,0,3,4,71.4,0.38,Discovery
D0042,Helix Diagnostics,Technology,SMB,56400.0,2,Discovery,0.26,2,0,1,0,0,3,12,72.4,0.31,Lost
D0043,Everline Retail,Manufacturing,SMB,32000.0,1,Discovery,0.63,0,0,0,0,0,2,4,41.9,0.47,Discovery
D0043,Everline Retail,Manufacturing,SMB,32000.0,2,Discovery,0.49,0,0,0,0,0,2,4,17.3,0.39,Discovery
D0043,Everline Retail,Manufacturing,SMB,32000.0,3,Discovery,0.48,0,0,0,0,1,4,7,18.0,0.38,Demo
D0043,Everline Retail,Manufacturing,SMB,32000.0,4,Demo,0.5,0,0,0,1,1,4,14,54.1,0.39,Evaluation
D0043,Everline Retail,Manufacturing,SMB,32000.0,5,Evaluation,0.39,0,0,0,1,1,4,13,95.1,0.33,Negotiation
D0044,Skyward Aerospace,Financial Services,Startup,34300.0,1,Discovery,0.4,0,1,1,0,0,2,3,42.8,0.41,Lost
D0045,Prime Packaging,Financial Services,SMB,55300.0,1,Discovery,0.79,0,0,1,0,0,2,3,26.1,0.68,Demo
D0045,Prime Packaging,Financial Services,SMB,55300.0,2,Demo,0.84,0,0,1,0,1,4,9,2.2,0.71,Evaluation
D0045,Prime Packaging,Financial Services,SMB,55300.0,3,Evaluation,0.84,0,1,1,0,1,3,7,4.5,0.71,Negotiation
D0045,Prime Packaging,Financial Services,SMB,55300.0,4,Negotiation,0.89,1,2,1,0,1,2,11,58.1,0.74,Proposal
D0045,Prime Packaging,Financial Services,SMB,55300.0,5,Proposal,0.83,1,2,1,1,1,1,1,23.7,0.7,Closed Won
D0046,Veritas Analytics,Retail,Enterprise,289200.0,1,Discovery,0.48,0,0,0,0,0,3,5,2.0,0.38,Discovery
D0046,Veritas Analytics,Retail,Enterprise,289200.0,2,Discovery,0.39,0,0,0,0,0,3,9,4.4,0.33,Discovery
D0046,Veritas Analytics,Retail,Enterprise,289200.0,3,Discovery,0.4,1,0,0,0,1,2,8,44.8,0.33,Discovery
D0047,Skyward Aerospace,Financial Services,SMB,74000.0,1,Discovery,0.67,1,1,1,0,1,1,3,3.5,0.68,Demo
D0047,Skyward Aerospace,Financial Services,SMB,74000.0,2,Demo,0.72,1,2,1,1,1,3,5,16.1,0.71,Evaluation
D0047,Skyward Aerospace,Financial Services,SMB,74000.0,3,Evaluation,0.64,1,2,1,1,1,2,9,23.8,0.66,Negotiation
D0048,Prime Packaging,Retail,Mid-Market,135600.0,1,Discovery,0.43,0,0,1,0,0,2,1,8.0,0.41,Discovery
D0048,Prime Packaging,Retail,Mid-Market,135600.0,2,Discovery,0.45,0,1,1,1,0,2,14,39.2,0.42,Demo
D0048,Prime Packaging,Retail,Mid-Market,135600.0,3,Demo,0.53,0,2,1,1,1,3,14,8.5,0.47,Evaluation
D0048,Prime Packaging,Retail,Mid-Market,135600.0,4,Evaluation,0.58,0,2,1,1,1,4,5,12.4,0.5,Negotiation
D0048,Prime Packaging,Retail,Mid-Market,135600.0,5,Negotiation,0.6,1,2,1,1,1,3,8,43.2,0.51,Lost
D0049,Solstice Media,Education,SMB,58700.0,1,Discovery,0.49,0,1,1,0,1,4,4,36.6,0.42,Demo
D0049,Solstice Media,Education,SMB,58700.0,2,Demo,0.42,0,1,1,1,1,2,6,66.0,0.38,Evaluation
D0049,Solstice Media,Education,SMB,58700.0,3,Evaluation,0.31,0,1,1,1,1,1,10,37.4,0.31,Negotiation
D0049,Solstice Media,Education,SMB,58700.0,4,Negotiation,0.21,0,1,1,1,1,3,11,29.3,0.25,Proposal
D0049,Solstice Media,Education,SMB,58700.0,5,Proposal,0.19,0,1,1,1,1,4,3,3.4,0.24,Closed Won
D0050,Beacon Robotics,Education,Mid-Market,81800.0,1,Discovery,0.65,0,1,1,0,1,4,1,15.0,0.53,Demo
D0050,Beacon Robotics,Education,Mid-Market,81800.0,2,Demo,0.55,1,2,1,1,1,2,9,10.1,0.47,Evaluation
D0050,Beacon Robotics,Education,Mid-Market,81800.0,3,Evaluation,0.52,1,2,1,1,1,4,10,9.2,0.45,Negotiation
D0050,Beacon Robotics,Education,Mid-Market,81800.0,4,Negotiation,0.56,1,2,1,1,1,1,8,118.5,0.48,Proposal
D0050,Beacon Robotics,Education,Mid-Market,81800.0,5,Proposal,0.43,1,2,1,1,1,1,10,16.4,0.4,Closed Won
D0051,Acuity Networks,Healthcare,Mid-Market,136600.0,1,Discovery,0.9,0,1,1,0,0,4,3,40.6,0.85,Demo
D0051,Acuity Networks,Healthcare,Mid-Market,136600.0,2,Demo,0.96,1,1,1,1,1,2,14,18.2,0.89,Evaluation
D0051,Acuity Networks,Healthcare,Mid-Market,136600.0,3,Evaluation,0.95,1,1,1,1,1,1,4,28.9,0.88,Negotiation
D0051,Acuity Networks,Healthcare,Mid-Market,136600.0,4,Negotiation,0.96,1,1,1,1,1,2,7,12.7,0.89,Proposal
D0051,Acuity Networks,Healthcare,Mid-Market,136600.0,5,Proposal,0.86,1,1,1,1,1,1,2,15.7,0.83,Closed Won
D0052,Everline Retail,Financial Services,Startup,24100.0,1,Discovery,0.5,0,0,1,0,1,4,1,14.9,0.55,Demo
D0052,Everline Retail,Financial Services,Startup,24100.0,2,Demo,0.55,0,0,1,0,1,2,5,4.8,0.58,Evaluation
D0053,Coastal Foods Ltd,Financial Services,Enterprise,322300.0,1,Discovery,0.72,0,0,1,0,1,4,5,6.3,0.73,Demo
D0053,Coastal Foods Ltd,Financial Services,Enterprise,322300.0,2,Demo,0.67,1,1,1,1,1,4,12,2.0,0.7,Evaluation
D0053,Coastal Foods Ltd,Financial Services,Enterprise,322300.0,3,Evaluation,0.69,1,1,1,1,1,2,14,19.7,0.71,Negotiation
D0053,Coastal Foods Ltd,Financial Services,Enterprise,322300.0,4,Negotiation,0.78,1,1,1,1,1,4,3,3.7,0.77,Proposal
D0053,Coastal Foods Ltd,Financial Services,Enterprise,322300.0,5,Proposal,0.7,1,2,1,1,1,2,2,53.6,0.72,Closed Won
D0054,Skyward Aerospace,Financial Services,Startup,13600.0,1,Discovery,0.84,1,0,0,0,0,2,1,58.7,0.8,Discovery
D0054,Skyward Aerospace,Financial Services,Startup,13600.0,2,Discovery,0.88,1,0,1,1,1,2,12,47.0,0.83,Demo
D0054,Skyward Aerospace,Financial Services,Startup,13600.0,3,Demo,0.94,1,0,1,1,1,3,5,8.8,0.86,Evaluation
D0054,Skyward Aerospace,Financial Services,Startup,13600.0,4,Evaluation,0.89,1,0,1,1,1,3,13,2.0,0.83,Negotiation
D0055,Solstice Media,Healthcare,SMB,66700.0,1,Discovery,0.59,0,0,0,0,1,3,3,14.4,0.55,Demo
D0055,Solstice Media,Healthcare,SMB,66700.0,2,Demo,0.56,0,0,0,1,1,3,12,87.5,0.54,Evaluation
D0055,Solstice Media,Healthcare,SMB,66700.0,3,Evaluation,0.6,0,1,0,1,1,1,11,85.3,0.56,Negotiation
D0055,Solstice Media,Healthcare,SMB,66700.0,4,Negotiation,0.61,0,2,0,1,1,1,1,49.3,0.57,Proposal
D0055,Solstice Media,Healthcare,SMB,66700.0,5,Proposal,0.61,0,2,0,1,1,2,1,9.0,0.57,Closed Won
D0056,Prime Packaging,Logistics,SMB,25300.0,1,Discovery,0.61,0,0,1,0,0,3,3,12.0,0.58,Discovery
D0056,Prime Packaging,Logistics,SMB,25300.0,2,Discovery,0.6,1,0,1,1,0,1,2,46.9,0.57,Demo
D0057,BrightPath Logistics,Logistics,Enterprise,269500.0,1,Discovery,0.46,1,0,1,0,1,4,5,8.0,0.36,Discovery
D0057,BrightPath Logistics,Logistics,Enterprise,269500.0,2,Discovery,0.44,1,0,1,0,1,1,6,35.0,0.35,Discovery
D0057,BrightPath Logistics,Logistics,Enterprise,269500.0,3,Discovery,0.33,1,0,1,0,1,1,5,118.2,0.29,Lost
D0058,Summit BioPharma,Financial Services,Startup,30200.0,1,Discovery,0.57,0,0,1,0,0,2,5,24.0,0.62,Discovery
D0058,Summit BioPharma,Financial Services,Startup,30200.0,2,Discovery,0.49,0,0,1,1,1,2,12,17.0,0.57,Demo
D0059,Zenith Textiles,Logistics,SMB,74600.0,1,Discovery,0.44,0,0,1,0,0,4,4,24.7,0.46,Discovery
D0059,Zenith Textiles,Logistics,SMB,74600.0,2,Discovery,0.36,0,0,1,1,0,1,4,119.5,0.41,Lost
D0060,Zenith Textiles,Manufacturing,SMB,63100.0,1,Discovery,0.44,0,0,1,0,1,4,4,5.9,0.37,Demo
D0060,Zenith Textiles,Manufacturing,SMB,63100.0,2,Demo,0.42,0,0,1,1,1,4,14,28.5,0.36,Evaluation
D0061,Acuity Networks,Manufacturing,SMB,28800.0,1,Discovery,0.56,1,0,1,0,1,2,4,44.1,0.48,Discovery
D0061,Acuity Networks,Manufacturing,SMB,28800.0,2,Discovery,0.48,1,0,1,1,1,3,13,39.0,0.43,Demo
D0061,Acuity Networks,Manufacturing,SMB,28800.0,3,Demo,0.5,1,0,1,1,1,2,10,39.6,0.44,Evaluation
D0062,Everline Retail,Financial Services,Startup,34900.0,1,Discovery,0.39,0,0,1,0,1,2,4,12.3,0.36,Demo
D0062,Everline Retail,Financial Services,Startup,34900.0,2,Demo,0.42,0,0,1,1,1,4,7,58.7,0.38,Evaluation
D0062,Everline Retail,Financial Services,Startup,34900.0,3,Evaluation,0.48,0,0,1,1,1,4,2,58.9,0.41,Negotiation
D0062,Everline Retail,Financial Services,Startup,34900.0,4,Negotiation,0.39,0,1,1,1,1,4,12,71.5,0.36,Proposal
D0062,Everline Retail,Financial Services,Startup,34900.0,5,Proposal,0.32,0,1,1,1,1,1,3,86.6,0.32,Closed Won
D0063,Everline Retail,Manufacturing,Startup,28200.0,1,Discovery,0.65,0,0,1,0,0,3,4,17.5,0.6,Discovery
D0063,Everline Retail,Manufacturing,Startup,28200.0,2,Discovery,0.63,0,0,1,1,0,4,1,17.1,0.59,Demo
D0063,Everline Retail,Manufacturing,Startup,28200.0,3,Demo,0.6,1,0,1,1,1,2,13,39.2,0.57,Evaluation
D0063,Everline Retail,Manufacturing,Startup,28200.0,4,Evaluation,0.66,1,0,1,1,1,1,13,25.7,0.61,Negotiation
D0063,Everline Retail,Manufacturing,Startup,28200.0,5,Negotiation,0.74,1,0,1,1,1,2,9,29.7,0.66,Proposal
D0063,Everline Retail,Manufacturing,Startup,28200.0,6,Proposal,0.83,1,0,1,1,1,2,11,38.9,0.71,Closed Won
D0064,Acuity Networks,Retail,Startup,13800.0,1,Discovery,0.47,0,1,0,0,0,1,1,70.1,0.43,Discovery
D0064,Acuity Networks,Retail,Startup,13800.0,2,Discovery,0.51,0,1,0,0,0,3,11,13.1,0.45,Discovery
D0064,Acuity Networks,Retail,Startup,13800.0,3,Discovery,0.43,0,1,0,0,0,2,10,15.0,0.4,Discovery
D0064,Acuity Networks,Retail,Startup,13800.0,4,Discovery,0.41,0,1,1,1,1,3,4,3.1,0.39,Demo
D0064,Acuity Networks,Retail,Startup,13800.0,5,Demo,0.3,0,1,1,1,1,2,7,27.4,0.33,Evaluation
D0064,Acuity Networks,Retail,Startup,13800.0,6,Evaluation,0.35,0,1,1,1,1,4,3,2.0,0.36,Negotiation
D0064,Acuity Networks,Retail,Startup,13800.0,7,Negotiation,0.31,0,1,1,1,1,4,1,19.9,0.33,Proposal
D0064,Acuity Networks,Retail,Startup,13800.0,8,Proposal,0.17,0,2,1,1,1,4,11,24.8,0.25,Closed Won
D0065,Vanguard Supply,Healthcare,SMB,33400.0,1,Discovery,0.55,0,0,1,0,1,1,4,9.0,0.52,Demo
D0065,Vanguard Supply,Healthcare,SMB,33400.0,2,Demo,0.59,1,1,1,0,1,1,13,23.9,0.54,Evaluation
D0065,Vanguard Supply,Healthcare,SMB,33400.0,3,Evaluation,0.63,1,1,1,1,1,2,13,2.0,0.57,Negotiation
D0065,Vanguard Supply,Healthcare,SMB,33400.0,4,Negotiation,0.56,1,1,1,1,1,1,8,2.0,0.53,Proposal
D0065,Vanguard Supply,Healthcare,SMB,33400.0,5,Proposal,0.54,1,1,1,1,1,4,12,46.2,0.51,Closed Won
D0066,Veritas Analytics,Financial Services,Startup,34400.0,1,Discovery,0.34,0,1,1,0,0,1,5,14.0,0.35,Discovery
D0066,Veritas Analytics,Financial Services,Startup,34400.0,2,Discovery,0.3,0,1,1,0,0,2,12,4.2,0.33,Discovery
D0066,Veritas Analytics,Financial Services,Startup,34400.0,3,Discovery,0.32,0,1,1,1,0,4,5,23.1,0.34,Discovery
D0066,Veritas Analytics,Financial Services,Startup,34400.0,4,Discovery,0.34,0,1,1,1,1,4,6,46.0,0.35,Demo
D0066,Veritas Analytics,Financial Services,Startup,34400.0,5,Demo,0.38,0,1,1,1,1,3,8,7.6,0.38,Evaluation
D0066,Veritas Analytics,Financial Services,Startup,34400.0,6,Evaluation,0.43,0,2,1,1,1,3,8,30.5,0.41,Negotiation
D0066,Veritas Analytics,Financial Services,Startup,34400.0,7,Negotiation,0.49,1,3,1,1,1,3,13,2.8,0.44,Lost
D0067,Cobalt Freight,Technology,Enterprise,218400.0,1,Discovery,0.74,1,0,0,0,0,2,3,2.0,0.76,Discovery
D0067,Cobalt Freight,Technology,Enterprise,218400.0,2,Discovery,0.66,1,0,1,1,0,2,11,13.7,0.71,Demo
D0067,Cobalt Freight,Technology,Enterprise,218400.0,3,Demo,0.66,1,0,1,1,1,1,2,14.0,0.71,Evaluation
D0068,BlueShift AI,Technology,Mid-Market,70200.0,1,Discovery,0.32,0,1,1,0,0,2,2,39.6,0.35,Lost
D0069,Novus Capital,Healthcare,Enterprise,261700.0,1,Discovery,0.3,0,0,0,0,0,2,1,100.7,0.37,Lost
D0070,Vanguard Supply,Logistics,Startup,22900.0,1,Discovery,0.5,1,0,1,0,0,3,1,17.2,0.52,Discovery
D0070,Vanguard Supply,Logistics,Startup,22900.0,2,Discovery,0.61,1,0,1,1,0,4,4,9.2,0.59,Demo
D0070,Vanguard Supply,Logistics,Startup,22900.0,3,Demo,0.68,1,0,1,1,0,4,3,37.6,0.63,Evaluation
D0070,Vanguard Supply,Logistics,Startup,22900.0,4,Evaluation,0.79,1,0,1,1,1,1,13,7.5,0.7,Negotiation
D0070,Vanguard Supply,Logistics,Startup,22900.0,5,Negotiation,0.71,1,0,1,1,1,3,7,13.7,0.65,Proposal
D0070,Vanguard Supply,Logistics,Startup,22900.0,6,Proposal,0.79,1,1,1,1,1,2,9,2.0,0.7,Closed Won
D0071,BlueShift AI,Financial Services,Mid-Market,143500.0,1,Discovery,0.62,0,0,1,0,1,2,4,2.0,0.62,Demo
D0071,BlueShift AI,Financial Services,Mid-Market,143500.0,2,Demo,0.73,0,1,1,1,1,2,5,73.2,0.68,Evaluation
D0072,Aegis Software,Technology,SMB,46500.0,1,Discovery,0.67,0,0,1,0,1,1,5,30.0,0.61,Demo
D0072,Aegis Software,Technology,SMB,46500.0,2,Demo,0.67,0,1,1,1,1,1,2,13.3,0.61,Evaluation
D0072,Aegis Software,Technology,SMB,46500.0,3,Evaluation,0.62,1,2,1,1,1,2,7,4.8,0.58,Negotiation
D0072,Aegis Software,Technology,SMB,46500.0,4,Negotiation,0.72,1,2,1,1,1,3,12,4.3,0.64,Proposal
D0072,Aegis Software,Technology,SMB,46500.0,5,Proposal,0.72,1,3,1,1,1,2,3,7.3,0.64,Closed Won
D0073,Vector Mobility,Manufacturing,SMB,52700.0,1,Discovery,0.33,0,0,1,0,0,2,3,35.4,0.28,Discovery
D0073,Vector Mobility,Manufacturing,SMB,52700.0,2,Discovery,0.34,0,0,1,0,1,2,13,55.8,0.29,Discovery
D0073,Vector Mobility,Manufacturing,SMB,52700.0,3,Discovery,0.31,0,1,1,0,1,3,1,48.0,0.27,Discovery
D0074,Vector Mobility,Financial Services,SMB,69800.0,1,Discovery,0.38,0,1,0,0,1,2,1,82.6,0.42,Lost
D0075,Trident Tech,Manufacturing,Enterprise,333000.0,1,Discovery,0.34,0,1,1,0,0,3,4,37.9,0.38,Discovery
D0075,Trident Tech,Manufacturing,Enterprise,333000.0,2,Discovery,0.38,0,2,1,1,1,3,9,22.9,0.4,Demo
D0075,Trident Tech,Manufacturing,Enterprise,333000.0,3,Demo,0.32,0,2,1,1,1,1,5,26.8,0.37,Lost
D0076,Trident Tech,Manufacturing,Mid-Market,77400.0,1,Discovery,0.58,0,1,1,0,1,2,5,10.1,0.66,Demo
D0076,Trident Tech,Manufacturing,Mid-Market,77400.0,2,Demo,0.62,0,1,1,1,1,2,13,5.3,0.68,Evaluation
D0076,Trident Tech,Manufacturing,Mid-Market,77400.0,3,Evaluation,0.66,0,2,1,1,1,3,10,8.2,0.7,Negotiation
D0076,Trident Tech,Manufacturing,Mid-Market,77400.0,4,Negotiation,0.77,0,3,1,1,1,2,13,26.3,0.77,Proposal
D0076,Trident Tech,Manufacturing,Mid-Market,77400.0,5,Proposal,0.75,0,3,1,1,1,2,1,2.0,0.76,Closed Won
D0077,Frontier FinCorp,Healthcare,Enterprise,183200.0,1,Discovery,0.23,0,0,0,0,1,2,5,3.3,0.33,Discovery
D0077,Frontier FinCorp,Healthcare,Enterprise,183200.0,2,Discovery,0.26,0,0,1,1,1,2,7,2.0,0.34,Demo
D0077,Frontier FinCorp,Healthcare,Enterprise,183200.0,3,Demo,0.2,0,0,1,1,1,4,6,2.0,0.31,Evaluation
D0078,Prime Packaging,Financial Services,SMB,54200.0,1,Discovery,0.45,0,0,1,0,0,3,2,40.6,0.41,Discovery
D0078,Prime Packaging,Financial Services,SMB,54200.0,2,Discovery,0.46,1,0,1,0,0,4,10,21.4,0.41,Discovery
D0078,Prime Packaging,Financial Services,SMB,54200.0,3,Discovery,0.35,2,0,1,1,0,3,1,3.4,0.35,Lost
D0079,Coastal Foods Ltd,Healthcare,Mid-Market,62000.0,1,Discovery,0.49,0,0,1,0,1,2,2,17.7,0.49,Demo
D0079,Coastal Foods Ltd,Healthcare,Mid-Market,62000.0,2,Demo,0.43,0,0,1,0,1,2,3,16.8,0.45,Evaluation
D0079,Coastal Foods Ltd,Healthcare,Mid-Market,62000.0,3,Evaluation,0.38,0,0,1,1,1,4,11,5.0,0.42,Negotiation
D0079,Coastal Foods Ltd,Healthcare,Mid-Market,62000.0,4,Negotiation,0.44,0,0,1,1,1,4,11,14.9,0.46,Proposal
D0079,Coastal Foods Ltd,Healthcare,Mid-Market,62000.0,5,Proposal,0.36,1,0,1,1,1,3,13,13.3,0.41,Closed Won
D0080,Zenith Textiles,Logistics,Enterprise,210100.0,1,Discovery,0.44,0,0,0,0,0,3,5,17.3,0.58,Discovery
D0080,Zenith Textiles,Logistics,Enterprise,210100.0,2,Discovery,0.5,0,1,1,0,1,1,12,18.2,0.62,Demo
D0080,Zenith Textiles,Logistics,Enterprise,210100.0,3,Demo,0.57,0,1,1,1,1,3,11,2.0,0.66,Evaluation
D0080,Zenith Textiles,Logistics,Enterprise,210100.0,4,Evaluation,0.56,0,2,1,1,1,1,12,8.5,0.65,Negotiation
D0080,Zenith Textiles,Logistics,Enterprise,210100.0,5,Negotiation,0.6,0,2,1,1,1,3,7,17.8,0.68,Proposal
D0080,Zenith Textiles,Logistics,Enterprise,210100.0,6,Proposal,0.57,0,2,1,1,1,2,11,12.6,0.66,Proposal
D0080,Zenith Textiles,Logistics,Enterprise,210100.0,7,Proposal,0.67,0,2,1,1,1,3,2,35.1,0.72,Closed Won
D0081,Veritas Analytics,Financial Services,Enterprise,282000.0,1,Discovery,0.38,0,0,1,0,1,2,4,29.4,0.41,Discovery
D0081,Veritas Analytics,Financial Services,Enterprise,282000.0,2,Discovery,0.34,0,0,1,1,1,3,12,4.9,0.39,Demo
D0081,Veritas Analytics,Financial Services,Enterprise,282000.0,3,Demo,0.3,0,0,1,1,1,3,1,2.0,0.36,Evaluation
D0081,Veritas Analytics,Financial Services,Enterprise,282000.0,4,Evaluation,0.18,0,0,1,1,1,1,2,28.1,0.29,Negotiation
D0081,Veritas Analytics,Financial Services,Enterprise,282000.0,5,Negotiation,0.23,1,1,1,1,1,4,13,2.0,0.32,Proposal
D0081,Veritas Analytics,Financial Services,Enterprise,282000.0,6,Proposal,0.12,2,1,1,1,1,1,8,24.1,0.26,Proposal
D0081,Veritas Analytics,Financial Services,Enterprise,282000.0,7,Proposal,0.12,2,1,1,1,1,1,2,77.0,0.26,Lost
D0082,BlueShift AI,Education,SMB,73300.0,1,Discovery,0.7,0,1,1,0,1,4,2,19.0,0.66,Demo
D0082,BlueShift AI,Education,SMB,73300.0,2,Demo,0.78,0,1,1,1,1,2,9,10.9,0.71,Evaluation
D0082,BlueShift AI,Education,SMB,73300.0,3,Evaluation,0.82,0,1,1,1,1,1,3,22.8,0.74,Negotiation
D0082,BlueShift AI,Education,SMB,73300.0,4,Negotiation,0.84,0,2,1,1,1,3,14,13.6,0.75,Proposal
D0082,BlueShift AI,Education,SMB,73300.0,5,Proposal,0.89,0,3,1,1,1,3,9,17.5,0.78,Closed Won
D0083,Kestrel Instruments,Retail,Startup,12000.0,1,Discovery,0.69,1,0,1,0,1,1,1,69.0,0.63,Discovery
D0083,Kestrel Instruments,Retail,Startup,12000.0,2,Discovery,0.74,1,0,1,1,1,4,11,11.9,0.66,Demo
D0083,Kestrel Instruments,Retail,Startup,12000.0,3,Demo,0.74,1,1,1,1,1,1,7,79.0,0.66,Evaluation
D0083,Kestrel Instruments,Retail,Startup,12000.0,4,Evaluation,0.83,2,1,1,1,1,3,5,57.3,0.71,Negotiation
D0083,Kestrel Instruments,Retail,Startup,12000.0,5,Negotiation,0.79,2,1,1,1,1,2,14,5.3,0.69,Proposal
D0083,Kestrel Instruments,Retail,Startup,12000.0,6,Proposal,0.86,2,1,1,1,1,1,7,2.0,0.73,Proposal
D0083,Kestrel Instruments,Retail,Startup,12000.0,7,Proposal,0.95,3,2,1,1,1,1,14,2.6,0.79,Closed Won
D0084,Summit BioPharma,Education,Startup,9600.0,1,Discovery,0.64,0,0,1,0,0,3,2,2.0,0.47,Discovery
D0084,Summit BioPharma,Education,Startup,9600.0,2,Discovery,0.57,0,0,1,1,0,3,4,4.3,0.43,Demo
D0085,Summit BioPharma,Education,Startup,14100.0,1,Discovery,0.46,0,1,1,0,1,1,1,2.5,0.41,Demo
D0085,Summit BioPharma,Education,Startup,14100.0,2,Demo,0.38,1,2,1,1,1,3,5,13.2,0.36,Evaluation
D0085,Summit BioPharma,Education,Startup,14100.0,3,Evaluation,0.42,1,2,1,1,1,4,10,64.0,0.38,Negotiation
D0085,Summit BioPharma,Education,Startup,14100.0,4,Negotiation,0.47,2,2,1,1,1,3,10,2.0,0.41,Lost
D0086,OmniCommerce,Logistics,SMB,32500.0,1,Discovery,0.86,0,0,1,0,0,4,5,35.3,0.78,Demo
D0086,OmniCommerce,Logistics,SMB,32500.0,2,Demo,0.94,0,0,1,1,0,4,5,6.9,0.83,Evaluation
D0087,Trident Tech,Education,Startup,25800.0,1,Discovery,0.63,0,0,0,0,0,3,2,29.2,0.59,Discovery
D0087,Trident Tech,Education,Startup,25800.0,2,Discovery,0.61,0,0,1,1,0,1,11,24.3,0.58,Demo
D0087,Trident Tech,Education,Startup,25800.0,3,Demo,0.55,0,0,1,1,1,3,10,51.4,0.54,Evaluation
D0087,Trident Tech,Education,Startup,25800.0,4,Evaluation,0.67,0,1,1,1,1,4,2,32.5,0.62,Negotiation
D0088,NexGen Health,Education,Startup,17000.0,1,Discovery,0.76,0,0,1,0,0,4,1,6.0,0.77,Demo
D0088,NexGen Health,Education,Startup,17000.0,2,Demo,0.74,0,0,1,1,1,2,2,3.5,0.76,Evaluation
D0088,NexGen Health,Education,Startup,17000.0,3,Evaluation,0.76,0,0,1,1,1,2,1,25.2,0.77,Negotiation
D0088,NexGen Health,Education,Startup,17000.0,4,Negotiation,0.69,0,0,1,1,1,1,1,29.8,0.73,Proposal
D0088,NexGen Health,Education,Startup,17000.0,5,Proposal,0.75,0,0,1,1,1,3,7,84.5,0.77,Closed Won
D0089,Solstice Media,Retail,Enterprise,349000.0,1,Discovery,0.48,0,1,0,0,0,2,2,15.8,0.45,Discovery
D0089,Solstice Media,Retail,Enterprise,349000.0,2,Discovery,0.51,1,1,0,0,0,2,3,13.8,0.47,Discovery
D0089,Solstice Media,Retail,Enterprise,349000.0,3,Discovery,0.39,1,2,0,0,1,1,13,44.5,0.4,Discovery
D0089,Solstice Media,Retail,Enterprise,349000.0,4,Discovery,0.39,1,2,1,1,1,3,2,12.4,0.4,Demo
D0089,Solstice Media,Retail,Enterprise,349000.0,5,Demo,0.31,1,2,1,1,1,2,5,79.4,0.35,Demo
D0090,NexGen Health,Technology,SMB,70500.0,1,Discovery,0.53,0,0,0,0,0,1,1,12.4,0.56,Discovery
D0090,NexGen Health,Technology,SMB,70500.0,2,Discovery,0.65,0,0,0,0,1,1,2,30.8,0.64,Demo
D0090,NexGen Health,Technology,SMB,70500.0,3,Demo,0.63,0,0,0,1,1,4,5,31.1,0.62,Evaluation
D0090,NexGen Health,Technology,SMB,70500.0,4,Evaluation,0.56,0,1,0,1,1,3,11,2.4,0.58,Negotiation
D0090,NexGen Health,Technology,SMB,70500.0,5,Negotiation,0.52,0,1,0,1,1,2,11,51.6,0.56,Proposal
D0090,NexGen Health,Technology,SMB,70500.0,6,Proposal,0.51,0,2,0,1,1,1,12,15.6,0.55,Closed Won
D0091,Synthetix Labs,Retail,Mid-Market,107800.0,1,Discovery,0.33,0,0,1,0,0,2,1,48.3,0.38,Discovery
D0091,Synthetix Labs,Retail,Mid-Market,107800.0,2,Discovery,0.29,0,0,1,0,0,3,13,10.6,0.36,Discovery
D0091,Synthetix Labs,Retail,Mid-Market,107800.0,3,Discovery,0.32,0,0,1,1,1,4,7,62.3,0.37,Demo
D0092,Everline Retail,Retail,Mid-Market,84900.0,1,Discovery,0.5,0,0,1,0,0,1,2,2.0,0.46,Discovery
D0092,Everline Retail,Retail,Mid-Market,84900.0,2,Discovery,0.44,0,0,1,1,1,1,3,69.9,0.43,Demo
D0092,Everline Retail,Retail,Mid-Market,84900.0,3,Demo,0.4,0,1,1,1,1,2,14,2.8,0.4,Evaluation
D0092,Everline Retail,Retail,Mid-Market,84900.0,4,Evaluation,0.38,1,1,1,1,1,1,6,11.4,0.39,Negotiation
D0092,Everline Retail,Retail,Mid-Market,84900.0,5,Negotiation,0.36,1,1,1,1,1,1,1,88.8,0.38,Proposal
D0092,Everline Retail,Retail,Mid-Market,84900.0,6,Proposal,0.39,2,1,1,1,1,3,8,89.1,0.4,Proposal
D0092,Everline Retail,Retail,Mid-Market,84900.0,7,Proposal,0.32,2,2,1,1,1,3,12,25.2,0.35,Proposal
D0092,Everline Retail,Retail,Mid-Market,84900.0,8,Proposal,0.36,2,2,1,1,1,3,13,29.6,0.38,Closed Won
D0093,Vanguard Supply,Financial Services,Startup,11300.0,1,Discovery,0.67,0,0,1,0,1,3,2,11.8,0.69,Demo
D0093,Vanguard Supply,Financial Services,Startup,11300.0,2,Demo,0.57,0,0,1,1,1,4,13,6.9,0.63,Evaluation
D0093,Vanguard Supply,Financial Services,Startup,11300.0,3,Evaluation,0.64,0,0,1,1,1,1,12,7.9,0.67,Negotiation
D0094,Cascade Security,Retail,SMB,55400.0,1,Discovery,0.64,0,0,1,0,1,3,3,30.8,0.63,Demo
D0094,Cascade Security,Retail,SMB,55400.0,2,Demo,0.68,0,1,1,1,1,3,5,34.6,0.65,Evaluation
D0094,Cascade Security,Retail,SMB,55400.0,3,Evaluation,0.62,0,1,1,1,1,3,5,34.4,0.62,Negotiation
D0095,OmniCommerce,Retail,Mid-Market,149400.0,1,Discovery,0.81,0,1,1,0,1,1,5,17.0,0.69,Demo
D0095,OmniCommerce,Retail,Mid-Market,149400.0,2,Demo,0.83,1,2,1,0,1,3,3,2.0,0.71,Evaluation
D0095,OmniCommerce,Retail,Mid-Market,149400.0,3,Evaluation,0.89,1,2,1,1,1,4,6,19.9,0.74,Negotiation
D0095,OmniCommerce,Retail,Mid-Market,149400.0,4,Negotiation,0.94,1,2,1,1,1,4,9,14.6,0.77,Proposal
D0095,OmniCommerce,Retail,Mid-Market,149400.0,5,Proposal,0.85,1,2,1,1,1,4,7,54.6,0.72,Proposal
D0095,OmniCommerce,Retail,Mid-Market,149400.0,6,Proposal,0.92,1,2,1,1,1,4,4,10.8,0.76,Closed Won
D0096,Veritas Analytics,Healthcare,Mid-Market,156400.0,1,Discovery,0.63,0,0,0,0,0,2,1,3.9,0.53,Discovery
D0096,Veritas Analytics,Healthcare,Mid-Market,156400.0,2,Discovery,0.69,0,1,0,0,1,2,3,4.8,0.56,Demo
D0096,Veritas Analytics,Healthcare,Mid-Market,156400.0,3,Demo,0.72,0,1,0,0,1,1,10,44.8,0.58,Evaluation
D0097,Cascade Security,Technology,Mid-Market,75900.0,1,Discovery,0.61,1,0,0,0,1,2,2,2.6,0.58,Demo
D0097,Cascade Security,Technology,Mid-Market,75900.0,2,Demo,0.66,1,0,0,1,1,1,11,2.2,0.61,Evaluation
D0097,Cascade Security,Technology,Mid-Market,75900.0,3,Evaluation,0.68,1,0,0,1,1,4,6,29.9,0.62,Negotiation
D0097,Cascade Security,Technology,Mid-Market,75900.0,4,Negotiation,0.76,1,0,0,1,1,1,5,2.0,0.67,Proposal
D0097,Cascade Security,Technology,Mid-Market,75900.0,5,Proposal,0.77,1,1,0,1,1,4,8,42.8,0.67,Proposal
D0097,Cascade Security,Technology,Mid-Market,75900.0,6,Proposal,0.76,1,1,0,1,1,1,3,30.4,0.67,Closed Won
D0098,Beacon Robotics,Education,Mid-Market,157600.0,1,Discovery,0.82,0,1,1,0,0,2,1,2.0,0.76,Demo
D0098,Beacon Robotics,Education,Mid-Market,157600.0,2,Demo,0.81,1,1,1,1,1,1,9,2.0,0.75,Evaluation
D0098,Beacon Robotics,Education,Mid-Market,157600.0,3,Evaluation,0.84,1,1,1,1,1,1,6,89.8,0.77,Negotiation
D0098,Beacon Robotics,Education,Mid-Market,157600.0,4,Negotiation,0.87,1,1,1,1,1,1,12,9.8,0.79,Proposal
D0098,Beacon Robotics,Education,Mid-Market,157600.0,5,Proposal,0.8,1,1,1,1,1,4,5,9.6,0.75,Closed Won
D0099,Kestrel Instruments,Education,SMB,73000.0,1,Discovery,0.56,0,0,0,0,0,1,3,62.0,0.45,Discovery
D0099,Kestrel Instruments,Education,SMB,73000.0,2,Discovery,0.61,1,0,1,0,0,1,9,108.9,0.48,Lost
D0100,NexGen Health,Healthcare,Mid-Market,85300.0,1,Discovery,0.49,0,0,0,0,1,4,1,163.9,0.4,Discovery
D0100,NexGen Health,Healthcare,Mid-Market,85300.0,2,Discovery,0.41,0,0,0,0,1,2,6,53.8,0.35,Discovery
D0100,NexGen Health,Healthcare,Mid-Market,85300.0,3,Discovery,0.34,0,0,0,0,1,3,8,18.1,0.31,Discovery
D0100,NexGen Health,Healthcare,Mid-Market,85300.0,4,Discovery,0.25,0,0,1,1,1,4,6,3.3,0.26,Demo
D0100,NexGen Health,Healthcare,Mid-Market,85300.0,5,Demo,0.28,0,0,1,1,1,2,6,57.6,0.28,Evaluation
D0100,NexGen Health,Healthcare,Mid-Market,85300.0,6,Evaluation,0.16,0,0,1,1,1,1,8,31.4,0.2,Negotiation
D0100,NexGen Health,Healthcare,Mid-Market,85300.0,7,Negotiation,0.21,0,0,1,1,1,2,9,21.2,0.23,Proposal
D0100,NexGen Health,Healthcare,Mid-Market,85300.0,8,Proposal,0.12,0,1,1,1,1,1,11,90.9,0.18,Lost
D0101,Beacon Robotics,Retail,Mid-Market,74900.0,1,Discovery,0.57,0,0,1,0,0,2,3,3.3,0.52,Discovery
D0101,Beacon Robotics,Retail,Mid-Market,74900.0,2,Discovery,0.62,0,0,1,1,1,2,14,19.2,0.55,Demo
D0101,Beacon Robotics,Retail,Mid-Market,74900.0,3,Demo,0.53,0,1,1,1,1,4,3,2.0,0.49,Evaluation
D0101,Beacon Robotics,Retail,Mid-Market,74900.0,4,Evaluation,0.59,0,1,1,1,1,1,4,17.9,0.53,Negotiation
D0101,Beacon Robotics,Retail,Mid-Market,74900.0,5,Negotiation,0.63,0,1,1,1,1,1,1,2.0,0.55,Proposal
D0101,Beacon Robotics,Retail,Mid-Market,74900.0,6,Proposal,0.62,0,1,1,1,1,3,14,3.6,0.55,Proposal
D0101,Beacon Robotics,Retail,Mid-Market,74900.0,7,Proposal,0.67,0,1,1,1,1,3,2,3.5,0.58,Closed Won
D0102,Prime Packaging,Financial Services,Startup,31800.0,1,Discovery,0.37,0,0,1,0,1,2,3,28.4,0.41,Discovery
D0102,Prime Packaging,Financial Services,Startup,31800.0,2,Discovery,0.31,0,0,1,1,1,3,7,37.2,0.37,Demo
D0102,Prime Packaging,Financial Services,Startup,31800.0,3,Demo,0.19,0,0,1,1,1,1,4,23.7,0.3,Evaluation
D0103,Novus Capital,Logistics,Mid-Market,154700.0,1,Discovery,0.62,0,0,1,0,1,2,4,16.0,0.5,Demo
D0103,Novus Capital,Logistics,Mid-Market,154700.0,2,Demo,0.49,1,0,1,0,1,3,3,11.4,0.43,Demo
D0103,Novus Capital,Logistics,Mid-Market,154700.0,3,Demo,0.46,1,0,1,0,1,4,4,68.9,0.41,Demo
D0103,Novus Capital,Logistics,Mid-Market,154700.0,4,Demo,0.31,1,0,1,1,1,1,13,8.6,0.32,Evaluation
D0103,Novus Capital,Logistics,Mid-Market,154700.0,5,Evaluation,0.34,2,1,1,1,1,4,13,112.2,0.34,Evaluation
D0103,Novus Capital,Logistics,Mid-Market,154700.0,6,Evaluation,0.21,2,1,1,1,1,3,7,2.0,0.26,Lost
D0104,Prime Packaging,Education,Startup,31200.0,1,Discovery,0.32,0,1,0,0,0,1,2,110.6,0.34,Discovery
D0104,Prime Packaging,Education,Startup,31200.0,2,Discovery,0.31,1,1,1,1,0,4,6,2.0,0.33,Discovery
D0104,Prime Packaging,Education,Startup,31200.0,3,Discovery,0.22,1,1,1,1,0,2,7,70.0,0.28,Lost
D0105,Frontier FinCorp,Education,Mid-Market,133600.0,1,Discovery,0.62,1,0,0,0,0,4,2,14.8,0.66,Discovery
D0105,Frontier FinCorp,Education,Mid-Market,133600.0,2,Discovery,0.65,1,0,1,0,1,1,10,97.7,0.68,Discovery
D0105,Frontier FinCorp,Education,Mid-Market,133600.0,3,Discovery,0.64,1,0,1,1,1,1,2,2.0,0.67,Demo
D0105,Frontier FinCorp,Education,Mid-Market,133600.0,4,Demo,0.68,1,0,1,1,1,3,11,15.9,0.69,Evaluation
D0105,Frontier FinCorp,Education,Mid-Market,133600.0,5,Evaluation,0.59,1,0,1,1,1,1,8,68.7,0.64,Negotiation
D0105,Frontier FinCorp,Education,Mid-Market,133600.0,6,Negotiation,0.7,1,0,1,1,1,2,10,14.6,0.71,Proposal
D0105,Frontier FinCorp,Education,Mid-Market,133600.0,7,Proposal,0.71,1,0,1,1,1,3,2,19.6,0.71,Proposal
D0106,Pulse Dynamics,Financial Services,Enterprise,224600.0,1,Discovery,0.4,0,1,1,0,0,1,4,17.0,0.42,Discovery
D0106,Pulse Dynamics,Financial Services,Enterprise,224600.0,2,Discovery,0.47,0,1,1,0,0,3,5,27.7,0.46,Discovery
D0107,Skyward Aerospace,Logistics,Startup,16500.0,1,Discovery,0.68,0,0,1,0,1,2,3,42.8,0.72,Demo
D0107,Skyward Aerospace,Logistics,Startup,16500.0,2,Demo,0.74,0,1,1,1,1,4,3,2.0,0.75,Evaluation
D0107,Skyward Aerospace,Logistics,Startup,16500.0,3,Evaluation,0.68,1,2,1,1,1,4,4,6.1,0.72,Negotiation
D0107,Skyward Aerospace,Logistics,Startup,16500.0,4,Negotiation,0.73,1,2,1,1,1,3,4,55.6,0.75,Proposal
D0107,Skyward Aerospace,Logistics,Startup,16500.0,5,Proposal,0.82,1,2,1,1,1,1,13,40.9,0.8,Closed Won
D0108,Vanguard Supply,Retail,Startup,28600.0,1,Discovery,0.58,0,0,1,0,0,2,5,15.5,0.55,Discovery
D0108,Vanguard Supply,Retail,Startup,28600.0,2,Discovery,0.53,0,1,1,1,1,2,7,24.7,0.52,Demo
D0108,Vanguard Supply,Retail,Startup,28600.0,3,Demo,0.53,1,2,1,1,1,1,10,8.3,0.52,Evaluation
D0108,Vanguard Supply,Retail,Startup,28600.0,4,Evaluation,0.52,2,2,1,1,1,3,10,5.3,0.51,Negotiation
D0108,Vanguard Supply,Retail,Startup,28600.0,5,Negotiation,0.6,2,2,1,1,1,2,10,15.9,0.56,Proposal
D0108,Vanguard Supply,Retail,Startup,28600.0,6,Proposal,0.5,2,2,1,1,1,4,14,11.1,0.5,Closed Won
D0109,Vector Mobility,Logistics,SMB,61000.0,1,Discovery,0.62,1,0,1,0,0,1,5,18.1,0.64,Discovery
D0109,Vector Mobility,Logistics,SMB,61000.0,2,Discovery,0.61,1,0,1,1,1,3,8,2.0,0.63,Demo
D0109,Vector Mobility,Logistics,SMB,61000.0,3,Demo,0.57,1,0,1,1,1,2,6,75.7,0.61,Evaluation
D0109,Vector Mobility,Logistics,SMB,61000.0,4,Evaluation,0.68,2,0,1,1,1,4,6,88.5,0.68,Negotiation
D0110,Solstice Media,Healthcare,SMB,57700.0,1,Discovery,0.69,0,0,0,0,0,4,3,16.7,0.66,Discovery
D0110,Solstice Media,Healthcare,SMB,57700.0,2,Discovery,0.74,1,0,0,0,1,2,3,8.1,0.69,Demo
D0110,Solstice Media,Healthcare,SMB,57700.0,3,Demo,0.65,2,0,0,1,1,2,2,36.6,0.64,Evaluation
D0110,Solstice Media,Healthcare,SMB,57700.0,4,Evaluation,0.75,2,1,0,1,1,1,7,25.1,0.7,Negotiation
D0110,Solstice Media,Healthcare,SMB,57700.0,5,Negotiation,0.68,2,1,0,1,1,3,7,3.9,0.66,Proposal
D0110,Solstice Media,Healthcare,SMB,57700.0,6,Proposal,0.65,2,1,0,1,1,2,9,52.7,0.64,Proposal
D0111,Acuity Networks,Financial Services,Mid-Market,113400.0,1,Discovery,0.74,0,1,1,0,1,4,1,57.0,0.74,Demo
D0111,Acuity Networks,Financial Services,Mid-Market,113400.0,2,Demo,0.74,1,1,1,1,1,2,14,24.6,0.74,Evaluation
D0111,Acuity Networks,Financial Services,Mid-Market,113400.0,3,Evaluation,0.68,1,1,1,1,1,4,1,18.1,0.71,Negotiation
D0111,Acuity Networks,Financial Services,Mid-Market,113400.0,4,Negotiation,0.66,1,1,1,1,1,4,9,10.3,0.69,Proposal
D0111,Acuity Networks,Financial Services,Mid-Market,113400.0,5,Proposal,0.74,1,1,1,1,1,1,5,51.4,0.74,Proposal
D0112,Prime Packaging,Healthcare,SMB,32600.0,1,Discovery,0.49,0,1,1,0,0,3,1,2.0,0.61,Discovery
D0112,Prime Packaging,Healthcare,SMB,32600.0,2,Discovery,0.56,0,1,1,1,0,2,8,2.0,0.65,Demo
D0112,Prime Packaging,Healthcare,SMB,32600.0,3,Demo,0.56,1,2,1,1,0,1,6,8.7,0.65,Lost
D0113,Synthetix Labs,Manufacturing,Mid-Market,142800.0,1,Discovery,0.39,0,0,0,0,1,2,4,63.3,0.34,Discovery
D0113,Synthetix Labs,Manufacturing,Mid-Market,142800.0,2,Discovery,0.37,0,0,1,0,1,4,4,166.0,0.33,Lost
D0114,Prime Packaging,Logistics,SMB,43000.0,1,Discovery,0.36,1,0,0,0,1,2,1,6.8,0.31,Discovery
D0114,Prime Packaging,Logistics,SMB,43000.0,2,Discovery,0.25,1,0,0,0,1,1,4,37.6,0.24,Lost
D0115,Prime Packaging,Technology,Mid-Market,93800.0,1,Discovery,0.54,0,0,1,0,0,2,3,8.8,0.64,Discovery
D0115,Prime Packaging,Technology,Mid-Market,93800.0,2,Discovery,0.47,0,0,1,1,1,3,11,64.2,0.59,Demo
D0115,Prime Packaging,Technology,Mid-Market,93800.0,3,Demo,0.49,0,0,1,1,1,4,1,33.8,0.61,Evaluation
D0115,Prime Packaging,Technology,Mid-Market,93800.0,4,Evaluation,0.58,0,0,1,1,1,3,9,33.4,0.66,Negotiation
D0115,Prime Packaging,Technology,Mid-Market,93800.0,5,Negotiation,0.58,0,0,1,1,1,1,3,11.6,0.66,Proposal
D0115,Prime Packaging,Technology,Mid-Market,93800.0,6,Proposal,0.62,0,0,1,1,1,4,13,9.8,0.68,Closed Won
D0116,BrightPath Logistics,Logistics,Enterprise,308400.0,1,Discovery,0.47,0,1,0,0,1,2,5,11.2,0.41,Demo
D0116,BrightPath Logistics,Logistics,Enterprise,308400.0,2,Demo,0.43,0,2,0,0,1,1,2,2.0,0.38,Evaluation
D0116,BrightPath Logistics,Logistics,Enterprise,308400.0,3,Evaluation,0.4,0,2,0,0,1,1,2,70.1,0.37,Evaluation
D0116,BrightPath Logistics,Logistics,Enterprise,308400.0,4,Evaluation,0.46,0,3,0,0,1,1,5,58.7,0.4,Lost
D0117,Prime Packaging,Education,Startup,29600.0,1,Discovery,0.59,0,0,0,0,1,3,4,337.1,0.45,Lost
D0118,Summit BioPharma,Financial Services,Startup,27600.0,1,Discovery,0.59,0,0,1,0,0,2,2,142.6,0.56,Discovery
D0118,Summit BioPharma,Financial Services,Startup,27600.0,2,Discovery,0.71,0,1,1,1,1,1,7,20.3,0.63,Demo
D0118,Summit BioPharma,Financial Services,Startup,27600.0,3,Demo,0.7,0,1,1,1,1,3,8,36.7,0.63,Evaluation
D0119,Novus Capital,Manufacturing,SMB,47600.0,1,Discovery,0.67,0,0,1,0,0,1,3,34.9,0.71,Discovery
D0119,Novus Capital,Manufacturing,SMB,47600.0,2,Discovery,0.69,0,0,1,0,0,3,14,5.2,0.72,Demo
D0120,Pulse Dynamics,Manufacturing,Mid-Market,69200.0,1,Discovery,0.63,0,0,1,0,0,4,3,3.9,0.55,Discovery
D0120,Pulse Dynamics,Manufacturing,Mid-Market,69200.0,2,Discovery,0.56,0,0,1,0,1,3,10,86.6,0.51,Discovery
D0120,Pulse Dynamics,Manufacturing,Mid-Market,69200.0,3,Discovery,0.56,0,0,1,0,1,4,14,26.2,0.51,Demo
D0121,Apex Cloud Systems,Technology,Mid-Market,159700.0,1,Discovery,0.7,1,1,1,0,0,2,1,20.4,0.73,Discovery
D0121,Apex Cloud Systems,Technology,Mid-Market,159700.0,2,Discovery,0.71,1,1,1,1,1,4,1,17.6,0.74,Demo
D0121,Apex Cloud Systems,Technology,Mid-Market,159700.0,3,Demo,0.73,1,1,1,1,1,4,4,8.1,0.75,Evaluation
D0121,Apex Cloud Systems,Technology,Mid-Market,159700.0,4,Evaluation,0.65,1,1,1,1,1,1,4,2.2,0.7,Negotiation
D0121,Apex Cloud Systems,Technology,Mid-Market,159700.0,5,Negotiation,0.72,1,1,1,1,1,4,7,20.4,0.75,Proposal
D0121,Apex Cloud Systems,Technology,Mid-Market,159700.0,6,Proposal,0.63,1,2,1,1,1,3,3,13.5,0.69,Proposal
D0121,Apex Cloud Systems,Technology,Mid-Market,159700.0,7,Proposal,0.67,1,3,1,1,1,3,4,27.1,0.72,Lost
D0122,Synthetix Labs,Education,SMB,42200.0,1,Discovery,0.68,1,0,1,0,1,3,1,15.0,0.68,Demo
D0122,Synthetix Labs,Education,SMB,42200.0,2,Demo,0.59,1,0,1,1,1,1,3,39.0,0.63,Evaluation
D0122,Synthetix Labs,Education,SMB,42200.0,3,Evaluation,0.64,2,0,1,1,1,3,4,16.4,0.66,Negotiation
D0122,Synthetix Labs,Education,SMB,42200.0,4,Negotiation,0.59,2,0,1,1,1,3,11,16.8,0.63,Proposal
D0122,Synthetix Labs,Education,SMB,42200.0,5,Proposal,0.53,2,1,1,1,1,1,7,42.7,0.59,Closed Won
D0123,OmniCommerce,Technology,Startup,32900.0,1,Discovery,0.54,0,1,1,0,1,1,2,16.0,0.48,Demo
D0123,OmniCommerce,Technology,Startup,32900.0,2,Demo,0.58,0,1,1,0,1,3,9,4.4,0.5,Evaluation
D0123,OmniCommerce,Technology,Startup,32900.0,3,Evaluation,0.6,0,2,1,1,1,3,1,2.0,0.51,Negotiation
D0123,OmniCommerce,Technology,Startup,32900.0,4,Negotiation,0.59,0,2,1,1,1,2,9,43.4,0.51,Proposal
D0123,OmniCommerce,Technology,Startup,32900.0,5,Proposal,0.64,0,2,1,1,1,2,8,29.9,0.54,Closed Won
D0124,OmniCommerce,Financial Services,Enterprise,218900.0,1,Discovery,0.67,0,1,1,0,1,2,5,23.2,0.7,Demo
D0124,OmniCommerce,Financial Services,Enterprise,218900.0,2,Demo,0.67,0,1,1,0,1,1,3,4.6,0.7,Evaluation
D0124,OmniCommerce,Financial Services,Enterprise,218900.0,3,Evaluation,0.7,0,1,1,1,1,3,14,2.8,0.72,Negotiation
D0125,Cascade Security,Education,Mid-Market,131200.0,1,Discovery,0.41,0,1,1,0,1,2,2,12.4,0.42,Demo
D0125,Cascade Security,Education,Mid-Market,131200.0,2,Demo,0.47,0,2,1,0,1,2,7,25.7,0.45,Evaluation
D0125,Cascade Security,Education,Mid-Market,131200.0,3,Evaluation,0.5,0,2,1,0,1,4,8,14.4,0.47,Negotiation
D0125,Cascade Security,Education,Mid-Market,131200.0,4,Negotiation,0.47,0,2,1,0,1,4,10,16.6,0.45,Proposal
D0125,Cascade Security,Education,Mid-Market,131200.0,5,Proposal,0.55,0,3,1,1,1,1,11,67.6,0.5,Closed Won
D0126,Novus Capital,Technology,SMB,50800.0,1,Discovery,0.59,0,0,0,0,0,4,4,9.9,0.59,Discovery
D0126,Novus Capital,Technology,SMB,50800.0,2,Discovery,0.62,0,1,1,1,1,2,1,16.7,0.6,Demo
D0127,Summit BioPharma,Retail,Startup,16800.0,1,Discovery,0.72,0,0,1,0,1,1,1,11.5,0.67,Demo
D0127,Summit BioPharma,Retail,Startup,16800.0,2,Demo,0.74,0,0,1,1,1,2,13,22.2,0.68,Evaluation
D0127,Summit BioPharma,Retail,Startup,16800.0,3,Evaluation,0.71,0,1,1,1,1,2,11,45.2,0.66,Negotiation
D0127,Summit BioPharma,Retail,Startup,16800.0,4,Negotiation,0.61,0,1,1,1,1,4,12,68.1,0.6,Proposal
D0127,Summit BioPharma,Retail,Startup,16800.0,5,Proposal,0.64,0,1,1,1,1,3,13,3.6,0.62,Closed Won
D0128,Summit BioPharma,Financial Services,Mid-Market,105400.0,1,Discovery,0.41,0,1,0,0,0,3,2,70.7,0.43,Lost
D0129,Vector Mobility,Technology,Mid-Market,143800.0,1,Discovery,0.34,0,0,1,0,1,2,4,21.1,0.36,Discovery
D0129,Vector Mobility,Technology,Mid-Market,143800.0,2,Discovery,0.4,1,0,1,0,1,2,9,9.3,0.39,Discovery
D0130,Solstice Media,Financial Services,SMB,35500.0,1,Discovery,0.3,0,0,1,0,0,1,5,134.1,0.31,Discovery
D0130,Solstice Media,Financial Services,SMB,35500.0,2,Discovery,0.34,0,0,1,0,0,3,9,23.2,0.33,Discovery
D0131,Kestrel Instruments,Financial Services,Enterprise,215200.0,1,Discovery,0.56,0,0,0,0,0,1,2,30.1,0.5,Discovery
D0131,Kestrel Instruments,Financial Services,Enterprise,215200.0,2,Discovery,0.6,0,0,1,1,1,1,6,8.2,0.52,Demo
D0131,Kestrel Instruments,Financial Services,Enterprise,215200.0,3,Demo,0.46,0,0,1,1,1,3,4,2.4,0.44,Evaluation
D0131,Kestrel Instruments,Financial Services,Enterprise,215200.0,4,Evaluation,0.42,0,0,1,1,1,4,3,4.1,0.41,Negotiation
D0131,Kestrel Instruments,Financial Services,Enterprise,215200.0,5,Negotiation,0.43,0,0,1,1,1,4,14,4.1,0.42,Proposal
D0131,Kestrel Instruments,Financial Services,Enterprise,215200.0,6,Proposal,0.36,0,0,1,1,1,1,9,4.9,0.38,Proposal
D0131,Kestrel Instruments,Financial Services,Enterprise,215200.0,7,Proposal,0.35,0,1,1,1,1,1,5,4.5,0.37,Closed Won
D0132,Everline Retail,Education,Mid-Market,90800.0,1,Discovery,0.46,0,0,1,0,1,1,4,20.2,0.56,Demo
D0132,Everline Retail,Education,Mid-Market,90800.0,2,Demo,0.46,0,0,1,1,1,2,5,4.0,0.56,Evaluation
D0132,Everline Retail,Education,Mid-Market,90800.0,3,Evaluation,0.55,0,0,1,1,1,4,1,8.3,0.62,Negotiation
D0132,Everline Retail,Education,Mid-Market,90800.0,4,Negotiation,0.6,0,0,1,1,1,3,5,44.7,0.65,Proposal
D0132,Everline Retail,Education,Mid-Market,90800.0,5,Proposal,0.5,0,0,1,1,1,2,3,12.6,0.59,Proposal
D0132,Everline Retail,Education,Mid-Market,90800.0,6,Proposal,0.57,1,1,1,1,1,1,11,21.7,0.63,Closed Won
D0133,Summit BioPharma,Manufacturing,Startup,15700.0,1,Discovery,0.62,0,0,1,0,1,2,3,4.7,0.58,Demo
D0133,Summit BioPharma,Manufacturing,Startup,15700.0,2,Demo,0.65,0,0,1,1,1,3,9,5.3,0.6,Evaluation
D0133,Summit BioPharma,Manufacturing,Startup,15700.0,3,Evaluation,0.56,0,1,1,1,1,1,3,2.0,0.54,Negotiation
D0133,Summit BioPharma,Manufacturing,Startup,15700.0,4,Negotiation,0.59,0,2,1,1,1,1,11,4.6,0.56,Proposal
D0133,Summit BioPharma,Manufacturing,Startup,15700.0,5,Proposal,0.64,0,2,1,1,1,4,10,8.2,0.59,Closed Won
D0134,Aegis Software,Education,SMB,31600.0,1,Discovery,0.59,0,1,0,0,0,3,4,4.0,0.63,Discovery
D0134,Aegis Software,Education,SMB,31600.0,2,Discovery,0.66,0,1,0,0,1,3,14,2.0,0.67,Demo
D0134,Aegis Software,Education,SMB,31600.0,3,Demo,0.6,1,1,0,1,1,4,6,2.6,0.64,Evaluation
D0134,Aegis Software,Education,SMB,31600.0,4,Evaluation,0.66,1,1,0,1,1,3,13,12.5,0.67,Negotiation
D0134,Aegis Software,Education,SMB,31600.0,5,Negotiation,0.65,2,1,0,1,1,3,2,4.7,0.67,Proposal
D0134,Aegis Software,Education,SMB,31600.0,6,Proposal,0.63,2,1,0,1,1,2,7,9.2,0.65,Closed Won
D0135,Synthetix Labs,Logistics,SMB,64200.0,1,Discovery,0.47,0,0,0,0,1,2,2,19.1,0.47,Demo
D0135,Synthetix Labs,Logistics,SMB,64200.0,2,Demo,0.41,0,0,0,1,1,4,10,31.9,0.43,Evaluation
D0135,Synthetix Labs,Logistics,SMB,64200.0,3,Evaluation,0.34,0,0,0,1,1,1,10,2.0,0.39,Negotiation
D0135,Synthetix Labs,Logistics,SMB,64200.0,4,Negotiation,0.4,0,0,0,1,1,1,11,43.7,0.42,Proposal
D0135,Synthetix Labs,Logistics,SMB,64200.0,5,Proposal,0.32,0,0,0,1,1,1,11,26.9,0.38,Closed Won
D0136,Cobalt Freight,Healthcare,Startup,31700.0,1,Discovery,0.48,0,0,0,0,0,3,4,2.6,0.44,Discovery
D0136,Cobalt Freight,Healthcare,Startup,31700.0,2,Discovery,0.39,1,1,1,0,0,3,14,64.2,0.39,Lost
D0137,Acuity Networks,Logistics,SMB,56300.0,1,Discovery,0.59,1,0,0,0,1,2,5,55.2,0.6,Discovery
D0137,Acuity Networks,Logistics,SMB,56300.0,2,Discovery,0.68,1,1,1,0,1,2,7,2.0,0.66,Demo
D0137,Acuity Networks,Logistics,SMB,56300.0,3,Demo,0.78,2,1,1,0,1,4,11,7.1,0.72,Evaluation
D0137,Acuity Networks,Logistics,SMB,56300.0,4,Evaluation,0.76,2,1,1,1,1,4,12,35.7,0.71,Negotiation
D0137,Acuity Networks,Logistics,SMB,56300.0,5,Negotiation,0.82,2,1,1,1,1,2,4,30.0,0.74,Proposal
D0137,Acuity Networks,Logistics,SMB,56300.0,6,Proposal,0.88,2,1,1,1,1,4,5,4.4,0.78,Closed Won
D0138,Prime Packaging,Logistics,Startup,27700.0,1,Discovery,0.69,0,0,1,0,0,1,1,5.9,0.62,Demo
D0138,Prime Packaging,Logistics,Startup,27700.0,2,Demo,0.69,0,1,1,1,0,3,9,11.6,0.62,Evaluation
D0138,Prime Packaging,Logistics,Startup,27700.0,3,Evaluation,0.6,0,1,1,1,0,3,8,16.7,0.57,Negotiation
D0138,Prime Packaging,Logistics,Startup,27700.0,4,Negotiation,0.63,1,1,1,1,0,3,10,24.2,0.58,Proposal
D0138,Prime Packaging,Logistics,Startup,27700.0,5,Proposal,0.55,1,2,1,1,0,3,11,11.6,0.54,Closed Won
D0139,Veritas Analytics,Manufacturing,SMB,37800.0,1,Discovery,0.63,0,0,0,0,1,2,5,13.2,0.64,Demo
D0139,Veritas Analytics,Manufacturing,SMB,37800.0,2,Demo,0.7,0,0,0,1,1,1,14,29.3,0.68,Evaluation
D0139,Veritas Analytics,Manufacturing,SMB,37800.0,3,Evaluation,0.65,0,0,0,1,1,4,7,2.0,0.65,Negotiation
D0139,Veritas Analytics,Manufacturing,SMB,37800.0,4,Negotiation,0.65,0,1,0,1,1,3,12,6.2,0.65,Proposal
D0139,Veritas Analytics,Manufacturing,SMB,37800.0,5,Proposal,0.6,0,1,0,1,1,3,8,26.6,0.62,Proposal
D0139,Veritas Analytics,Manufacturing,SMB,37800.0,6,Proposal,0.56,0,1,0,1,1,4,7,48.1,0.59,Proposal
D0139,Veritas Analytics,Manufacturing,SMB,37800.0,7,Proposal,0.66,0,2,0,1,1,3,7,15.3,0.65,Closed Won
D0140,Vector Mobility,Retail,Mid-Market,125200.0,1,Discovery,0.45,0,0,0,0,1,3,1,24.3,0.42,Demo
D0140,Vector Mobility,Retail,Mid-Market,125200.0,2,Demo,0.3,0,0,0,1,1,2,10,3.6,0.33,Evaluation
D0140,Vector Mobility,Retail,Mid-Market,125200.0,3,Evaluation,0.23,0,0,0,1,1,1,1,18.9,0.28,Negotiation
D0140,Vector Mobility,Retail,Mid-Market,125200.0,4,Negotiation,0.22,0,1,0,1,1,3,12,24.3,0.28,Proposal
D0141,Apex Cloud Systems,Retail,Mid-Market,150000.0,1,Discovery,0.73,1,0,1,0,0,3,2,7.6,0.65,Discovery
D0141,Apex Cloud Systems,Retail,Mid-Market,150000.0,2,Discovery,0.64,2,0,1,0,1,3,7,11.5,0.6,Discovery
D0141,Apex Cloud Systems,Retail,Mid-Market,150000.0,3,Discovery,0.65,3,1,1,1,1,3,14,2.0,0.61,Lost
D0142,Aegis Software,Retail,Startup,25400.0,1,Discovery,0.59,0,1,1,0,0,1,1,7.4,0.65,Discovery
D0142,Aegis Software,Retail,Startup,25400.0,2,Discovery,0.62,0,1,1,1,1,1,11,4.5,0.67,Demo
D0142,Aegis Software,Retail,Startup,25400.0,3,Demo,0.54,0,1,1,1,1,4,9,7.5,0.62,Evaluation
D0142,Aegis Software,Retail,Startup,25400.0,4,Evaluation,0.56,0,2,1,1,1,1,4,2.4,0.64,Negotiation
D0142,Aegis Software,Retail,Startup,25400.0,5,Negotiation,0.48,0,2,1,1,1,3,6,42.0,0.59,Proposal
D0142,Aegis Software,Retail,Startup,25400.0,6,Proposal,0.42,0,2,1,1,1,3,9,17.1,0.55,Closed Won
D0143,BlueShift AI,Logistics,Startup,26800.0,1,Discovery,0.77,0,1,0,0,1,1,4,21.8,0.76,Demo
D0143,BlueShift AI,Logistics,Startup,26800.0,2,Demo,0.79,0,1,0,1,1,2,10,29.9,0.77,Evaluation
D0143,BlueShift AI,Logistics,Startup,26800.0,3,Evaluation,0.86,1,2,0,1,1,4,14,13.2,0.81,Negotiation
D0143,BlueShift AI,Logistics,Startup,26800.0,4,Negotiation,0.86,1,2,0,1,1,4,1,2.0,0.81,Proposal
D0143,BlueShift AI,Logistics,Startup,26800.0,5,Proposal,0.79,1,3,0,1,1,2,11,14.8,0.77,Proposal
D0143,BlueShift AI,Logistics,Startup,26800.0,6,Proposal,0.83,1,3,0,1,1,1,8,17.0,0.79,Proposal
D0143,BlueShift AI,Logistics,Startup,26800.0,7,Proposal,0.75,1,3,0,1,1,1,14,26.3,0.75,Proposal
D0144,Solstice Media,Technology,Enterprise,252500.0,1,Discovery,0.52,1,1,1,0,1,2,5,5.1,0.42,Discovery
D0144,Solstice Media,Technology,Enterprise,252500.0,2,Discovery,0.46,1,1,1,1,1,4,3,12.5,0.39,Demo
D0144,Solstice Media,Technology,Enterprise,252500.0,3,Demo,0.45,1,1,1,1,1,1,3,16.8,0.38,Evaluation
D0144,Solstice Media,Technology,Enterprise,252500.0,4,Evaluation,0.33,1,2,1,1,1,4,5,38.7,0.31,Lost
D0145,Cobalt Freight,Retail,Startup,12700.0,1,Discovery,0.5,0,1,1,0,0,1,4,18.7,0.55,Discovery
D0145,Cobalt Freight,Retail,Startup,12700.0,2,Discovery,0.54,0,1,1,0,0,1,2,9.7,0.57,Discovery
D0145,Cobalt Freight,Retail,Startup,12700.0,3,Discovery,0.55,0,1,1,1,1,3,4,95.1,0.58,Demo
D0145,Cobalt Freight,Retail,Startup,12700.0,4,Demo,0.63,1,1,1,1,1,1,3,20.6,0.62,Evaluation
D0145,Cobalt Freight,Retail,Startup,12700.0,5,Evaluation,0.7,1,2,1,1,1,4,13,6.0,0.67,Negotiation
D0145,Cobalt Freight,Retail,Startup,12700.0,6,Negotiation,0.69,1,2,1,1,1,1,8,2.4,0.66,Proposal
D0145,Cobalt Freight,Retail,Startup,12700.0,7,Proposal,0.78,1,2,1,1,1,3,12,3.7,0.71,Closed Won
D0146,Pulse Dynamics,Technology,SMB,49200.0,1,Discovery,0.54,0,1,1,0,1,4,5,5.4,0.62,Demo
D0146,Pulse Dynamics,Technology,SMB,49200.0,2,Demo,0.46,0,1,1,1,1,2,5,3.4,0.57,Evaluation
D0146,Pulse Dynamics,Technology,SMB,49200.0,3,Evaluation,0.53,1,1,1,1,1,4,8,4.0,0.61,Negotiation
D0147,Atlas Energy,Retail,Mid-Market,87900.0,1,Discovery,0.86,0,0,1,0,1,3,2,4.1,0.77,Demo
D0147,Atlas Energy,Retail,Mid-Market,87900.0,2,Demo,0.77,0,0,1,0,1,4,1,48.8,0.72,Evaluation
D0147,Atlas Energy,Retail,Mid-Market,87900.0,3,Evaluation,0.72,0,0,1,1,1,4,9,2.0,0.69,Negotiation
D0147,Atlas Energy,Retail,Mid-Market,87900.0,4,Negotiation,0.76,1,0,1,1,1,1,9,16.0,0.71,Proposal
D0147,Atlas Energy,Retail,Mid-Market,87900.0,5,Proposal,0.82,1,0,1,1,1,1,2,11.3,0.75,Closed Won
D0148,Cobalt Freight,Retail,Mid-Market,147400.0,1,Discovery,0.56,0,0,1,0,0,1,1,113.0,0.51,Discovery
D0148,Cobalt Freight,Retail,Mid-Market,147400.0,2,Discovery,0.63,0,1,1,1,0,2,10,3.3,0.56,Demo
D0148,Cobalt Freight,Retail,Mid-Market,147400.0,3,Demo,0.56,0,1,1,1,1,3,11,14.2,0.51,Evaluation
D0148,Cobalt Freight,Retail,Mid-Market,147400.0,4,Evaluation,0.44,1,2,1,1,1,1,3,97.6,0.44,Negotiation
D0148,Cobalt Freight,Retail,Mid-Market,147400.0,5,Negotiation,0.39,2,2,1,1,1,2,13,56.1,0.41,Lost
D0149,Frontier FinCorp,Manufacturing,SMB,50100.0,1,Discovery,0.83,0,0,1,0,1,3,5,34.1,0.78,Demo
D0149,Frontier FinCorp,Manufacturing,SMB,50100.0,2,Demo,0.94,0,0,1,0,1,2,2,6.0,0.84,Evaluation
D0149,Frontier FinCorp,Manufacturing,SMB,50100.0,3,Evaluation,0.95,0,0,1,1,1,2,2,3.8,0.85,Negotiation
D0149,Frontier FinCorp,Manufacturing,SMB,50100.0,4,Negotiation,0.93,0,1,1,1,1,1,11,22.1,0.84,Proposal
D0149,Frontier FinCorp,Manufacturing,SMB,50100.0,5,Proposal,0.96,0,2,1,1,1,1,8,53.1,0.86,Closed Won
D0150,Acuity Networks,Financial Services,SMB,57300.0,1,Discovery,0.58,0,0,1,0,0,4,5,24.6,0.51,Discovery
D0150,Acuity Networks,Financial Services,SMB,57300.0,2,Discovery,0.47,1,0,1,1,0,4,4,25.6,0.44,Discovery
D0150,Acuity Networks,Financial Services,SMB,57300.0,3,Discovery,0.36,1,0,1,1,0,3,3,9.9,0.37,Discovery
D0150,Acuity Networks,Financial Services,SMB,57300.0,4,Discovery,0.37,1,1,1,1,1,1,2,44.3,0.38,Demo
D0150,Acuity Networks,Financial Services,SMB,57300.0,5,Demo,0.23,2,2,1,1,1,2,6,6.3,0.3,Demo
D0150,Acuity Networks,Financial Services,SMB,57300.0,6,Demo,0.15,3,2,1,1,1,2,13,11.8,0.25,Demo
D0150,Acuity Networks,Financial Services,SMB,57300.0,7,Demo,0.12,3,2,1,1,1,2,13,16.7,0.23,Lost
D0151,Skyward Aerospace,Financial Services,Startup,8700.0,1,Discovery,0.74,0,1,1,0,0,3,1,16.6,0.67,Demo
D0151,Skyward Aerospace,Financial Services,Startup,8700.0,2,Demo,0.66,0,1,1,1,1,2,5,6.5,0.62,Evaluation
D0151,Skyward Aerospace,Financial Services,Startup,8700.0,3,Evaluation,0.76,0,1,1,1,1,4,9,2.8,0.68,Negotiation
D0152,Frontier FinCorp,Manufacturing,Enterprise,321100.0,1,Discovery,0.68,0,0,1,0,0,4,4,13.5,0.51,Discovery
D0152,Frontier FinCorp,Manufacturing,Enterprise,321100.0,2,Discovery,0.74,0,0,1,1,0,1,3,34.6,0.55,Demo
D0152,Frontier FinCorp,Manufacturing,Enterprise,321100.0,3,Demo,0.72,0,0,1,1,1,4,10,6.7,0.53,Evaluation
D0152,Frontier FinCorp,Manufacturing,Enterprise,321100.0,4,Evaluation,0.76,1,1,1,1,1,2,12,26.1,0.56,Negotiation
D0152,Frontier FinCorp,Manufacturing,Enterprise,321100.0,5,Negotiation,0.68,1,2,1,1,1,3,14,30.2,0.51,Proposal
D0152,Frontier FinCorp,Manufacturing,Enterprise,321100.0,6,Proposal,0.69,1,2,1,1,1,4,11,2.1,0.52,Closed Won
D0153,Everline Retail,Education,SMB,74700.0,1,Discovery,0.34,0,0,0,0,0,4,4,16.8,0.3,Discovery
D0153,Everline Retail,Education,SMB,74700.0,2,Discovery,0.35,1,0,0,0,1,1,10,5.9,0.31,Discovery
D0153,Everline Retail,Education,SMB,74700.0,3,Discovery,0.27,1,1,1,1,1,2,6,2.7,0.26,Demo
D0153,Everline Retail,Education,SMB,74700.0,4,Demo,0.32,1,1,1,1,1,2,2,188.2,0.29,Demo
D0153,Everline Retail,Education,SMB,74700.0,5,Demo,0.17,2,1,1,1,1,3,5,15.9,0.2,Demo
D0153,Everline Retail,Education,SMB,74700.0,6,Demo,0.12,2,2,1,1,1,4,6,67.9,0.17,Lost
D0154,Beacon Robotics,Financial Services,Mid-Market,155200.0,1,Discovery,0.68,0,0,1,0,1,4,1,5.8,0.69,Demo
D0154,Beacon Robotics,Financial Services,Mid-Market,155200.0,2,Demo,0.79,0,0,1,1,1,3,5,22.7,0.76,Evaluation
D0154,Beacon Robotics,Financial Services,Mid-Market,155200.0,3,Evaluation,0.76,0,0,1,1,1,3,3,28.3,0.74,Negotiation
D0154,Beacon Robotics,Financial Services,Mid-Market,155200.0,4,Negotiation,0.66,0,1,1,1,1,2,4,18.0,0.68,Proposal
D0154,Beacon Robotics,Financial Services,Mid-Market,155200.0,5,Proposal,0.57,0,1,1,1,1,4,8,12.6,0.63,Closed Won
D0155,Vanguard Supply,Technology,Startup,26000.0,1,Discovery,0.76,1,0,1,0,1,2,2,11.2,0.72,Demo
D0155,Vanguard Supply,Technology,Startup,26000.0,2,Demo,0.78,1,0,1,1,1,2,3,9.1,0.73,Evaluation
D0156,Summit BioPharma,Financial Services,Enterprise,229200.0,1,Discovery,0.62,0,0,0,0,0,2,1,39.0,0.62,Discovery
D0156,Summit BioPharma,Financial Services,Enterprise,229200.0,2,Discovery,0.64,0,0,1,1,1,3,13,73.7,0.63,Demo
D0156,Summit BioPharma,Financial Services,Enterprise,229200.0,3,Demo,0.73,1,0,1,1,1,1,1,2.9,0.69,Evaluation
D0157,Skyward Aerospace,Manufacturing,Startup,35000.0,1,Discovery,0.49,0,0,1,0,1,1,5,72.2,0.49,Discovery
D0157,Skyward Aerospace,Manufacturing,Startup,35000.0,2,Discovery,0.39,0,0,1,1,1,1,3,5.2,0.43,Demo
D0158,Helix Diagnostics,Retail,SMB,58300.0,1,Discovery,0.58,0,0,1,0,1,4,2,25.1,0.66,Demo
D0158,Helix Diagnostics,Retail,SMB,58300.0,2,Demo,0.63,0,0,1,0,1,1,2,15.9,0.69,Evaluation
D0158,Helix Diagnostics,Retail,SMB,58300.0,3,Evaluation,0.57,1,0,1,1,1,3,3,34.2,0.65,Negotiation
D0158,Helix Diagnostics,Retail,SMB,58300.0,4,Negotiation,0.59,1,0,1,1,1,4,11,2.8,0.66,Proposal
D0158,Helix Diagnostics,Retail,SMB,58300.0,5,Proposal,0.57,2,0,1,1,1,1,13,29.4,0.65,Closed Won
D0159,Coastal Foods Ltd,Healthcare,SMB,68000.0,1,Discovery,0.36,0,0,1,0,1,2,4,7.0,0.37,Demo
D0159,Coastal Foods Ltd,Healthcare,SMB,68000.0,2,Demo,0.32,0,0,1,1,1,4,9,5.5,0.34,Evaluation
D0159,Coastal Foods Ltd,Healthcare,SMB,68000.0,3,Evaluation,0.25,0,1,1,1,1,3,7,5.6,0.3,Negotiation
D0159,Coastal Foods Ltd,Healthcare,SMB,68000.0,4,Negotiation,0.33,0,1,1,1,1,1,13,52.1,0.35,Proposal
D0159,Coastal Foods Ltd,Healthcare,SMB,68000.0,5,Proposal,0.39,1,1,1,1,1,3,7,33.9,0.39,Lost
D0160,Trident Tech,Technology,SMB,26000.0,1,Discovery,0.49,0,0,1,0,0,4,4,22.4,0.45,Discovery
D0160,Trident Tech,Technology,SMB,26000.0,2,Discovery,0.46,0,0,1,0,1,3,7,13.4,0.43,Demo
D0160,Trident Tech,Technology,SMB,26000.0,3,Demo,0.46,0,1,1,1,1,3,13,63.4,0.43,Evaluation
D0160,Trident Tech,Technology,SMB,26000.0,4,Evaluation,0.44,0,1,1,1,1,1,13,15.1,0.42,Negotiation
D0160,Trident Tech,Technology,SMB,26000.0,5,Negotiation,0.43,0,1,1,1,1,2,13,51.3,0.42,Proposal
D0161,Cascade Security,Education,SMB,58200.0,1,Discovery,0.44,0,0,0,0,0,4,5,14.5,0.42,Discovery
D0161,Cascade Security,Education,SMB,58200.0,2,Discovery,0.41,0,0,1,0,0,4,3,19.0,0.4,Discovery
D0161,Cascade Security,Education,SMB,58200.0,3,Discovery,0.29,1,1,1,0,1,4,10,11.0,0.33,Discovery
D0161,Cascade Security,Education,SMB,58200.0,4,Discovery,0.2,1,1,1,0,1,4,5,42.1,0.28,Lost
D0162,NexGen Health,Manufacturing,Mid-Market,83600.0,1,Discovery,0.27,0,0,1,0,0,3,2,23.2,0.3,Lost
D0163,Apex Cloud Systems,Technology,SMB,65200.0,1,Discovery,0.66,0,0,0,0,1,4,1,6.0,0.63,Demo
D0163,Apex Cloud Systems,Technology,SMB,65200.0,2,Demo,0.74,0,0,0,0,1,4,2,52.0,0.68,Evaluation
D0163,Apex Cloud Systems,Technology,SMB,65200.0,3,Evaluation,0.67,0,0,0,0,1,2,14,11.0,0.64,Negotiation
D0164,Synthetix Labs,Financial Services,Mid-Market,140600.0,1,Discovery,0.48,0,0,1,0,1,2,1,50.4,0.55,Demo
D0164,Synthetix Labs,Financial Services,Mid-Market,140600.0,2,Demo,0.43,0,0,1,1,1,3,9,20.8,0.52,Evaluation
D0164,Synthetix Labs,Financial Services,Mid-Market,140600.0,3,Evaluation,0.54,0,1,1,1,1,2,5,2.6,0.58,Negotiation
D0164,Synthetix Labs,Financial Services,Mid-Market,140600.0,4,Negotiation,0.61,0,1,1,1,1,1,10,59.8,0.62,Proposal
D0164,Synthetix Labs,Financial Services,Mid-Market,140600.0,5,Proposal,0.69,0,1,1,1,1,3,4,21.0,0.67,Closed Won
D0165,Vector Mobility,Healthcare,Enterprise,209300.0,1,Discovery,0.72,0,0,1,0,0,3,3,7.8,0.73,Demo
D0165,Vector Mobility,Healthcare,Enterprise,209300.0,2,Demo,0.81,0,1,1,0,0,3,8,2.9,0.78,Evaluation
D0165,Vector Mobility,Healthcare,Enterprise,209300.0,3,Evaluation,0.9,0,1,1,1,1,4,14,30.1,0.84,Negotiation
D0165,Vector Mobility,Healthcare,Enterprise,209300.0,4,Negotiation,0.93,0,1,1,1,1,1,14,18.4,0.86,Proposal
D0165,Vector Mobility,Healthcare,Enterprise,209300.0,5,Proposal,0.96,0,1,1,1,1,3,14,14.5,0.87,Closed Won
D0166,BlueShift AI,Healthcare,Mid-Market,91400.0,1,Discovery,0.33,0,0,0,0,1,4,2,89.9,0.3,Discovery
D0166,BlueShift AI,Healthcare,Mid-Market,91400.0,2,Discovery,0.38,0,1,0,0,1,3,11,62.3,0.33,Discovery
D0166,BlueShift AI,Healthcare,Mid-Market,91400.0,3,Discovery,0.25,0,2,1,1,1,2,14,6.6,0.25,Demo
D0167,NexGen Health,Financial Services,Startup,27400.0,1,Discovery,0.51,0,0,1,0,1,1,4,7.8,0.49,Demo
D0167,NexGen Health,Financial Services,Startup,27400.0,2,Demo,0.43,0,0,1,1,1,4,12,37.1,0.44,Evaluation
D0167,NexGen Health,Financial Services,Startup,27400.0,3,Evaluation,0.33,1,0,1,1,1,2,11,2.0,0.38,Negotiation
D0167,NexGen Health,Financial Services,Startup,27400.0,4,Negotiation,0.21,1,1,1,1,1,2,8,23.0,0.31,Lost
D0168,OmniCommerce,Retail,Mid-Market,131300.0,1,Discovery,0.66,0,0,1,0,1,1,1,31.4,0.65,Demo
D0168,OmniCommerce,Retail,Mid-Market,131300.0,2,Demo,0.71,0,0,1,1,1,1,10,45.7,0.68,Evaluation
D0168,OmniCommerce,Retail,Mid-Market,131300.0,3,Evaluation,0.8,0,0,1,1,1,1,3,9.1,0.73,Negotiation
D0168,OmniCommerce,Retail,Mid-Market,131300.0,4,Negotiation,0.92,0,0,1,1,1,1,3,37.6,0.8,Proposal
D0168,OmniCommerce,Retail,Mid-Market,131300.0,5,Proposal,0.96,1,0,1,1,1,3,8,2.6,0.83,Closed Won
D0169,Solstice Media,Retail,Enterprise,192600.0,1,Discovery,0.73,1,0,1,0,1,1,4,33.8,0.76,Demo
D0169,Solstice Media,Retail,Enterprise,192600.0,2,Demo,0.75,2,0,1,0,1,1,7,2.5,0.77,Evaluation
D0169,Solstice Media,Retail,Enterprise,192600.0,3,Evaluation,0.84,3,1,1,1,1,4,8,9.1,0.82,Lost
D0170,NexGen Health,Logistics,SMB,38600.0,1,Discovery,0.66,0,0,1,0,1,2,1,30.7,0.69,Demo
D0170,NexGen Health,Logistics,SMB,38600.0,2,Demo,0.77,0,0,1,1,1,3,1,3.1,0.76,Evaluation
D0170,NexGen Health,Logistics,SMB,38600.0,3,Evaluation,0.77,0,0,1,1,1,3,14,5.0,0.76,Negotiation
D0170,NexGen Health,Logistics,SMB,38600.0,4,Negotiation,0.88,0,0,1,1,1,1,5,24.7,0.82,Proposal
D0170,NexGen Health,Logistics,SMB,38600.0,5,Proposal,0.79,0,0,1,1,1,2,12,24.5,0.77,Closed Won
D0171,Veritas Analytics,Retail,Startup,14900.0,1,Discovery,0.27,0,0,1,0,1,2,2,33.9,0.3,Discovery
D0171,Veritas Analytics,Retail,Startup,14900.0,2,Discovery,0.2,0,0,1,0,1,4,5,39.2,0.26,Discovery
D0171,Veritas Analytics,Retail,Startup,14900.0,3,Discovery,0.15,0,0,1,1,1,3,2,25.9,0.23,Demo
D0171,Veritas Analytics,Retail,Startup,14900.0,4,Demo,0.12,0,0,1,1,1,4,13,9.6,0.21,Evaluation
D0171,Veritas Analytics,Retail,Startup,14900.0,5,Evaluation,0.12,0,0,1,1,1,4,6,14.0,0.21,Negotiation
D0172,Apex Cloud Systems,Logistics,Enterprise,313600.0,1,Discovery,0.67,0,0,0,0,1,1,5,60.3,0.61,Demo
D0172,Apex Cloud Systems,Logistics,Enterprise,313600.0,2,Demo,0.73,0,1,0,1,1,3,12,22.1,0.64,Evaluation
D0172,Apex Cloud Systems,Logistics,Enterprise,313600.0,3,Evaluation,0.72,0,2,0,1,1,2,8,12.9,0.64,Negotiation
D0172,Apex Cloud Systems,Logistics,Enterprise,313600.0,4,Negotiation,0.72,0,2,0,1,1,3,12,15.6,0.64,Proposal
D0172,Apex Cloud Systems,Logistics,Enterprise,313600.0,5,Proposal,0.67,0,2,0,1,1,3,13,74.2,0.61,Closed Won
D0173,Veritas Analytics,Manufacturing,Enterprise,144500.0,1,Discovery,0.68,0,0,0,0,1,2,1,4.2,0.62,Demo
D0173,Veritas Analytics,Manufacturing,Enterprise,144500.0,2,Demo,0.79,0,0,0,1,1,4,12,22.0,0.68,Evaluation
D0174,Zenith Textiles,Logistics,Enterprise,317600.0,1,Discovery,0.42,0,1,0,0,0,4,2,32.4,0.38,Lost
D0175,Acuity Networks,Technology,Startup,32400.0,1,Discovery,0.69,1,1,0,0,1,1,4,2.0,0.67,Demo
D0175,Acuity Networks,Technology,Startup,32400.0,2,Demo,0.71,1,1,0,0,1,4,11,43.9,0.68,Evaluation
D0175,Acuity Networks,Technology,Startup,32400.0,3,Evaluation,0.74,1,1,0,0,1,1,5,57.4,0.7,Negotiation
D0175,Acuity Networks,Technology,Startup,32400.0,4,Negotiation,0.71,1,1,0,0,1,4,11,17.8,0.68,Proposal
D0175,Acuity Networks,Technology,Startup,32400.0,5,Proposal,0.72,1,1,0,0,1,3,2,25.5,0.69,Proposal
D0176,Cascade Security,Healthcare,SMB,59200.0,1,Discovery,0.74,0,0,0,0,1,3,2,23.2,0.75,Demo
D0176,Cascade Security,Healthcare,SMB,59200.0,2,Demo,0.8,0,0,0,0,1,4,6,3.1,0.78,Evaluation
D0176,Cascade Security,Healthcare,SMB,59200.0,3,Evaluation,0.79,1,1,0,0,1,4,11,16.2,0.78,Negotiation
D0176,Cascade Security,Healthcare,SMB,59200.0,4,Negotiation,0.77,1,1,0,0,1,3,8,17.6,0.76,Proposal
D0176,Cascade Security,Healthcare,SMB,59200.0,5,Proposal,0.74,1,1,0,0,1,3,5,10.4,0.75,Closed Won
D0177,Pulse Dynamics,Technology,SMB,49300.0,1,Discovery,0.65,0,0,0,0,0,3,5,24.1,0.71,Discovery
D0177,Pulse Dynamics,Technology,SMB,49300.0,2,Discovery,0.72,0,0,0,0,0,4,1,49.2,0.75,Discovery
D0177,Pulse Dynamics,Technology,SMB,49300.0,3,Discovery,0.82,0,0,0,0,1,1,10,46.9,0.81,Demo
D0177,Pulse Dynamics,Technology,SMB,49300.0,4,Demo,0.75,0,0,0,1,1,3,3,10.8,0.77,Evaluation
D0178,Aegis Software,Technology,Startup,29800.0,1,Discovery,0.42,0,1,0,0,1,3,3,124.7,0.41,Discovery
D0178,Aegis Software,Technology,Startup,29800.0,2,Discovery,0.39,0,1,1,1,1,2,13,54.3,0.4,Demo
D0178,Aegis Software,Technology,Startup,29800.0,3,Demo,0.36,0,1,1,1,1,3,11,4.0,0.38,Evaluation
D0178,Aegis Software,Technology,Startup,29800.0,4,Evaluation,0.3,0,1,1,1,1,1,2,75.5,0.34,Lost
D0179,Helix Diagnostics,Healthcare,Enterprise,133300.0,1,Discovery,0.8,0,0,1,0,0,3,5,47.1,0.71,Discovery
D0179,Helix Diagnostics,Healthcare,Enterprise,133300.0,2,Discovery,0.8,0,0,1,1,1,3,6,16.9,0.71,Demo
D0179,Helix Diagnostics,Healthcare,Enterprise,133300.0,3,Demo,0.74,0,0,1,1,1,4,4,20.7,0.68,Evaluation
D0179,Helix Diagnostics,Healthcare,Enterprise,133300.0,4,Evaluation,0.67,0,0,1,1,1,1,5,11.8,0.63,Negotiation
D0179,Helix Diagnostics,Healthcare,Enterprise,133300.0,5,Negotiation,0.71,0,0,1,1,1,3,9,2.0,0.66,Proposal
D0179,Helix Diagnostics,Healthcare,Enterprise,133300.0,6,Proposal,0.83,1,0,1,1,1,1,1,9.4,0.73,Closed Won
D0180,Coastal Foods Ltd,Education,SMB,56300.0,1,Discovery,0.62,0,0,1,0,0,4,1,47.7,0.54,Discovery
D0180,Coastal Foods Ltd,Education,SMB,56300.0,2,Discovery,0.63,0,0,1,1,0,2,10,2.0,0.54,Demo
D0181,Acuity Networks,Education,SMB,29600.0,1,Discovery,0.43,0,0,1,0,0,1,4,14.0,0.44,Discovery
D0181,Acuity Networks,Education,SMB,29600.0,2,Discovery,0.38,0,0,1,0,0,4,5,21.2,0.41,Discovery
D0181,Acuity Networks,Education,SMB,29600.0,3,Discovery,0.35,0,0,1,1,1,2,3,69.4,0.39,Demo
D0182,Vector Mobility,Retail,Startup,18000.0,1,Discovery,0.28,0,0,0,0,1,3,3,13.4,0.32,Discovery
D0182,Vector Mobility,Retail,Startup,18000.0,2,Discovery,0.26,1,1,1,0,1,4,10,42.0,0.31,Lost
D0183,Coastal Foods Ltd,Retail,SMB,40500.0,1,Discovery,0.53,0,0,0,0,1,2,4,16.1,0.51,Demo
D0183,Coastal Foods Ltd,Retail,SMB,40500.0,2,Demo,0.59,0,0,0,1,1,3,14,6.8,0.54,Evaluation
D0183,Coastal Foods Ltd,Retail,SMB,40500.0,3,Evaluation,0.59,0,0,0,1,1,1,6,16.1,0.54,Negotiation
D0183,Coastal Foods Ltd,Retail,SMB,40500.0,4,Negotiation,0.6,0,0,0,1,1,2,14,4.1,0.55,Proposal
D0184,Cascade Security,Technology,Startup,33300.0,1,Discovery,0.4,0,1,0,0,0,2,2,24.5,0.36,Discovery
D0184,Cascade Security,Technology,Startup,33300.0,2,Discovery,0.32,0,1,1,0,1,1,10,19.2,0.32,Discovery
D0185,Skyward Aerospace,Healthcare,Startup,34000.0,1,Discovery,0.43,1,0,1,0,1,1,4,15.9,0.38,Discovery
D0185,Skyward Aerospace,Healthcare,Startup,34000.0,2,Discovery,0.5,1,0,1,1,1,2,1,30.7,0.42,Demo
D0185,Skyward Aerospace,Healthcare,Startup,34000.0,3,Demo,0.4,1,0,1,1,1,1,5,35.4,0.36,Evaluation
D0185,Skyward Aerospace,Healthcare,Startup,34000.0,4,Evaluation,0.34,1,0,1,1,1,3,1,2.0,0.33,Negotiation
D0185,Skyward Aerospace,Healthcare,Startup,34000.0,5,Negotiation,0.25,1,1,1,1,1,2,2,38.5,0.27,Proposal
D0185,Skyward Aerospace,Healthcare,Startup,34000.0,6,Proposal,0.25,1,1,1,1,1,4,9,6.9,0.27,Lost
D0186,Coastal Foods Ltd,Retail,SMB,37500.0,1,Discovery,0.74,0,0,1,0,0,3,2,72.3,0.69,Discovery
D0186,Coastal Foods Ltd,Retail,SMB,37500.0,2,Discovery,0.85,1,0,1,0,0,2,2,3.6,0.75,Demo
D0186,Coastal Foods Ltd,Retail,SMB,37500.0,3,Demo,0.85,2,0,1,0,0,3,11,11.9,0.75,Demo
D0186,Coastal Foods Ltd,Retail,SMB,37500.0,4,Demo,0.85,2,1,1,1,0,3,10,2.0,0.75,Evaluation
D0187,Helix Diagnostics,Logistics,Startup,8800.0,1,Discovery,0.71,0,0,0,0,1,3,1,14.0,0.71,Demo
D0187,Helix Diagnostics,Logistics,Startup,8800.0,2,Demo,0.61,0,1,0,1,1,1,13,18.1,0.65,Evaluation
D0187,Helix Diagnostics,Logistics,Startup,8800.0,3,Evaluation,0.69,0,1,0,1,1,3,5,2.0,0.69,Negotiation
D0187,Helix Diagnostics,Logistics,Startup,8800.0,4,Negotiation,0.7,0,2,0,1,1,2,4,27.7,0.7,Proposal
D0187,Helix Diagnostics,Logistics,Startup,8800.0,5,Proposal,0.62,0,2,0,1,1,2,12,4.7,0.65,Closed Won
D0188,Cascade Security,Retail,Startup,13200.0,1,Discovery,0.79,1,0,1,0,1,2,5,48.7,0.73,Demo
D0188,Cascade Security,Retail,Startup,13200.0,2,Demo,0.81,1,0,1,1,1,3,9,4.9,0.74,Evaluation
D0188,Cascade Security,Retail,Startup,13200.0,3,Evaluation,0.9,1,0,1,1,1,4,5,4.5,0.8,Negotiation
D0188,Cascade Security,Retail,Startup,13200.0,4,Negotiation,0.91,2,0,1,1,1,4,6,2.0,0.8,Proposal
D0188,Cascade Security,Retail,Startup,13200.0,5,Proposal,0.9,2,0,1,1,1,2,1,13.6,0.8,Closed Won
D0189,Atlas Energy,Education,Startup,27900.0,1,Discovery,0.8,0,1,1,0,1,2,2,15.2,0.79,Demo
D0189,Atlas Energy,Education,Startup,27900.0,2,Demo,0.72,0,1,1,1,1,1,13,2.0,0.75,Evaluation
D0189,Atlas Energy,Education,Startup,27900.0,3,Evaluation,0.64,0,2,1,1,1,3,4,27.3,0.7,Negotiation
D0189,Atlas Energy,Education,Startup,27900.0,4,Negotiation,0.55,0,3,1,1,1,4,10,11.0,0.64,Proposal
D0189,Atlas Energy,Education,Startup,27900.0,5,Proposal,0.63,0,3,1,1,1,4,1,13.6,0.69,Closed Won
D0190,Veritas Analytics,Logistics,SMB,30100.0,1,Discovery,0.4,0,0,1,0,0,4,4,24.1,0.33,Discovery
D0190,Veritas Analytics,Logistics,SMB,30100.0,2,Discovery,0.29,0,0,1,0,0,1,10,21.3,0.27,Lost
D0191,Veritas Analytics,Logistics,Startup,29300.0,1,Discovery,0.27,0,1,1,0,0,3,5,28.6,0.29,Lost
D0192,Apex Cloud Systems,Manufacturing,SMB,50700.0,1,Discovery,0.49,0,0,1,0,1,2,5,3.8,0.53,Demo
D0192,Apex Cloud Systems,Manufacturing,SMB,50700.0,2,Demo,0.48,0,0,1,1,1,2,10,4.6,0.52,Evaluation
D0192,Apex Cloud Systems,Manufacturing,SMB,50700.0,3,Evaluation,0.53,0,0,1,1,1,2,4,45.0,0.55,Negotiation
D0192,Apex Cloud Systems,Manufacturing,SMB,50700.0,4,Negotiation,0.5,0,0,1,1,1,3,8,66.5,0.54,Proposal
D0193,Cobalt Freight,Financial Services,Startup,21000.0,1,Discovery,0.65,0,1,1,0,0,2,4,6.6,0.65,Discovery
D0193,Cobalt Freight,Financial Services,Startup,21000.0,2,Discovery,0.56,0,2,1,1,1,2,2,21.6,0.6,Demo
D0193,Cobalt Freight,Financial Services,Startup,21000.0,3,Demo,0.58,0,2,1,1,1,3,4,11.0,0.61,Evaluation
D0193,Cobalt Freight,Financial Services,Startup,21000.0,4,Evaluation,0.63,0,3,1,1,1,2,3,2.0,0.64,Negotiation
D0194,NexGen Health,Financial Services,Enterprise,349500.0,1,Discovery,0.55,0,0,0,0,1,2,2,24.4,0.62,Demo
D0194,NexGen Health,Financial Services,Enterprise,349500.0,2,Demo,0.51,0,0,0,0,1,2,11,20.8,0.6,Evaluation
D0194,NexGen Health,Financial Services,Enterprise,349500.0,3,Evaluation,0.44,0,0,0,0,1,3,3,2.0,0.56,Negotiation
D0194,NexGen Health,Financial Services,Enterprise,349500.0,4,Negotiation,0.48,1,0,0,0,1,4,9,4.9,0.58,Proposal
D0194,NexGen Health,Financial Services,Enterprise,349500.0,5,Proposal,0.49,1,0,0,0,1,4,3,5.1,0.59,Closed Won
D0195,Solstice Media,Logistics,SMB,59700.0,1,Discovery,0.74,0,1,1,0,0,4,5,24.2,0.7,Demo
D0195,Solstice Media,Logistics,SMB,59700.0,2,Demo,0.85,0,1,1,1,1,2,8,2.0,0.76,Evaluation
D0195,Solstice Media,Logistics,SMB,59700.0,3,Evaluation,0.8,1,1,1,1,1,3,6,2.4,0.73,Negotiation
D0195,Solstice Media,Logistics,SMB,59700.0,4,Negotiation,0.78,1,1,1,1,1,4,1,34.9,0.72,Proposal
D0195,Solstice Media,Logistics,SMB,59700.0,5,Proposal,0.7,1,1,1,1,1,3,8,4.3,0.67,Proposal
D0195,Solstice Media,Logistics,SMB,59700.0,6,Proposal,0.72,1,1,1,1,1,1,5,23.0,0.68,Closed Won
D0196,Skyward Aerospace,Manufacturing,SMB,62300.0,1,Discovery,0.46,0,0,0,0,0,2,5,5.7,0.54,Discovery
D0196,Skyward Aerospace,Manufacturing,SMB,62300.0,2,Discovery,0.49,0,0,0,0,0,3,5,2.2,0.56,Discovery
D0196,Skyward Aerospace,Manufacturing,SMB,62300.0,3,Discovery,0.55,1,1,1,1,0,1,11,5.8,0.59,Demo
D0196,Skyward Aerospace,Manufacturing,SMB,62300.0,4,Demo,0.63,1,1,1,1,1,4,4,26.8,0.64,Evaluation
D0197,Cobalt Freight,Education,SMB,43700.0,1,Discovery,0.64,0,0,0,0,0,4,1,42.8,0.6,Discovery
D0197,Cobalt Freight,Education,SMB,43700.0,2,Discovery,0.75,0,1,1,1,0,3,7,12.2,0.67,Demo
D0197,Cobalt Freight,Education,SMB,43700.0,3,Demo,0.69,0,1,1,1,1,4,6,26.6,0.63,Evaluation
D0198,Beacon Robotics,Healthcare,Startup,26600.0,1,Discovery,0.34,0,0,1,0,1,3,4,9.0,0.4,Demo
D0198,Beacon Robotics,Healthcare,Startup,26600.0,2,Demo,0.22,0,0,1,1,1,2,1,58.9,0.33,Evaluation
D0198,Beacon Robotics,Healthcare,Startup,26600.0,3,Evaluation,0.27,0,1,1,1,1,4,7,2.0,0.36,Negotiation
D0199,Vanguard Supply,Healthcare,Startup,11900.0,1,Discovery,0.55,0,0,0,0,0,3,2,9.6,0.43,Discovery
D0199,Vanguard Supply,Healthcare,Startup,11900.0,2,Discovery,0.6,0,0,1,0,0,4,5,2.0,0.46,Discovery
D0199,Vanguard Supply,Healthcare,Startup,11900.0,3,Discovery,0.47,0,0,1,0,0,2,7,8.2,0.38,Discovery
D0199,Vanguard Supply,Healthcare,Startup,11900.0,4,Discovery,0.53,0,0,1,0,1,1,12,35.9,0.41,Demo
D0199,Vanguard Supply,Healthcare,Startup,11900.0,5,Demo,0.46,0,1,1,0,1,2,12,22.5,0.37,Evaluation
D0199,Vanguard Supply,Healthcare,Startup,11900.0,6,Evaluation,0.36,0,2,1,1,1,1,13,91.6,0.31,Lost
D0200,Zenith Textiles,Technology,Mid-Market,127600.0,1,Discovery,0.57,0,1,1,0,1,4,2,45.2,0.53,Demo
D0200,Zenith Textiles,Technology,Mid-Market,127600.0,2,Demo,0.52,0,1,1,1,1,4,8,11.1,0.5,Evaluation
D0200,Zenith Textiles,Technology,Mid-Market,127600.0,3,Evaluation,0.4,0,2,1,1,1,3,8,8.0,0.43,Negotiation
D0200,Zenith Textiles,Technology,Mid-Market,127600.0,4,Negotiation,0.33,1,3,1,1,1,4,12,12.7,0.39,Lost
D0201,Coastal Foods Ltd,Logistics,SMB,47100.0,1,Discovery,0.53,0,1,0,0,0,4,1,37.5,0.41,Discovery
D0201,Coastal Foods Ltd,Logistics,SMB,47100.0,2,Discovery,0.46,0,1,1,1,1,2,4,13.1,0.37,Demo
D0201,Coastal Foods Ltd,Logistics,SMB,47100.0,3,Demo,0.35,0,1,1,1,1,1,4,41.1,0.3,Evaluation
D0201,Coastal Foods Ltd,Logistics,SMB,47100.0,4,Evaluation,0.41,0,1,1,1,1,1,3,22.1,0.34,Negotiation
D0201,Coastal Foods Ltd,Logistics,SMB,47100.0,5,Negotiation,0.41,0,2,1,1,1,4,7,33.7,0.34,Proposal
D0201,Coastal Foods Ltd,Logistics,SMB,47100.0,6,Proposal,0.4,0,2,1,1,1,4,1,24.1,0.33,Closed Won
D0202,Summit BioPharma,Retail,SMB,54900.0,1,Discovery,0.7,0,0,1,0,1,2,5,6.3,0.74,Demo
D0202,Summit BioPharma,Retail,SMB,54900.0,2,Demo,0.79,0,0,1,1,1,2,13,53.9,0.79,Evaluation
D0203,Pulse Dynamics,Financial Services,SMB,74400.0,1,Discovery,0.52,0,1,1,0,1,3,1,5.0,0.45,Demo
D0203,Pulse Dynamics,Financial Services,SMB,74400.0,2,Demo,0.45,1,1,1,1,1,2,5,67.7,0.41,Lost
D0204,Helix Diagnostics,Education,Mid-Market,112100.0,1,Discovery,0.79,0,0,0,0,1,2,1,12.2,0.79,Demo
D0204,Helix Diagnostics,Education,Mid-Market,112100.0,2,Demo,0.69,0,0,0,1,1,2,4,41.0,0.73,Evaluation
D0204,Helix Diagnostics,Education,Mid-Market,112100.0,3,Evaluation,0.62,0,0,0,1,1,4,14,29.4,0.69,Negotiation
D0204,Helix Diagnostics,Education,Mid-Market,112100.0,4,Negotiation,0.68,1,0,0,1,1,2,3,10.1,0.72,Proposal
D0204,Helix Diagnostics,Education,Mid-Market,112100.0,5,Proposal,0.79,2,0,0,1,1,4,4,2.0,0.79,Closed Won
D0205,Vector Mobility,Education,SMB,72600.0,1,Discovery,0.43,0,0,1,0,0,4,4,9.1,0.42,Discovery
D0205,Vector Mobility,Education,SMB,72600.0,2,Discovery,0.32,0,0,1,1,0,4,1,22.8,0.36,Discovery
D0205,Vector Mobility,Education,SMB,72600.0,3,Discovery,0.33,0,0,1,1,0,4,7,29.3,0.36,Discovery
D0205,Vector Mobility,Education,SMB,72600.0,4,Discovery,0.27,0,0,1,1,0,2,4,8.7,0.33,Discovery
D0205,Vector Mobility,Education,SMB,72600.0,5,Discovery,0.21,0,0,1,1,0,4,7,4.4,0.29,Discovery
D0206,Novus Capital,Manufacturing,SMB,49400.0,1,Discovery,0.57,1,0,0,0,1,4,4,92.1,0.59,Discovery
D0206,Novus Capital,Manufacturing,SMB,49400.0,2,Discovery,0.64,1,1,1,1,1,2,11,16.5,0.63,Demo
D0206,Novus Capital,Manufacturing,SMB,49400.0,3,Demo,0.58,1,1,1,1,1,4,11,4.2,0.59,Evaluation
D0206,Novus Capital,Manufacturing,SMB,49400.0,4,Evaluation,0.62,1,1,1,1,1,2,7,7.0,0.62,Negotiation
D0206,Novus Capital,Manufacturing,SMB,49400.0,5,Negotiation,0.54,1,1,1,1,1,3,7,2.0,0.57,Proposal
D0206,Novus Capital,Manufacturing,SMB,49400.0,6,Proposal,0.44,2,1,1,1,1,3,10,54.4,0.51,Lost
D0207,Prime Packaging,Technology,Startup,28900.0,1,Discovery,0.62,1,1,1,0,1,2,4,3.5,0.55,Demo
D0207,Prime Packaging,Technology,Startup,28900.0,2,Demo,0.68,1,1,1,1,1,2,8,23.8,0.59,Evaluation
D0207,Prime Packaging,Technology,Startup,28900.0,3,Evaluation,0.6,1,2,1,1,1,4,7,8.9,0.54,Negotiation
D0207,Prime Packaging,Technology,Startup,28900.0,4,Negotiation,0.6,1,2,1,1,1,1,7,22.3,0.54,Proposal
D0207,Prime Packaging,Technology,Startup,28900.0,5,Proposal,0.57,1,3,1,1,1,1,2,29.2,0.52,Lost
D0208,Veritas Analytics,Financial Services,Enterprise,295100.0,1,Discovery,0.68,0,0,1,0,0,4,5,33.2,0.71,Discovery
D0208,Veritas Analytics,Financial Services,Enterprise,295100.0,2,Discovery,0.68,0,1,1,1,1,4,6,4.3,0.71,Demo
D0208,Veritas Analytics,Financial Services,Enterprise,295100.0,3,Demo,0.64,0,1,1,1,1,4,12,2.0,0.69,Evaluation
D0208,Veritas Analytics,Financial Services,Enterprise,295100.0,4,Evaluation,0.63,0,1,1,1,1,2,12,2.8,0.68,Negotiation
D0208,Veritas Analytics,Financial Services,Enterprise,295100.0,5,Negotiation,0.61,0,2,1,1,1,1,4,43.2,0.67,Proposal
D0208,Veritas Analytics,Financial Services,Enterprise,295100.0,6,Proposal,0.68,0,2,1,1,1,3,1,38.9,0.71,Closed Won
D0209,Prime Packaging,Logistics,Enterprise,328200.0,1,Discovery,0.7,0,0,1,0,0,1,2,19.5,0.68,Demo
D0209,Prime Packaging,Logistics,Enterprise,328200.0,2,Demo,0.64,0,1,1,1,1,4,14,19.6,0.64,Evaluation
D0209,Prime Packaging,Logistics,Enterprise,328200.0,3,Evaluation,0.71,1,1,1,1,1,1,11,23.4,0.68,Negotiation
D0209,Prime Packaging,Logistics,Enterprise,328200.0,4,Negotiation,0.81,1,1,1,1,1,3,4,4.1,0.74,Proposal
D0209,Prime Packaging,Logistics,Enterprise,328200.0,5,Proposal,0.88,1,1,1,1,1,4,11,52.6,0.78,Closed Won
D0210,Helix Diagnostics,Manufacturing,SMB,60900.0,1,Discovery,0.67,0,1,0,0,1,4,5,11.6,0.66,Demo
D0210,Helix Diagnostics,Manufacturing,SMB,60900.0,2,Demo,0.78,0,1,0,0,1,2,10,10.3,0.72,Evaluation
D0210,Helix Diagnostics,Manufacturing,SMB,60900.0,3,Evaluation,0.77,0,2,0,0,1,1,10,15.6,0.72,Negotiation
D0210,Helix Diagnostics,Manufacturing,SMB,60900.0,4,Negotiation,0.7,0,2,0,0,1,3,7,2.0,0.68,Proposal
D0210,Helix Diagnostics,Manufacturing,SMB,60900.0,5,Proposal,0.78,1,2,0,0,1,2,11,3.9,0.72,Closed Won
D0211,Pulse Dynamics,Retail,Mid-Market,74700.0,1,Discovery,0.45,1,0,1,0,0,3,1,42.3,0.42,Lost
D0212,BlueShift AI,Technology,Enterprise,196600.0,1,Discovery,0.72,0,0,0,0,0,1,2,2.0,0.71,Demo
D0212,BlueShift AI,Technology,Enterprise,196600.0,2,Demo,0.84,0,0,0,0,1,2,14,18.6,0.78,Evaluation
D0212,BlueShift AI,Technology,Enterprise,196600.0,3,Evaluation,0.89,0,0,0,0,1,4,13,5.7,0.81,Negotiation
D0213,Coastal Foods Ltd,Education,Enterprise,189900.0,1,Discovery,0.58,0,1,0,0,1,3,4,7.7,0.59,Demo
D0213,Coastal Foods Ltd,Education,Enterprise,189900.0,2,Demo,0.52,1,1,0,1,1,1,6,10.0,0.55,Evaluation
D0213,Coastal Foods Ltd,Education,Enterprise,189900.0,3,Evaluation,0.45,1,1,0,1,1,1,1,28.8,0.51,Negotiation
D0213,Coastal Foods Ltd,Education,Enterprise,189900.0,4,Negotiation,0.44,1,1,0,1,1,3,9,8.0,0.5,Proposal
D0213,Coastal Foods Ltd,Education,Enterprise,189900.0,5,Proposal,0.55,1,1,0,1,1,1,1,19.0,0.57,Proposal
D0213,Coastal Foods Ltd,Education,Enterprise,189900.0,6,Proposal,0.51,1,1,0,1,1,1,7,14.7,0.54,Proposal
D0213,Coastal Foods Ltd,Education,Enterprise,189900.0,7,Proposal,0.61,2,1,0,1,1,1,6,24.7,0.6,Lost
D0214,Atlas Energy,Financial Services,Enterprise,230300.0,1,Discovery,0.66,0,0,1,0,0,4,2,60.9,0.64,Discovery
D0214,Atlas Energy,Financial Services,Enterprise,230300.0,2,Discovery,0.68,0,0,1,1,1,2,2,29.1,0.65,Demo
D0215,OmniCommerce,Healthcare,Startup,20100.0,1,Discovery,0.27,0,1,1,0,1,2,2,2.0,0.32,Discovery
D0215,OmniCommerce,Healthcare,Startup,20100.0,2,Discovery,0.13,0,2,1,1,1,3,5,9.3,0.23,Demo
D0216,Frontier FinCorp,Financial Services,SMB,35500.0,1,Discovery,0.32,0,0,1,0,0,2,2,2.1,0.3,Discovery
D0216,Frontier FinCorp,Financial Services,SMB,35500.0,2,Discovery,0.19,0,0,1,1,1,4,3,26.9,0.22,Demo
D0216,Frontier FinCorp,Financial Services,SMB,35500.0,3,Demo,0.2,1,0,1,1,1,4,5,35.6,0.22,Lost
D0217,Frontier FinCorp,Financial Services,Mid-Market,142100.0,1,Discovery,0.67,1,1,1,0,0,4,3,9.6,0.63,Discovery
D0217,Frontier FinCorp,Financial Services,Mid-Market,142100.0,2,Discovery,0.76,1,1,1,1,1,4,9,34.8,0.68,Demo
D0217,Frontier FinCorp,Financial Services,Mid-Market,142100.0,3,Demo,0.68,1,1,1,1,1,3,4,2.7,0.63,Evaluation
D0217,Frontier FinCorp,Financial Services,Mid-Market,142100.0,4,Evaluation,0.6,1,1,1,1,1,2,2,2.0,0.59,Negotiation
D0217,Frontier FinCorp,Financial Services,Mid-Market,142100.0,5,Negotiation,0.71,1,2,1,1,1,3,6,30.7,0.65,Proposal
D0218,Prime Packaging,Financial Services,Startup,8300.0,1,Discovery,0.68,0,0,1,0,1,4,2,29.6,0.61,Demo
D0218,Prime Packaging,Financial Services,Startup,8300.0,2,Demo,0.66,0,0,1,0,1,2,13,14.5,0.6,Evaluation
D0218,Prime Packaging,Financial Services,Startup,8300.0,3,Evaluation,0.74,0,0,1,1,1,3,8,7.2,0.65,Negotiation
D0219,Pulse Dynamics,Technology,Startup,9600.0,1,Discovery,0.9,1,0,0,0,0,4,1,34.2,0.8,Discovery
D0219,Pulse Dynamics,Technology,Startup,9600.0,2,Discovery,0.95,1,0,1,1,0,1,9,25.2,0.83,Demo
D0219,Pulse Dynamics,Technology,Startup,9600.0,3,Demo,0.96,1,0,1,1,0,3,12,6.8,0.83,Evaluation
D0219,Pulse Dynamics,Technology,Startup,9600.0,4,Evaluation,0.96,1,0,1,1,0,1,9,19.0,0.83,Negotiation
D0219,Pulse Dynamics,Technology,Startup,9600.0,5,Negotiation,0.95,1,0,1,1,0,2,4,9.5,0.83,Proposal
D0219,Pulse Dynamics,Technology,Startup,9600.0,6,Proposal,0.96,1,1,1,1,1,2,7,2.0,0.83,Proposal
D0219,Pulse Dynamics,Technology,Startup,9600.0,7,Proposal,0.93,2,2,1,1,1,3,2,53.0,0.82,Closed Won
D0220,Synthetix Labs,Technology,Enterprise,325300.0,1,Discovery,0.51,0,0,1,0,1,4,5,2.9,0.59,Demo
D0220,Synthetix Labs,Technology,Enterprise,325300.0,2,Demo,0.61,0,0,1,1,1,4,7,59.4,0.65,Evaluation
D0221,NexGen Health,Financial Services,Mid-Market,70900.0,1,Discovery,0.32,0,1,1,0,0,4,3,5.6,0.38,Discovery
D0221,NexGen Health,Financial Services,Mid-Market,70900.0,2,Discovery,0.39,0,1,1,1,1,4,3,21.2,0.42,Demo
D0221,NexGen Health,Financial Services,Mid-Market,70900.0,3,Demo,0.31,0,1,1,1,1,1,5,56.0,0.37,Evaluation
D0221,NexGen Health,Financial Services,Mid-Market,70900.0,4,Evaluation,0.24,0,2,1,1,1,4,7,35.8,0.33,Lost
D0222,Skyward Aerospace,Healthcare,Startup,30400.0,1,Discovery,0.46,0,1,1,0,1,4,4,45.0,0.46,Demo
D0222,Skyward Aerospace,Healthcare,Startup,30400.0,2,Demo,0.37,0,1,1,1,1,2,9,29.4,0.41,Evaluation
D0222,Skyward Aerospace,Healthcare,Startup,30400.0,3,Evaluation,0.34,0,1,1,1,1,4,14,32.2,0.39,Negotiation
D0222,Skyward Aerospace,Healthcare,Startup,30400.0,4,Negotiation,0.22,0,2,1,1,1,2,3,51.8,0.32,Lost
D0223,Summit BioPharma,Healthcare,SMB,55800.0,1,Discovery,0.43,1,0,0,0,0,3,5,11.4,0.36,Discovery
D0223,Summit BioPharma,Healthcare,SMB,55800.0,2,Discovery,0.29,1,0,1,1,1,1,5,26.6,0.28,Demo
D0224,Vanguard Supply,Retail,SMB,40200.0,1,Discovery,0.54,0,0,1,0,0,3,2,172.7,0.43,Lost
D0225,Vanguard Supply,Healthcare,SMB,29400.0,1,Discovery,0.58,0,1,0,0,0,1,1,111.9,0.45,Lost
D0226,Beacon Robotics,Financial Services,SMB,61300.0,1,Discovery,0.73,0,0,1,0,1,1,2,2.0,0.76,Demo
D0226,Beacon Robotics,Financial Services,SMB,61300.0,2,Demo,0.64,0,0,1,0,1,3,14,22.1,0.7,Evaluation
D0226,Beacon Robotics,Financial Services,SMB,61300.0,3,Evaluation,0.75,0,0,1,1,1,1,7,47.0,0.77,Negotiation
D0227,NexGen Health,Retail,Mid-Market,98400.0,1,Discovery,0.78,0,1,1,0,1,2,2,17.4,0.74,Demo
D0227,NexGen Health,Retail,Mid-Market,98400.0,2,Demo,0.74,0,1,1,1,1,4,9,51.3,0.71,Evaluation
D0227,NexGen Health,Retail,Mid-Market,98400.0,3,Evaluation,0.85,0,1,1,1,1,2,2,2.0,0.78,Negotiation
D0227,NexGen Health,Retail,Mid-Market,98400.0,4,Negotiation,0.93,0,2,1,1,1,2,5,24.8,0.83,Proposal
D0227,NexGen Health,Retail,Mid-Market,98400.0,5,Proposal,0.85,0,2,1,1,1,1,9,7.3,0.78,Proposal
D0228,Synthetix Labs,Manufacturing,Startup,34100.0,1,Discovery,0.5,0,0,0,0,0,1,5,126.0,0.42,Lost
D0229,Cobalt Freight,Healthcare,SMB,35200.0,1,Discovery,0.63,0,0,1,0,0,4,2,66.8,0.61,Discovery
D0229,Cobalt Freight,Healthcare,SMB,35200.0,2,Discovery,0.57,1,1,1,0,1,2,3,14.9,0.57,Demo
D0229,Cobalt Freight,Healthcare,SMB,35200.0,3,Demo,0.59,2,2,1,1,1,2,7,45.8,0.59,Evaluation
D0229,Cobalt Freight,Healthcare,SMB,35200.0,4,Evaluation,0.63,2,2,1,1,1,1,13,43.1,0.61,Lost
D0230,Pulse Dynamics,Education,Startup,11900.0,1,Discovery,0.67,0,1,1,0,0,1,1,8.9,0.63,Discovery
D0230,Pulse Dynamics,Education,Startup,11900.0,2,Discovery,0.6,1,1,1,1,1,4,13,40.9,0.59,Demo
D0231,Pulse Dynamics,Technology,Startup,18400.0,1,Discovery,0.41,1,0,1,0,0,1,4,26.7,0.41,Lost
D0232,BrightPath Logistics,Technology,Mid-Market,77800.0,1,Discovery,0.64,0,0,0,0,0,2,4,6.5,0.59,Discovery
D0232,BrightPath Logistics,Technology,Mid-Market,77800.0,2,Discovery,0.56,0,0,0,0,0,4,5,3.2,0.54,Discovery
D0232,BrightPath Logistics,Technology,Mid-Market,77800.0,3,Discovery,0.63,1,0,0,0,1,2,1,2.0,0.59,Demo
D0232,BrightPath Logistics,Technology,Mid-Market,77800.0,4,Demo,0.6,1,1,0,1,1,1,8,29.9,0.57,Evaluation
D0232,BrightPath Logistics,Technology,Mid-Market,77800.0,5,Evaluation,0.61,1,1,0,1,1,2,3,10.4,0.57,Negotiation
D0232,BrightPath Logistics,Technology,Mid-Market,77800.0,6,Negotiation,0.59,1,1,0,1,1,3,7,32.3,0.56,Proposal
D0232,BrightPath Logistics,Technology,Mid-Market,77800.0,7,Proposal,0.54,1,1,0,1,1,4,9,2.0,0.53,Closed Won
D0233,OmniCommerce,Retail,SMB,63800.0,1,Discovery,0.81,1,0,1,0,0,3,2,7.7,0.76,Discovery
D0233,OmniCommerce,Retail,SMB,63800.0,2,Discovery,0.9,2,1,1,0,0,3,1,15.7,0.81,Discovery
D0233,OmniCommerce,Retail,SMB,63800.0,3,Discovery,0.81,2,1,1,1,0,2,7,31.7,0.76,Demo
D0233,OmniCommerce,Retail,SMB,63800.0,4,Demo,0.79,2,2,1,1,0,1,6,7.8,0.75,Lost
D0234,BrightPath Logistics,Technology,SMB,65700.0,1,Discovery,0.34,0,0,1,0,0,3,2,36.1,0.32,Lost
D0235,Coastal Foods Ltd,Logistics,Startup,28300.0,1,Discovery,0.68,0,0,1,0,0,4,4,55.7,0.61,Discovery
D0235,Coastal Foods Ltd,Logistics,Startup,28300.0,2,Discovery,0.67,0,0,1,1,1,2,7,24.5,0.6,Demo
D0236,OmniCommerce,Retail,SMB,57600.0,1,Discovery,0.31,1,1,1,0,1,4,3,2.0,0.36,Discovery
D0236,OmniCommerce,Retail,SMB,57600.0,2,Discovery,0.17,1,1,1,1,1,1,9,57.1,0.28,Lost
D0237,Atlas Energy,Financial Services,Startup,34600.0,1,Discovery,0.36,0,0,0,0,0,1,3,2.0,0.41,Discovery
D0237,Atlas Energy,Financial Services,Startup,34600.0,2,Discovery,0.33,1,0,0,0,0,3,7,54.2,0.39,Discovery
D0237,Atlas Energy,Financial Services,Startup,34600.0,3,Discovery,0.32,2,1,1,0,1,4,1,19.6,0.39,Lost
D0238,Summit BioPharma,Education,Mid-Market,74100.0,1,Discovery,0.71,1,1,1,0,1,3,5,60.6,0.68,Demo
D0238,Summit BioPharma,Education,Mid-Market,74100.0,2,Demo,0.73,1,1,1,1,1,4,11,34.7,0.69,Evaluation
D0238,Summit BioPharma,Education,Mid-Market,74100.0,3,Evaluation,0.84,1,1,1,1,1,1,8,133.9,0.76,Negotiation
D0238,Summit BioPharma,Education,Mid-Market,74100.0,4,Negotiation,0.8,1,2,1,1,1,4,2,9.4,0.73,Proposal
D0238,Summit BioPharma,Education,Mid-Market,74100.0,5,Proposal,0.8,1,2,1,1,1,3,6,31.6,0.73,Closed Won
D0239,Cobalt Freight,Logistics,Enterprise,336200.0,1,Discovery,0.52,0,0,1,0,1,4,3,9.4,0.63,Demo
D0239,Cobalt Freight,Logistics,Enterprise,336200.0,2,Demo,0.61,0,0,1,1,1,3,10,12.0,0.68,Evaluation
D0239,Cobalt Freight,Logistics,Enterprise,336200.0,3,Evaluation,0.69,0,1,1,1,1,1,11,18.1,0.73,Negotiation
D0239,Cobalt Freight,Logistics,Enterprise,336200.0,4,Negotiation,0.64,1,1,1,1,1,2,1,37.9,0.7,Proposal
D0239,Cobalt Freight,Logistics,Enterprise,336200.0,5,Proposal,0.72,1,1,1,1,1,4,14,75.8,0.75,Closed Won
D0240,NexGen Health,Logistics,Startup,33900.0,1,Discovery,0.37,0,0,1,0,0,1,3,41.2,0.4,Discovery
D0240,NexGen Health,Logistics,Startup,33900.0,2,Discovery,0.4,0,0,1,1,1,2,1,15.3,0.42,Demo
D0240,NexGen Health,Logistics,Startup,33900.0,3,Demo,0.47,0,0,1,1,1,3,1,15.4,0.46,Evaluation
D0240,NexGen Health,Logistics,Startup,33900.0,4,Evaluation,0.34,0,0,1,1,1,4,11,37.7,0.38,Negotiation
D0240,NexGen Health,Logistics,Startup,33900.0,5,Negotiation,0.38,0,0,1,1,1,4,14,7.7,0.4,Proposal
D0240,NexGen Health,Logistics,Startup,33900.0,6,Proposal,0.34,1,0,1,1,1,4,2,3.3,0.38,Closed Won
D0241,Kestrel Instruments,Healthcare,Enterprise,220500.0,1,Discovery,0.74,0,0,1,0,0,2,1,8.3,0.74,Demo
D0241,Kestrel Instruments,Healthcare,Enterprise,220500.0,2,Demo,0.71,0,0,1,1,0,3,12,6.4,0.73,Evaluation
D0241,Kestrel Instruments,Healthcare,Enterprise,220500.0,3,Evaluation,0.8,0,0,1,1,0,4,13,6.7,0.78,Negotiation
D0241,Kestrel Instruments,Healthcare,Enterprise,220500.0,4,Negotiation,0.82,0,0,1,1,1,4,11,5.1,0.79,Proposal
D0241,Kestrel Instruments,Healthcare,Enterprise,220500.0,5,Proposal,0.8,0,0,1,1,1,4,3,2.0,0.78,Closed Won
D0242,Trident Tech,Financial Services,Mid-Market,72500.0,1,Discovery,0.53,0,0,0,0,1,3,3,2.0,0.52,Demo
D0242,Trident Tech,Financial Services,Mid-Market,72500.0,2,Demo,0.57,1,0,0,1,1,4,8,113.2,0.54,Evaluation
D0242,Trident Tech,Financial Services,Mid-Market,72500.0,3,Evaluation,0.44,1,0,0,1,1,3,7,14.4,0.46,Negotiation
D0242,Trident Tech,Financial Services,Mid-Market,72500.0,4,Negotiation,0.46,2,1,0,1,1,1,2,12.5,0.48,Proposal
D0242,Trident Tech,Financial Services,Mid-Market,72500.0,5,Proposal,0.46,2,1,0,1,1,1,9,29.3,0.48,Closed Won
D0243,Aegis Software,Retail,SMB,30700.0,1,Discovery,0.72,0,0,0,0,0,4,4,4.9,0.72,Demo
D0243,Aegis Software,Retail,SMB,30700.0,2,Demo,0.82,0,0,0,1,1,2,13,59.0,0.78,Evaluation
D0244,Kestrel Instruments,Manufacturing,Mid-Market,111900.0,1,Discovery,0.68,1,0,1,0,0,4,5,2.0,0.67,Discovery
D0244,Kestrel Instruments,Manufacturing,Mid-Market,111900.0,2,Discovery,0.68,2,0,1,1,0,4,10,11.5,0.67,Demo
D0244,Kestrel Instruments,Manufacturing,Mid-Market,111900.0,3,Demo,0.72,2,0,1,1,0,2,2,45.0,0.69,Lost
D0245,Beacon Robotics,Healthcare,Enterprise,166900.0,1,Discovery,0.29,0,1,1,0,0,2,5,114.3,0.28,Lost
D0246,Cobalt Freight,Logistics,Mid-Market,95800.0,1,Discovery,0.3,0,0,0,0,0,2,5,20.9,0.32,Lost
D0247,Apex Cloud Systems,Logistics,Startup,34600.0,1,Discovery,0.65,0,1,1,0,1,1,5,18.6,0.68,Demo
D0247,Apex Cloud Systems,Logistics,Startup,34600.0,2,Demo,0.69,0,1,1,1,1,2,6,3.6,0.7,Evaluation
D0248,Zenith Textiles,Healthcare,Mid-Market,123100.0,1,Discovery,0.73,1,0,0,0,1,4,3,5.2,0.72,Demo
D0248,Zenith Textiles,Healthcare,Mid-Market,123100.0,2,Demo,0.68,2,1,0,1,1,1,1,56.4,0.69,Lost
D0249,Pulse Dynamics,Technology,Mid-Market,154000.0,1,Discovery,0.36,0,0,0,0,0,3,1,33.7,0.36,Discovery
D0249,Pulse Dynamics,Technology,Mid-Market,154000.0,2,Discovery,0.39,1,1,1,0,0,3,4,30.1,0.38,Lost
D0250,Summit BioPharma,Logistics,SMB,69100.0,1,Discovery,0.43,0,0,0,0,1,1,3,19.8,0.44,Demo
D0250,Summit BioPharma,Logistics,SMB,69100.0,2,Demo,0.35,0,0,0,1,1,4,2,7.2,0.39,Evaluation
D0250,Summit BioPharma,Logistics,SMB,69100.0,3,Evaluation,0.24,1,0,0,1,1,3,14,5.3,0.33,Negotiation
D0250,Summit BioPharma,Logistics,SMB,69100.0,4,Negotiation,0.16,1,1,0,1,1,1,4,6.9,0.28,Lost
D0251,OmniCommerce,Technology,Mid-Market,81400.0,1,Discovery,0.73,0,1,1,0,0,1,5,5.0,0.65,Demo
D0251,OmniCommerce,Technology,Mid-Market,81400.0,2,Demo,0.81,0,1,1,1,0,1,10,36.8,0.7,Evaluation
D0251,OmniCommerce,Technology,Mid-Market,81400.0,3,Evaluation,0.74,1,1,1,1,1,2,4,10.5,0.66,Negotiation
D0251,OmniCommerce,Technology,Mid-Market,81400.0,4,Negotiation,0.83,1,1,1,1,1,3,3,2.0,0.71,Proposal
D0251,OmniCommerce,Technology,Mid-Market,81400.0,5,Proposal,0.93,1,1,1,1,1,4,1,84.5,0.77,Closed Won
D0252,Helix Diagnostics,Technology,Startup,10600.0,1,Discovery,0.58,0,0,1,0,1,3,3,43.9,0.62,Demo
D0252,Helix Diagnostics,Technology,Startup,10600.0,2,Demo,0.69,0,0,1,1,1,4,12,53.7,0.69,Evaluation
D0252,Helix Diagnostics,Technology,Startup,10600.0,3,Evaluation,0.75,1,0,1,1,1,1,2,107.8,0.72,Negotiation
D0252,Helix Diagnostics,Technology,Startup,10600.0,4,Negotiation,0.77,1,0,1,1,1,2,4,3.9,0.73,Proposal
D0252,Helix Diagnostics,Technology,Startup,10600.0,5,Proposal,0.74,2,1,1,1,1,1,1,10.3,0.72,Closed Won
D0253,Kestrel Instruments,Retail,SMB,33500.0,1,Discovery,0.34,0,0,0,0,0,2,3,52.9,0.32,Lost
D0254,Cascade Security,Healthcare,SMB,58100.0,1,Discovery,0.81,0,0,1,0,0,2,4,21.7,0.8,Demo
D0254,Cascade Security,Healthcare,SMB,58100.0,2,Demo,0.86,0,1,1,1,1,2,4,3.1,0.83,Evaluation
D0254,Cascade Security,Healthcare,SMB,58100.0,3,Evaluation,0.83,1,1,1,1,1,4,8,30.9,0.81,Negotiation
D0254,Cascade Security,Healthcare,SMB,58100.0,4,Negotiation,0.83,2,1,1,1,1,2,8,4.6,0.81,Proposal
D0255,Helix Diagnostics,Technology,Startup,31700.0,1,Discovery,0.43,0,0,1,0,1,2,4,16.4,0.52,Demo
D0255,Helix Diagnostics,Technology,Startup,31700.0,2,Demo,0.4,0,0,1,1,1,1,9,19.1,0.5,Evaluation
D0255,Helix Diagnostics,Technology,Startup,31700.0,3,Evaluation,0.34,0,0,1,1,1,3,8,18.4,0.46,Negotiation
D0256,Coastal Foods Ltd,Logistics,Startup,11000.0,1,Discovery,0.46,0,0,0,0,1,1,2,80.6,0.38,Discovery
D0256,Coastal Foods Ltd,Logistics,Startup,11000.0,2,Discovery,0.36,0,1,1,0,1,1,7,11.8,0.32,Discovery
D0257,OmniCommerce,Healthcare,Startup,26400.0,1,Discovery,0.51,1,0,0,0,1,1,2,79.1,0.43,Discovery
D0257,OmniCommerce,Healthcare,Startup,26400.0,2,Discovery,0.42,1,0,0,0,1,1,13,112.2,0.37,Lost
D0258,Synthetix Labs,Technology,SMB,74500.0,1,Discovery,0.63,0,0,1,0,0,1,2,39.6,0.66,Discovery
D0258,Synthetix Labs,Technology,SMB,74500.0,2,Discovery,0.6,0,0,1,1,1,3,9,33.1,0.64,Demo
D0258,Synthetix Labs,Technology,SMB,74500.0,3,Demo,0.72,0,1,1,1,1,4,9,21.3,0.71,Evaluation
D0258,Synthetix Labs,Technology,SMB,74500.0,4,Evaluation,0.78,0,2,1,1,1,2,14,16.0,0.75,Negotiation
D0258,Synthetix Labs,Technology,SMB,74500.0,5,Negotiation,0.7,0,2,1,1,1,3,7,2.0,0.7,Proposal
D0258,Synthetix Labs,Technology,SMB,74500.0,6,Proposal,0.69,1,2,1,1,1,4,5,10.5,0.69,Closed Won
D0259,Vanguard Supply,Manufacturing,Startup,23600.0,1,Discovery,0.54,0,0,1,0,0,3,4,10.2,0.57,Discovery
D0259,Vanguard Supply,Manufacturing,Startup,23600.0,2,Discovery,0.45,1,1,1,1,1,3,3,6.6,0.52,Demo
D0259,Vanguard Supply,Manufacturing,Startup,23600.0,3,Demo,0.35,1,1,1,1,1,1,5,28.2,0.46,Lost
D0260,Frontier FinCorp,Manufacturing,Mid-Market,110200.0,1,Discovery,0.51,0,0,1,0,0,3,1,12.6,0.62,Discovery
D0260,Frontier FinCorp,Manufacturing,Mid-Market,110200.0,2,Discovery,0.61,0,0,1,1,0,4,1,2.0,0.68,Demo
D0260,Frontier FinCorp,Manufacturing,Mid-Market,110200.0,3,Demo,0.69,0,0,1,1,1,3,5,4.6,0.72,Evaluation
D0260,Frontier FinCorp,Manufacturing,Mid-Market,110200.0,4,Evaluation,0.71,1,1,1,1,1,2,3,21.2,0.74,Negotiation
D0260,Frontier FinCorp,Manufacturing,Mid-Market,110200.0,5,Negotiation,0.64,1,1,1,1,1,4,11,2.0,0.69,Proposal
D0260,Frontier FinCorp,Manufacturing,Mid-Market,110200.0,6,Proposal,0.64,1,1,1,1,1,3,8,35.2,0.69,Proposal
D0261,Kestrel Instruments,Healthcare,SMB,43700.0,1,Discovery,0.77,0,0,1,0,0,4,1,15.3,0.69,Demo
D0261,Kestrel Instruments,Healthcare,SMB,43700.0,2,Demo,0.8,0,1,1,1,1,1,14,20.9,0.71,Evaluation
D0261,Kestrel Instruments,Healthcare,SMB,43700.0,3,Evaluation,0.83,0,2,1,1,1,3,14,40.6,0.73,Negotiation
D0261,Kestrel Instruments,Healthcare,SMB,43700.0,4,Negotiation,0.76,0,2,1,1,1,1,9,10.0,0.69,Proposal
D0261,Kestrel Instruments,Healthcare,SMB,43700.0,5,Proposal,0.77,0,3,1,1,1,2,11,26.4,0.69,Proposal
D0261,Kestrel Instruments,Healthcare,SMB,43700.0,6,Proposal,0.69,0,3,1,1,1,1,2,19.4,0.64,Closed Won
D0262,Cascade Security,Retail,SMB,71300.0,1,Discovery,0.59,0,0,0,0,0,3,2,9.6,0.51,Discovery
D0262,Cascade Security,Retail,SMB,71300.0,2,Discovery,0.51,0,0,1,0,0,1,11,65.5,0.46,Discovery
D0262,Cascade Security,Retail,SMB,71300.0,3,Discovery,0.55,0,0,1,1,1,4,10,49.6,0.48,Demo
D0262,Cascade Security,Retail,SMB,71300.0,4,Demo,0.41,0,0,1,1,1,1,3,33.3,0.4,Evaluation
D0262,Cascade Security,Retail,SMB,71300.0,5,Evaluation,0.43,0,0,1,1,1,4,11,59.0,0.41,Negotiation
D0263,OmniCommerce,Financial Services,SMB,28100.0,1,Discovery,0.62,1,0,1,0,0,3,5,28.0,0.61,Discovery
D0263,OmniCommerce,Financial Services,SMB,28100.0,2,Discovery,0.69,1,0,1,1,0,4,14,41.1,0.65,Demo
D0263,OmniCommerce,Financial Services,SMB,28100.0,3,Demo,0.73,1,0,1,1,1,3,9,27.1,0.68,Evaluation
D0263,OmniCommerce,Financial Services,SMB,28100.0,4,Evaluation,0.74,1,0,1,1,1,1,7,25.9,0.68,Negotiation
D0264,Everline Retail,Healthcare,Mid-Market,98400.0,1,Discovery,0.56,0,0,1,0,0,1,3,25.6,0.65,Discovery
D0264,Everline Retail,Healthcare,Mid-Market,98400.0,2,Discovery,0.5,0,0,1,1,1,2,1,3.2,0.61,Demo
D0265,Kestrel Instruments,Healthcare,Startup,8700.0,1,Discovery,0.5,0,1,1,0,1,1,2,37.9,0.61,Demo
D0265,Kestrel Instruments,Healthcare,Startup,8700.0,2,Demo,0.48,0,1,1,1,1,4,12,2.0,0.6,Evaluation
D0266,Apex Cloud Systems,Education,SMB,30000.0,1,Discovery,0.54,0,0,1,0,0,1,3,3.6,0.52,Discovery
D0266,Apex Cloud Systems,Education,SMB,30000.0,2,Discovery,0.51,0,0,1,1,0,2,2,10.5,0.51,Demo
D0267,Helix Diagnostics,Technology,Startup,19400.0,1,Discovery,0.26,0,1,0,0,0,3,5,6.1,0.28,Discovery
D0267,Helix Diagnostics,Technology,Startup,19400.0,2,Discovery,0.31,0,1,1,1,1,1,10,58.9,0.31,Demo
D0268,Kestrel Instruments,Education,Enterprise,172400.0,1,Discovery,0.8,0,1,1,0,0,4,2,13.3,0.78,Demo
D0268,Kestrel Instruments,Education,Enterprise,172400.0,2,Demo,0.84,1,2,1,1,1,2,12,2.0,0.81,Evaluation
D0269,Acuity Networks,Logistics,Mid-Market,140800.0,1,Discovery,0.77,0,0,0,0,1,2,1,23.9,0.67,Demo
D0269,Acuity Networks,Logistics,Mid-Market,140800.0,2,Demo,0.81,0,0,0,0,1,2,10,99.1,0.69,Evaluation
D0270,Cobalt Freight,Logistics,SMB,43300.0,1,Discovery,0.61,1,0,0,0,1,3,3,7.4,0.58,Demo
D0270,Cobalt Freight,Logistics,SMB,43300.0,2,Demo,0.67,1,1,0,1,1,1,5,24.8,0.61,Evaluation
D0270,Cobalt Freight,Logistics,SMB,43300.0,3,Evaluation,0.79,1,2,0,1,1,1,4,19.1,0.69,Negotiation
D0270,Cobalt Freight,Logistics,SMB,43300.0,4,Negotiation,0.8,1,3,0,1,1,4,12,37.3,0.69,Lost
D0271,Vanguard Supply,Financial Services,SMB,66400.0,1,Discovery,0.55,0,1,1,0,1,4,4,4.5,0.43,Demo
D0271,Vanguard Supply,Financial Services,SMB,66400.0,2,Demo,0.61,1,1,1,1,1,4,11,57.2,0.47,Evaluation
D0271,Vanguard Supply,Financial Services,SMB,66400.0,3,Evaluation,0.63,1,1,1,1,1,3,13,31.1,0.48,Negotiation
D0271,Vanguard Supply,Financial Services,SMB,66400.0,4,Negotiation,0.67,1,1,1,1,1,4,6,131.7,0.5,Proposal
D0271,Vanguard Supply,Financial Services,SMB,66400.0,5,Proposal,0.65,1,1,1,1,1,3,12,16.7,0.49,Closed Won
D0272,NexGen Health,Retail,SMB,74600.0,1,Discovery,0.34,1,1,0,0,0,1,3,33.2,0.34,Lost
D0273,Vanguard Supply,Education,Mid-Market,137200.0,1,Discovery,0.59,0,0,0,0,0,3,3,118.8,0.44,Discovery
D0273,Vanguard Supply,Education,Mid-Market,137200.0,2,Discovery,0.45,0,0,1,0,1,4,4,4.8,0.35,Demo
D0273,Vanguard Supply,Education,Mid-Market,137200.0,3,Demo,0.44,0,1,1,0,1,3,3,122.3,0.35,Lost
D0274,Veritas Analytics,Logistics,Startup,11100.0,1,Discovery,0.35,1,0,1,0,0,3,4,49.5,0.3,Discovery
D0274,Veritas Analytics,Logistics,Startup,11100.0,2,Discovery,0.25,1,0,1,1,1,1,9,3.0,0.24,Demo
D0274,Veritas Analytics,Logistics,Startup,11100.0,3,Demo,0.13,2,0,1,1,1,3,6,15.2,0.17,Lost
D0275,Kestrel Instruments,Manufacturing,SMB,45400.0,1,Discovery,0.69,0,0,1,0,1,1,3,28.0,0.65,Demo
D0275,Kestrel Instruments,Manufacturing,SMB,45400.0,2,Demo,0.72,0,0,1,0,1,2,10,2.0,0.67,Evaluation
D0275,Kestrel Instruments,Manufacturing,SMB,45400.0,3,Evaluation,0.79,0,1,1,1,1,2,6,19.9,0.71,Negotiation
D0275,Kestrel Instruments,Manufacturing,SMB,45400.0,4,Negotiation,0.91,0,1,1,1,1,1,11,9.7,0.78,Proposal
D0275,Kestrel Instruments,Manufacturing,SMB,45400.0,5,Proposal,0.94,0,1,1,1,1,4,11,22.1,0.8,Proposal
D0276,Frontier FinCorp,Healthcare,SMB,62400.0,1,Discovery,0.47,1,0,1,0,0,3,4,78.7,0.39,Discovery
D0276,Frontier FinCorp,Healthcare,SMB,62400.0,2,Discovery,0.46,1,0,1,1,0,2,10,139.3,0.38,Discovery
D0276,Frontier FinCorp,Healthcare,SMB,62400.0,3,Discovery,0.36,1,0,1,1,1,1,2,133.1,0.32,Lost
D0277,Cobalt Freight,Technology,Startup,19300.0,1,Discovery,0.71,0,0,0,0,0,2,1,29.0,0.69,Discovery
D0277,Cobalt Freight,Technology,Startup,19300.0,2,Discovery,0.77,0,0,0,0,1,4,14,2.9,0.73,Demo
D0277,Cobalt Freight,Technology,Startup,19300.0,3,Demo,0.89,0,0,0,0,1,3,2,29.7,0.8,Evaluation
D0277,Cobalt Freight,Technology,Startup,19300.0,4,Evaluation,0.88,0,0,0,0,1,1,1,2.0,0.79,Negotiation
D0277,Cobalt Freight,Technology,Startup,19300.0,5,Negotiation,0.82,0,1,0,0,1,4,8,2.0,0.76,Proposal
D0277,Cobalt Freight,Technology,Startup,19300.0,6,Proposal,0.82,1,1,0,0,1,1,13,8.2,0.76,Closed Won
D0278,NexGen Health,Financial Services,Mid-Market,87900.0,1,Discovery,0.58,0,0,1,0,0,1,3,14.0,0.61,Discovery
D0278,NexGen Health,Financial Services,Mid-Market,87900.0,2,Discovery,0.7,0,0,1,1,1,4,6,30.7,0.69,Demo
D0278,NexGen Health,Financial Services,Mid-Market,87900.0,3,Demo,0.66,0,1,1,1,1,4,4,24.0,0.66,Evaluation
D0279,Veritas Analytics,Education,Startup,14300.0,1,Discovery,0.44,0,0,1,0,0,2,5,10.1,0.41,Discovery
D0279,Veritas Analytics,Education,Startup,14300.0,2,Discovery,0.46,0,0,1,1,1,4,1,185.7,0.42,Discovery
D0280,Vanguard Supply,Technology,Enterprise,348400.0,1,Discovery,0.83,0,0,0,0,1,2,1,12.9,0.75,Demo
D0280,Vanguard Supply,Technology,Enterprise,348400.0,2,Demo,0.94,0,0,0,1,1,1,9,3.8,0.82,Evaluation
D0281,Helix Diagnostics,Logistics,Startup,11700.0,1,Discovery,0.45,0,0,1,0,0,4,3,34.0,0.44,Discovery
D0281,Helix Diagnostics,Logistics,Startup,11700.0,2,Discovery,0.46,0,1,1,1,0,2,2,7.2,0.45,Demo
D0281,Helix Diagnostics,Logistics,Startup,11700.0,3,Demo,0.53,0,1,1,1,1,4,10,2.5,0.49,Evaluation
D0282,Beacon Robotics,Retail,SMB,35900.0,1,Discovery,0.61,1,0,1,0,1,3,4,19.6,0.68,Demo
D0282,Beacon Robotics,Retail,SMB,35900.0,2,Demo,0.6,1,0,1,0,1,2,7,5.9,0.67,Evaluation
D0282,Beacon Robotics,Retail,SMB,35900.0,3,Evaluation,0.51,1,0,1,1,1,1,4,55.5,0.62,Negotiation
D0282,Beacon Robotics,Retail,SMB,35900.0,4,Negotiation,0.5,1,0,1,1,1,3,13,3.0,0.61,Proposal
D0282,Beacon Robotics,Retail,SMB,35900.0,5,Proposal,0.5,1,1,1,1,1,3,1,10.4,0.61,Closed Won
D0283,NexGen Health,Financial Services,Startup,24900.0,1,Discovery,0.65,0,0,0,0,1,1,2,53.4,0.7,Demo
D0283,NexGen Health,Financial Services,Startup,24900.0,2,Demo,0.58,0,1,0,1,1,1,6,10.1,0.66,Evaluation
D0283,NexGen Health,Financial Services,Startup,24900.0,3,Evaluation,0.55,0,1,0,1,1,4,9,18.9,0.64,Negotiation
D0283,NexGen Health,Financial Services,Startup,24900.0,4,Negotiation,0.57,0,1,0,1,1,2,4,9.4,0.65,Proposal
D0283,NexGen Health,Financial Services,Startup,24900.0,5,Proposal,0.52,1,1,0,1,1,4,9,6.0,0.62,Proposal
D0283,NexGen Health,Financial Services,Startup,24900.0,6,Proposal,0.45,2,1,0,1,1,1,4,76.8,0.58,Closed Won
D0284,BrightPath Logistics,Technology,Startup,27500.0,1,Discovery,0.6,0,0,1,0,1,2,5,11.1,0.62,Demo
D0284,BrightPath Logistics,Technology,Startup,27500.0,2,Demo,0.52,0,0,1,1,1,3,13,47.1,0.57,Evaluation
D0284,BrightPath Logistics,Technology,Startup,27500.0,3,Evaluation,0.53,1,0,1,1,1,4,11,5.5,0.58,Negotiation
D0284,BrightPath Logistics,Technology,Startup,27500.0,4,Negotiation,0.6,1,0,1,1,1,2,12,5.0,0.62,Proposal
D0284,BrightPath Logistics,Technology,Startup,27500.0,5,Proposal,0.6,1,0,1,1,1,1,12,2.0,0.62,Closed Won
D0285,Trident Tech,Manufacturing,Startup,25000.0,1,Discovery,0.44,0,0,1,0,1,2,4,42.2,0.36,Discovery
D0285,Trident Tech,Manufacturing,Startup,25000.0,2,Discovery,0.3,0,0,1,1,1,2,13,18.4,0.28,Demo
D0285,Trident Tech,Manufacturing,Startup,25000.0,3,Demo,0.22,1,0,1,1,1,4,12,79.9,0.23,Demo
D0285,Trident Tech,Manufacturing,Startup,25000.0,4,Demo,0.12,1,0,1,1,1,4,6,25.6,0.17,Lost
D0286,OmniCommerce,Technology,SMB,62800.0,1,Discovery,0.38,0,0,0,0,1,4,2,124.8,0.35,Discovery
D0286,OmniCommerce,Technology,SMB,62800.0,2,Discovery,0.37,1,0,1,1,1,4,3,7.4,0.34,Demo
D0286,OmniCommerce,Technology,SMB,62800.0,3,Demo,0.28,2,0,1,1,1,2,6,73.5,0.29,Demo
D0286,OmniCommerce,Technology,SMB,62800.0,4,Demo,0.17,2,0,1,1,1,2,6,54.3,0.22,Demo
D0286,OmniCommerce,Technology,SMB,62800.0,5,Demo,0.12,3,0,1,1,1,3,1,53.3,0.19,Lost
D0287,Frontier FinCorp,Logistics,SMB,36300.0,1,Discovery,0.62,0,0,1,0,0,3,4,43.1,0.6,Discovery
D0287,Frontier FinCorp,Logistics,SMB,36300.0,2,Discovery,0.63,0,1,1,1,1,1,4,33.1,0.61,Demo
D0287,Frontier FinCorp,Logistics,SMB,36300.0,3,Demo,0.71,0,1,1,1,1,4,11,22.8,0.66,Evaluation
D0288,Apex Cloud Systems,Healthcare,Startup,31600.0,1,Discovery,0.37,0,1,0,0,1,4,4,2.0,0.38,Demo
D0288,Apex Cloud Systems,Healthcare,Startup,31600.0,2,Demo,0.24,0,1,0,0,1,4,7,76.9,0.3,Demo
D0289,Prime Packaging,Logistics,Mid-Market,128500.0,1,Discovery,0.69,0,0,0,0,0,1,2,39.0,0.63,Discovery
D0289,Prime Packaging,Logistics,Mid-Market,128500.0,2,Discovery,0.63,1,0,1,1,0,2,10,16.1,0.59,Demo
D0289,Prime Packaging,Logistics,Mid-Market,128500.0,3,Demo,0.53,1,0,1,1,0,3,10,3.1,0.53,Evaluation
D0289,Prime Packaging,Logistics,Mid-Market,128500.0,4,Evaluation,0.58,1,0,1,1,0,1,5,3.3,0.56,Negotiation
D0289,Prime Packaging,Logistics,Mid-Market,128500.0,5,Negotiation,0.7,1,0,1,1,0,1,5,28.3,0.63,Proposal
D0289,Prime Packaging,Logistics,Mid-Market,128500.0,6,Proposal,0.78,1,0,1,1,1,4,11,13.8,0.68,Closed Won
D0290,Zenith Textiles,Financial Services,Enterprise,155200.0,1,Discovery,0.48,0,0,1,0,0,1,1,4.8,0.54,Discovery
D0290,Zenith Textiles,Financial Services,Enterprise,155200.0,2,Discovery,0.58,0,0,1,0,1,2,14,14.5,0.6,Demo
D0290,Zenith Textiles,Financial Services,Enterprise,155200.0,3,Demo,0.63,0,0,1,1,1,3,3,2.0,0.63,Evaluation
D0291,Vanguard Supply,Financial Services,Startup,21600.0,1,Discovery,0.56,0,0,1,0,1,3,1,11.2,0.46,Demo
D0291,Vanguard Supply,Financial Services,Startup,21600.0,2,Demo,0.59,0,0,1,1,1,1,2,57.1,0.48,Evaluation
D0291,Vanguard Supply,Financial Services,Startup,21600.0,3,Evaluation,0.6,0,0,1,1,1,3,4,13.3,0.48,Negotiation
D0291,Vanguard Supply,Financial Services,Startup,21600.0,4,Negotiation,0.49,1,0,1,1,1,2,14,21.7,0.42,Proposal
D0291,Vanguard Supply,Financial Services,Startup,21600.0,5,Proposal,0.41,1,1,1,1,1,3,3,2.0,0.37,Proposal
D0291,Vanguard Supply,Financial Services,Startup,21600.0,6,Proposal,0.42,2,1,1,1,1,1,5,2.7,0.37,Lost
D0292,Synthetix Labs,Financial Services,SMB,51900.0,1,Discovery,0.39,0,0,1,0,0,2,3,17.0,0.36,Discovery
D0292,Synthetix Labs,Financial Services,SMB,51900.0,2,Discovery,0.35,0,0,1,1,1,2,9,22.4,0.34,Demo
D0292,Synthetix Labs,Financial Services,SMB,51900.0,3,Demo,0.22,0,0,1,1,1,3,6,31.3,0.26,Evaluation
D0292,Synthetix Labs,Financial Services,SMB,51900.0,4,Evaluation,0.15,0,1,1,1,1,1,6,11.8,0.22,Negotiation
D0292,Synthetix Labs,Financial Services,SMB,51900.0,5,Negotiation,0.14,0,1,1,1,1,4,3,40.6,0.21,Proposal
D0292,Synthetix Labs,Financial Services,SMB,51900.0,6,Proposal,0.12,0,1,1,1,1,4,12,67.3,0.2,Closed Won
D0293,Pulse Dynamics,Education,Enterprise,333200.0,1,Discovery,0.65,1,0,0,0,1,4,5,58.6,0.5,Discovery
D0293,Pulse Dynamics,Education,Enterprise,333200.0,2,Discovery,0.51,2,0,0,0,1,2,9,2.0,0.41,Discovery
D0293,Pulse Dynamics,Education,Enterprise,333200.0,3,Discovery,0.36,3,1,0,0,1,3,2,25.4,0.32,Lost
D0294,NexGen Health,Manufacturing,SMB,34200.0,1,Discovery,0.51,0,0,1,0,0,2,2,2.2,0.59,Discovery
D0294,NexGen Health,Manufacturing,SMB,34200.0,2,Discovery,0.58,0,0,1,0,0,4,8,5.5,0.63,Discovery
D0294,NexGen Health,Manufacturing,SMB,34200.0,3,Discovery,0.66,0,0,1,0,1,4,2,85.0,0.68,Demo
D0294,NexGen Health,Manufacturing,SMB,34200.0,4,Demo,0.77,0,0,1,1,1,4,12,3.0,0.75,Evaluation
D0294,NexGen Health,Manufacturing,SMB,34200.0,5,Evaluation,0.85,1,0,1,1,1,2,1,13.6,0.8,Negotiation
D0295,BrightPath Logistics,Manufacturing,SMB,34000.0,1,Discovery,0.51,1,0,1,0,0,1,4,44.5,0.42,Lost
D0296,Skyward Aerospace,Logistics,Startup,31300.0,1,Discovery,0.54,0,0,0,0,1,4,2,16.7,0.6,Demo
D0296,Skyward Aerospace,Logistics,Startup,31300.0,2,Demo,0.61,1,0,0,1,1,3,1,2.0,0.64,Evaluation
D0297,Acuity Networks,Financial Services,Mid-Market,147000.0,1,Discovery,0.31,0,0,1,0,0,3,5,29.3,0.29,Discovery
D0297,Acuity Networks,Financial Services,Mid-Market,147000.0,2,Discovery,0.23,1,0,1,1,0,4,2,3.7,0.24,Discovery
D0297,Acuity Networks,Financial Services,Mid-Market,147000.0,3,Discovery,0.16,1,0,1,1,1,3,9,17.3,0.2,Lost
D0298,Novus Capital,Retail,Startup,10300.0,1,Discovery,0.45,0,0,0,0,1,4,4,2.0,0.37,Demo
D0298,Novus Capital,Retail,Startup,10300.0,2,Demo,0.53,0,0,0,1,1,4,14,3.2,0.42,Evaluation
D0298,Novus Capital,Retail,Startup,10300.0,3,Evaluation,0.39,0,0,0,1,1,3,2,19.9,0.34,Negotiation
D0298,Novus Capital,Retail,Startup,10300.0,4,Negotiation,0.45,0,1,0,1,1,3,12,5.6,0.37,Proposal
D0298,Novus Capital,Retail,Startup,10300.0,5,Proposal,0.42,0,1,0,1,1,2,2,33.0,0.35,Proposal
D0298,Novus Capital,Retail,Startup,10300.0,6,Proposal,0.37,0,1,0,1,1,1,12,46.1,0.32,Proposal
D0298,Novus Capital,Retail,Startup,10300.0,7,Proposal,0.43,0,1,0,1,1,2,13,63.5,0.36,Proposal
D0298,Novus Capital,Retail,Startup,10300.0,8,Proposal,0.34,1,1,0,1,1,1,5,8.8,0.31,Closed Won
D0299,Kestrel Instruments,Logistics,SMB,36100.0,1,Discovery,0.41,0,0,0,0,0,3,5,8.0,0.33,Discovery
D0299,Kestrel Instruments,Logistics,SMB,36100.0,2,Discovery,0.46,1,1,1,1,1,4,9,4.8,0.36,Demo
D0299,Kestrel Instruments,Logistics,SMB,36100.0,3,Demo,0.51,2,2,1,1,1,2,8,44.3,0.39,Evaluation
D0299,Kestrel Instruments,Logistics,SMB,36100.0,4,Evaluation,0.53,3,2,1,1,1,4,11,53.7,0.4,Evaluation
D0300,Aegis Software,Manufacturing,SMB,49500.0,1,Discovery,0.28,0,0,1,0,1,1,5,91.6,0.3,Lost
D0301,Aegis Software,Logistics,Enterprise,246500.0,1,Discovery,0.45,1,0,1,0,1,3,5,2.0,0.43,Discovery
D0301,Aegis Software,Logistics,Enterprise,246500.0,2,Discovery,0.34,1,0,1,1,1,4,4,23.0,0.37,Demo
D0301,Aegis Software,Logistics,Enterprise,246500.0,3,Demo,0.4,1,1,1,1,1,1,5,36.4,0.4,Evaluation
D0302,BrightPath Logistics,Financial Services,SMB,45400.0,1,Discovery,0.47,1,0,0,0,0,4,5,54.5,0.37,Lost
D0303,Frontier FinCorp,Logistics,Enterprise,160300.0,1,Discovery,0.63,0,1,0,0,1,1,3,30.3,0.68,Demo
D0303,Frontier FinCorp,Logistics,Enterprise,160300.0,2,Demo,0.73,1,1,0,0,1,2,4,7.8,0.74,Evaluation
D0303,Frontier FinCorp,Logistics,Enterprise,160300.0,3,Evaluation,0.72,1,1,0,0,1,4,4,31.5,0.74,Negotiation
D0304,Beacon Robotics,Technology,Mid-Market,120700.0,1,Discovery,0.49,0,0,1,0,1,1,4,40.8,0.61,Demo
D0304,Beacon Robotics,Technology,Mid-Market,120700.0,2,Demo,0.52,1,0,1,1,1,4,12,14.4,0.63,Evaluation
D0304,Beacon Robotics,Technology,Mid-Market,120700.0,3,Evaluation,0.47,1,1,1,1,1,1,13,30.8,0.6,Negotiation
D0304,Beacon Robotics,Technology,Mid-Market,120700.0,4,Negotiation,0.53,1,1,1,1,1,2,8,10.9,0.64,Proposal
D0304,Beacon Robotics,Technology,Mid-Market,120700.0,5,Proposal,0.53,1,1,1,1,1,2,13,18.7,0.64,Closed Won
D0305,Vanguard Supply,Financial Services,Startup,11800.0,1,Discovery,0.54,0,0,0,0,1,3,3,18.9,0.53,Demo
D0305,Vanguard Supply,Financial Services,Startup,11800.0,2,Demo,0.57,0,1,0,1,1,4,12,33.2,0.55,Evaluation
D0306,Zenith Textiles,Manufacturing,SMB,50400.0,1,Discovery,0.64,0,0,0,0,0,2,5,2.0,0.67,Demo
D0306,Zenith Textiles,Manufacturing,SMB,50400.0,2,Demo,0.62,0,0,0,1,0,4,7,5.5,0.66,Evaluation
D0306,Zenith Textiles,Manufacturing,SMB,50400.0,3,Evaluation,0.58,0,1,0,1,1,1,11,3.4,0.64,Negotiation
D0306,Zenith Textiles,Manufacturing,SMB,50400.0,4,Negotiation,0.68,0,1,0,1,1,1,13,40.1,0.7,Proposal
D0306,Zenith Textiles,Manufacturing,SMB,50400.0,5,Proposal,0.72,0,2,0,1,1,2,1,4.8,0.72,Proposal
D0306,Zenith Textiles,Manufacturing,SMB,50400.0,6,Proposal,0.74,0,2,0,1,1,1,9,72.7,0.73,Closed Won
D0307,Kestrel Instruments,Technology,SMB,51100.0,1,Discovery,0.27,1,0,0,0,1,2,2,13.5,0.3,Discovery
D0307,Kestrel Instruments,Technology,SMB,51100.0,2,Discovery,0.25,1,1,0,0,1,1,4,6.6,0.29,Discovery
D0307,Kestrel Instruments,Technology,SMB,51100.0,3,Discovery,0.13,1,2,1,0,1,1,8,51.3,0.22,Lost
D0308,Summit BioPharma,Technology,SMB,35700.0,1,Discovery,0.35,0,0,0,0,1,1,4,27.9,0.41,Discovery
D0308,Summit BioPharma,Technology,SMB,35700.0,2,Discovery,0.35,0,0,0,0,1,4,13,17.9,0.41,Demo
D0308,Summit BioPharma,Technology,SMB,35700.0,3,Demo,0.36,0,0,0,1,1,4,6,21.1,0.41,Evaluation
D0308,Summit BioPharma,Technology,SMB,35700.0,4,Evaluation,0.28,0,0,0,1,1,3,9,33.0,0.36,Negotiation
D0308,Summit BioPharma,Technology,SMB,35700.0,5,Negotiation,0.15,1,0,0,1,1,4,9,6.7,0.29,Proposal
D0308,Summit BioPharma,Technology,SMB,35700.0,6,Proposal,0.12,1,0,0,1,1,4,14,145.8,0.27,Lost
D0309,Pulse Dynamics,Healthcare,SMB,40300.0,1,Discovery,0.62,1,0,1,0,1,2,3,77.0,0.64,Discovery
D0309,Pulse Dynamics,Healthcare,SMB,40300.0,2,Discovery,0.68,1,0,1,1,1,2,10,22.0,0.67,Demo
D0309,Pulse Dynamics,Healthcare,SMB,40300.0,3,Demo,0.65,1,1,1,1,1,3,4,4.7,0.65,Evaluation
D0309,Pulse Dynamics,Healthcare,SMB,40300.0,4,Evaluation,0.72,1,1,1,1,1,3,6,23.9,0.7,Negotiation
D0309,Pulse Dynamics,Healthcare,SMB,40300.0,5,Negotiation,0.79,1,1,1,1,1,1,7,2.0,0.74,Proposal
D0310,Solstice Media,Financial Services,SMB,35000.0,1,Discovery,0.47,0,0,1,0,1,1,3,10.1,0.41,Demo
D0310,Solstice Media,Financial Services,SMB,35000.0,2,Demo,0.46,0,0,1,0,1,4,1,21.1,0.41,Evaluation
D0310,Solstice Media,Financial Services,SMB,35000.0,3,Evaluation,0.38,1,0,1,1,1,1,7,69.0,0.36,Negotiation
D0310,Solstice Media,Financial Services,SMB,35000.0,4,Negotiation,0.26,1,1,1,1,1,1,12,44.2,0.29,Lost
D0311,Summit BioPharma,Financial Services,Startup,14600.0,1,Discovery,0.63,0,0,0,0,1,3,5,32.9,0.6,Demo
D0311,Summit BioPharma,Financial Services,Startup,14600.0,2,Demo,0.58,0,0,0,0,1,3,12,13.4,0.57,Evaluation
D0311,Summit BioPharma,Financial Services,Startup,14600.0,3,Evaluation,0.69,0,1,0,0,1,4,6,10.3,0.63,Negotiation
D0311,Summit BioPharma,Financial Services,Startup,14600.0,4,Negotiation,0.73,0,2,0,0,1,3,5,11.2,0.66,Proposal
D0311,Summit BioPharma,Financial Services,Startup,14600.0,5,Proposal,0.64,0,2,0,0,1,4,7,106.4,0.6,Closed Won
D0312,Atlas Energy,Retail,Enterprise,340800.0,1,Discovery,0.85,0,0,1,0,0,3,4,2.0,0.8,Demo
D0312,Atlas Energy,Retail,Enterprise,340800.0,2,Demo,0.95,0,1,1,1,0,1,13,39.3,0.86,Evaluation
D0312,Atlas Energy,Retail,Enterprise,340800.0,3,Evaluation,0.95,0,1,1,1,0,2,10,16.8,0.86,Negotiation
D0312,Atlas Energy,Retail,Enterprise,340800.0,4,Negotiation,0.96,0,1,1,1,1,2,12,11.2,0.87,Proposal
D0312,Atlas Energy,Retail,Enterprise,340800.0,5,Proposal,0.95,0,1,1,1,1,4,12,25.2,0.86,Closed Won
D0313,Solstice Media,Retail,Startup,31100.0,1,Discovery,0.59,0,1,0,0,0,3,2,16.0,0.57,Discovery
D0313,Solstice Media,Retail,Startup,31100.0,2,Discovery,0.7,0,1,1,1,0,2,5,49.6,0.64,Demo
D0313,Solstice Media,Retail,Startup,31100.0,3,Demo,0.66,0,1,1,1,0,3,6,55.4,0.62,Evaluation
D0313,Solstice Media,Retail,Startup,31100.0,4,Evaluation,0.77,0,2,1,1,0,3,4,13.1,0.68,Negotiation
D0314,Summit BioPharma,Education,SMB,65700.0,1,Discovery,0.43,0,0,1,0,1,1,5,35.4,0.36,Discovery
D0314,Summit BioPharma,Education,SMB,65700.0,2,Discovery,0.5,1,0,1,0,1,4,6,96.2,0.4,Lost
D0315,BlueShift AI,Education,SMB,73100.0,1,Discovery,0.67,0,0,0,0,0,4,1,9.3,0.51,Discovery
D0315,BlueShift AI,Education,SMB,73100.0,2,Discovery,0.55,0,0,0,0,1,1,8,38.2,0.43,Demo
D0315,BlueShift AI,Education,SMB,73100.0,3,Demo,0.41,1,0,0,1,1,2,4,39.1,0.35,Evaluation
D0315,BlueShift AI,Education,SMB,73100.0,4,Evaluation,0.36,1,0,0,1,1,2,13,51.7,0.32,Negotiation
D0316,Kestrel Instruments,Logistics,Startup,31700.0,1,Discovery,0.22,0,0,1,0,1,3,2,48.6,0.24,Discovery
D0316,Kestrel Instruments,Logistics,Startup,31700.0,2,Discovery,0.16,1,1,1,1,1,3,1,92.7,0.2,Discovery
D0316,Kestrel Instruments,Logistics,Startup,31700.0,3,Discovery,0.12,1,2,1,1,1,2,9,7.7,0.18,Demo
D0317,Apex Cloud Systems,Manufacturing,Mid-Market,96600.0,1,Discovery,0.58,0,1,1,0,1,2,4,83.3,0.58,Demo
D0317,Apex Cloud Systems,Manufacturing,Mid-Market,96600.0,2,Demo,0.54,0,2,1,0,1,1,12,4.7,0.55,Evaluation
D0317,Apex Cloud Systems,Manufacturing,Mid-Market,96600.0,3,Evaluation,0.57,0,2,1,1,1,3,12,45.1,0.57,Negotiation
D0317,Apex Cloud Systems,Manufacturing,Mid-Market,96600.0,4,Negotiation,0.65,0,2,1,1,1,2,5,15.9,0.62,Proposal
D0317,Apex Cloud Systems,Manufacturing,Mid-Market,96600.0,5,Proposal,0.6,0,2,1,1,1,1,11,6.7,0.59,Closed Won
D0318,Zenith Textiles,Financial Services,SMB,67900.0,1,Discovery,0.44,1,0,0,0,0,4,2,71.8,0.39,Lost
D0319,NexGen Health,Manufacturing,SMB,68600.0,1,Discovery,0.63,0,0,1,0,1,3,3,12.3,0.64,Demo
D0319,NexGen Health,Manufacturing,SMB,68600.0,2,Demo,0.61,0,1,1,0,1,4,4,15.1,0.63,Evaluation
D0319,NexGen Health,Manufacturing,SMB,68600.0,3,Evaluation,0.55,0,1,1,1,1,4,8,9.3,0.6,Negotiation
D0319,NexGen Health,Manufacturing,SMB,68600.0,4,Negotiation,0.61,0,2,1,1,1,2,14,18.7,0.63,Proposal
D0319,NexGen Health,Manufacturing,SMB,68600.0,5,Proposal,0.66,1,2,1,1,1,2,9,3.7,0.66,Proposal
D0320,OmniCommerce,Healthcare,SMB,72800.0,1,Discovery,0.35,0,0,1,0,0,3,4,95.9,0.39,Discovery
D0320,OmniCommerce,Healthcare,SMB,72800.0,2,Discovery,0.22,0,0,1,0,1,3,2,8.2,0.31,Discovery
D0320,OmniCommerce,Healthcare,SMB,72800.0,3,Discovery,0.3,0,0,1,1,1,4,13,29.4,0.36,Demo
D0321,Vanguard Supply,Healthcare,Enterprise,148400.0,1,Discovery,0.57,0,0,0,0,0,2,4,31.7,0.6,Discovery
D0321,Vanguard Supply,Healthcare,Enterprise,148400.0,2,Discovery,0.5,0,0,1,1,0,4,13,3.0,0.56,Demo
D0321,Vanguard Supply,Healthcare,Enterprise,148400.0,3,Demo,0.5,1,1,1,1,0,3,13,74.7,0.56,Demo
D0321,Vanguard Supply,Healthcare,Enterprise,148400.0,4,Demo,0.59,2,2,1,1,1,4,12,12.9,0.61,Evaluation
D0321,Vanguard Supply,Healthcare,Enterprise,148400.0,5,Evaluation,0.65,2,2,1,1,1,4,12,5.7,0.65,Lost
D0322,Vanguard Supply,Logistics,SMB,46000.0,1,Discovery,0.44,0,0,1,0,1,4,1,2.0,0.54,Demo
D0322,Vanguard Supply,Logistics,SMB,46000.0,2,Demo,0.54,0,0,1,1,1,4,13,3.7,0.6,Evaluation
D0322,Vanguard Supply,Logistics,SMB,46000.0,3,Evaluation,0.57,0,0,1,1,1,1,7,14.6,0.62,Negotiation
D0322,Vanguard Supply,Logistics,SMB,46000.0,4,Negotiation,0.56,0,0,1,1,1,2,2,8.2,0.62,Proposal
D0323,Synthetix Labs,Education,Mid-Market,137800.0,1,Discovery,0.62,1,0,1,0,1,1,2,12.7,0.61,Demo
D0323,Synthetix Labs,Education,Mid-Market,137800.0,2,Demo,0.58,1,0,1,1,1,3,14,6.4,0.59,Evaluation
D0324,Beacon Robotics,Education,Enterprise,269100.0,1,Discovery,0.81,0,0,0,0,1,4,2,26.2,0.74,Demo
D0324,Beacon Robotics,Education,Enterprise,269100.0,2,Demo,0.78,0,0,0,0,1,3,4,3.9,0.73,Evaluation
D0324,Beacon Robotics,Education,Enterprise,269100.0,3,Evaluation,0.86,1,0,0,0,1,2,8,3.9,0.77,Negotiation
D0324,Beacon Robotics,Education,Enterprise,269100.0,4,Negotiation,0.89,1,1,0,0,1,2,6,2.0,0.79,Proposal
D0324,Beacon Robotics,Education,Enterprise,269100.0,5,Proposal,0.94,1,1,0,0,1,3,9,28.4,0.82,Closed Won
D0325,BrightPath Logistics,Logistics,SMB,68800.0,1,Discovery,0.46,1,0,1,0,0,3,3,30.5,0.45,Discovery
D0325,BrightPath Logistics,Logistics,SMB,68800.0,2,Discovery,0.36,1,1,1,1,1,4,4,18.0,0.39,Demo
D0325,BrightPath Logistics,Logistics,SMB,68800.0,3,Demo,0.28,1,2,1,1,1,2,4,52.1,0.35,Evaluation
D0325,BrightPath Logistics,Logistics,SMB,68800.0,4,Evaluation,0.22,1,2,1,1,1,4,14,45.9,0.31,Negotiation
D0326,Kestrel Instruments,Education,SMB,43500.0,1,Discovery,0.55,0,0,0,0,1,1,3,38.8,0.63,Demo
D0326,Kestrel Instruments,Education,SMB,43500.0,2,Demo,0.57,0,0,0,1,1,2,9,4.4,0.64,Evaluation
D0326,Kestrel Instruments,Education,SMB,43500.0,3,Evaluation,0.59,0,0,0,1,1,2,2,2.3,0.65,Negotiation
D0327,Atlas Energy,Retail,Startup,34900.0,1,Discovery,0.54,1,1,1,0,0,3,1,2.6,0.41,Discovery
D0327,Atlas Energy,Retail,Startup,34900.0,2,Discovery,0.61,1,1,1,0,0,3,10,33.0,0.45,Lost
D0328,Cobalt Freight,Manufacturing,SMB,58700.0,1,Discovery,0.44,0,0,1,0,0,4,5,83.0,0.42,Discovery
D0328,Cobalt Freight,Manufacturing,SMB,58700.0,2,Discovery,0.33,0,1,1,1,1,1,6,2.0,0.36,Demo
D0328,Cobalt Freight,Manufacturing,SMB,58700.0,3,Demo,0.26,0,1,1,1,1,2,10,3.9,0.32,Evaluation
D0328,Cobalt Freight,Manufacturing,SMB,58700.0,4,Evaluation,0.27,0,1,1,1,1,4,2,18.1,0.32,Negotiation
D0328,Cobalt Freight,Manufacturing,SMB,58700.0,5,Negotiation,0.23,1,1,1,1,1,3,3,81.7,0.3,Lost
D0329,BlueShift AI,Healthcare,Startup,34600.0,1,Discovery,0.62,0,1,1,0,0,3,1,8.8,0.6,Discovery
D0329,BlueShift AI,Healthcare,Startup,34600.0,2,Discovery,0.72,0,2,1,1,1,1,3,16.3,0.66,Demo
D0329,BlueShift AI,Healthcare,Startup,34600.0,3,Demo,0.67,1,3,1,1,1,3,10,2.0,0.63,Lost
D0330,Vector Mobility,Logistics,Enterprise,257900.0,1,Discovery,0.81,0,0,0,0,1,2,2,3.9,0.7,Demo
D0330,Vector Mobility,Logistics,Enterprise,257900.0,2,Demo,0.84,1,0,0,0,1,1,13,104.3,0.72,Evaluation
D0330,Vector Mobility,Logistics,Enterprise,257900.0,3,Evaluation,0.94,1,0,0,0,1,1,3,81.1,0.78,Negotiation
D0330,Vector Mobility,Logistics,Enterprise,257900.0,4,Negotiation,0.85,1,0,0,0,1,4,8,2.0,0.73,Proposal
D0330,Vector Mobility,Logistics,Enterprise,257900.0,5,Proposal,0.92,1,0,0,0,1,3,4,73.3,0.77,Closed Won
D0331,Coastal Foods Ltd,Retail,Mid-Market,151000.0,1,Discovery,0.55,0,0,0,0,1,1,5,22.2,0.58,Demo
D0331,Coastal Foods Ltd,Retail,Mid-Market,151000.0,2,Demo,0.59,0,0,0,1,1,2,7,44.2,0.6,Evaluation
D0331,Coastal Foods Ltd,Retail,Mid-Market,151000.0,3,Evaluation,0.56,0,0,0,1,1,4,7,13.2,0.59,Negotiation
D0331,Coastal Foods Ltd,Retail,Mid-Market,151000.0,4,Negotiation,0.63,0,0,0,1,1,4,8,15.8,0.63,Proposal
D0331,Coastal Foods Ltd,Retail,Mid-Market,151000.0,5,Proposal,0.66,0,0,0,1,1,1,12,14.6,0.65,Proposal
D0331,Coastal Foods Ltd,Retail,Mid-Market,151000.0,6,Proposal,0.57,0,0,0,1,1,2,9,24.0,0.59,Closed Won
D0332,Summit BioPharma,Manufacturing,Enterprise,132100.0,1,Discovery,0.83,0,1,1,0,0,2,5,3.0,0.78,Demo
D0332,Summit BioPharma,Manufacturing,Enterprise,132100.0,2,Demo,0.81,0,2,1,1,1,3,4,2.0,0.76,Evaluation
D0332,Summit BioPharma,Manufacturing,Enterprise,132100.0,3,Evaluation,0.93,1,2,1,1,1,1,12,7.4,0.84,Negotiation
D0332,Summit BioPharma,Manufacturing,Enterprise,132100.0,4,Negotiation,0.96,1,2,1,1,1,2,14,24.5,0.85,Proposal
D0332,Summit BioPharma,Manufacturing,Enterprise,132100.0,5,Proposal,0.96,1,2,1,1,1,4,5,4.5,0.85,Proposal
D0333,Prime Packaging,Manufacturing,Mid-Market,122700.0,1,Discovery,0.55,1,1,1,0,1,2,2,99.0,0.5,Lost
D0334,Novus Capital,Manufacturing,Enterprise,284500.0,1,Discovery,0.77,0,0,1,0,1,3,3,2.2,0.71,Demo
D0334,Novus Capital,Manufacturing,Enterprise,284500.0,2,Demo,0.72,1,1,1,1,1,4,9,24.6,0.68,Evaluation
D0334,Novus Capital,Manufacturing,Enterprise,284500.0,3,Evaluation,0.76,1,2,1,1,1,4,14,12.9,0.7,Negotiation
D0334,Novus Capital,Manufacturing,Enterprise,284500.0,4,Negotiation,0.87,1,2,1,1,1,2,8,44.6,0.77,Proposal
D0335,Frontier FinCorp,Retail,Startup,25400.0,1,Discovery,0.58,1,1,1,0,0,1,5,33.5,0.52,Discovery
D0335,Frontier FinCorp,Retail,Startup,25400.0,2,Discovery,0.55,1,1,1,0,1,2,5,51.6,0.5,Discovery
D0335,Frontier FinCorp,Retail,Startup,25400.0,3,Discovery,0.41,2,2,1,1,1,3,3,82.0,0.42,Discovery
D0336,Atlas Energy,Logistics,SMB,59300.0,1,Discovery,0.31,0,0,1,0,0,3,4,19.6,0.36,Discovery
D0336,Atlas Energy,Logistics,SMB,59300.0,2,Discovery,0.36,0,0,1,1,1,2,6,27.4,0.39,Demo
D0336,Atlas Energy,Logistics,SMB,59300.0,3,Demo,0.33,1,0,1,1,1,1,6,57.9,0.37,Lost
D0337,BlueShift AI,Healthcare,Mid-Market,95300.0,1,Discovery,0.76,0,0,1,0,1,4,4,15.8,0.76,Demo
D0337,BlueShift AI,Healthcare,Mid-Market,95300.0,2,Demo,0.82,0,0,1,1,1,2,12,2.0,0.8,Evaluation
D0337,BlueShift AI,Healthcare,Mid-Market,95300.0,3,Evaluation,0.86,0,0,1,1,1,3,13,49.9,0.82,Negotiation
D0337,BlueShift AI,Healthcare,Mid-Market,95300.0,4,Negotiation,0.94,0,0,1,1,1,4,4,21.8,0.87,Proposal
D0337,BlueShift AI,Healthcare,Mid-Market,95300.0,5,Proposal,0.92,0,1,1,1,1,4,13,21.0,0.86,Closed Won
D0338,NexGen Health,Retail,Startup,13600.0,1,Discovery,0.55,0,1,0,0,0,2,5,5.9,0.55,Discovery
D0338,NexGen Health,Retail,Startup,13600.0,2,Discovery,0.57,0,1,0,0,1,2,4,26.1,0.56,Demo
D0338,NexGen Health,Retail,Startup,13600.0,3,Demo,0.66,0,1,0,1,1,1,11,12.2,0.61,Evaluation
D0339,Summit BioPharma,Manufacturing,Mid-Market,96300.0,1,Discovery,0.71,0,0,1,0,1,4,4,2.1,0.72,Demo
D0339,Summit BioPharma,Manufacturing,Mid-Market,96300.0,2,Demo,0.73,0,1,1,1,1,2,3,20.4,0.74,Evaluation
D0339,Summit BioPharma,Manufacturing,Mid-Market,96300.0,3,Evaluation,0.66,0,1,1,1,1,3,8,141.7,0.69,Negotiation
D0339,Summit BioPharma,Manufacturing,Mid-Market,96300.0,4,Negotiation,0.56,0,2,1,1,1,1,13,2.0,0.63,Proposal
D0339,Summit BioPharma,Manufacturing,Mid-Market,96300.0,5,Proposal,0.67,0,2,1,1,1,3,12,72.0,0.7,Closed Won
D0340,Solstice Media,Technology,Enterprise,135800.0,1,Discovery,0.47,0,0,0,0,0,1,2,19.6,0.39,Discovery
D0340,Solstice Media,Technology,Enterprise,135800.0,2,Discovery,0.55,0,0,1,0,0,1,12,76.6,0.44,Discovery
D0340,Solstice Media,Technology,Enterprise,135800.0,3,Discovery,0.41,1,0,1,0,0,2,5,57.1,0.36,Lost
D0341,Trident Tech,Manufacturing,SMB,46600.0,1,Discovery,0.5,0,0,1,0,1,1,4,35.5,0.39,Demo
D0341,Trident Tech,Manufacturing,SMB,46600.0,2,Demo,0.51,0,0,1,1,1,1,10,56.9,0.4,Evaluation
D0341,Trident Tech,Manufacturing,SMB,46600.0,3,Evaluation,0.45,0,0,1,1,1,4,5,89.4,0.36,Negotiation
D0341,Trident Tech,Manufacturing,SMB,46600.0,4,Negotiation,0.36,0,0,1,1,1,2,6,22.0,0.31,Proposal
D0341,Trident Tech,Manufacturing,SMB,46600.0,5,Proposal,0.22,0,0,1,1,1,1,8,16.8,0.22,Closed Won
D0342,Aegis Software,Technology,Startup,12800.0,1,Discovery,0.58,0,0,1,0,1,1,1,45.2,0.44,Demo
D0342,Aegis Software,Technology,Startup,12800.0,2,Demo,0.44,0,0,1,0,1,4,3,67.6,0.36,Demo
D0342,Aegis Software,Technology,Startup,12800.0,3,Demo,0.47,0,1,1,0,1,2,3,58.9,0.38,Demo
D0342,Aegis Software,Technology,Startup,12800.0,4,Demo,0.37,0,1,1,1,1,2,4,65.5,0.32,Evaluation
D0342,Aegis Software,Technology,Startup,12800.0,5,Evaluation,0.32,0,1,1,1,1,2,8,23.5,0.29,Negotiation
D0342,Aegis Software,Technology,Startup,12800.0,6,Negotiation,0.33,0,1,1,1,1,1,9,69.8,0.29,Lost
D0343,NexGen Health,Education,SMB,74600.0,1,Discovery,0.62,0,0,1,0,1,4,3,4.6,0.49,Demo
D0343,NexGen Health,Education,SMB,74600.0,2,Demo,0.48,0,1,1,0,1,1,9,28.5,0.41,Evaluation
D0343,NexGen Health,Education,SMB,74600.0,3,Evaluation,0.5,1,2,1,0,1,1,6,2.0,0.42,Evaluation
D0343,NexGen Health,Education,SMB,74600.0,4,Evaluation,0.52,1,2,1,1,1,3,2,14.2,0.43,Lost
D0344,Frontier FinCorp,Logistics,Mid-Market,97000.0,1,Discovery,0.36,1,0,0,0,1,2,2,14.2,0.37,Discovery
D0344,Frontier FinCorp,Logistics,Mid-Market,97000.0,2,Discovery,0.22,2,0,1,0,1,4,13,15.7,0.28,Lost
D0345,Solstice Media,Retail,Enterprise,265400.0,1,Discovery,0.39,1,0,0,0,1,2,2,33.5,0.41,Discovery
D0345,Solstice Media,Retail,Enterprise,265400.0,2,Discovery,0.28,1,0,1,1,1,1,4,13.8,0.34,Demo
D0346,OmniCommerce,Retail,Mid-Market,74100.0,1,Discovery,0.73,1,0,1,0,1,4,4,6.9,0.64,Demo
D0346,OmniCommerce,Retail,Mid-Market,74100.0,2,Demo,0.66,1,0,1,1,1,2,2,11.8,0.6,Evaluation
D0346,OmniCommerce,Retail,Mid-Market,74100.0,3,Evaluation,0.63,1,1,1,1,1,4,10,6.5,0.58,Negotiation
D0346,OmniCommerce,Retail,Mid-Market,74100.0,4,Negotiation,0.6,1,1,1,1,1,3,4,2.0,0.56,Proposal
D0346,OmniCommerce,Retail,Mid-Market,74100.0,5,Proposal,0.63,1,1,1,1,1,3,13,23.4,0.58,Proposal
D0347,BlueShift AI,Education,Startup,16700.0,1,Discovery,0.61,0,0,1,0,0,1,3,24.2,0.57,Discovery
D0347,BlueShift AI,Education,Startup,16700.0,2,Discovery,0.63,0,0,1,1,1,1,14,15.6,0.59,Demo
D0347,BlueShift AI,Education,Startup,16700.0,3,Demo,0.67,0,0,1,1,1,3,13,12.0,0.61,Evaluation
D0347,BlueShift AI,Education,Startup,16700.0,4,Evaluation,0.68,0,0,1,1,1,1,10,49.9,0.62,Negotiation
D0347,BlueShift AI,Education,Startup,16700.0,5,Negotiation,0.65,1,1,1,1,1,4,4,18.4,0.6,Proposal
D0347,BlueShift AI,Education,Startup,16700.0,6,Proposal,0.69,1,2,1,1,1,4,1,16.4,0.62,Closed Won
D0348,Veritas Analytics,Retail,Mid-Market,70800.0,1,Discovery,0.46,0,1,1,0,0,4,5,2.0,0.42,Discovery
D0348,Veritas Analytics,Retail,Mid-Market,70800.0,2,Discovery,0.46,0,1,1,1,0,4,9,13.3,0.42,Demo
D0348,Veritas Analytics,Retail,Mid-Market,70800.0,3,Demo,0.48,1,1,1,1,0,2,7,15.3,0.43,Lost
D0349,Cascade Security,Technology,Mid-Market,131400.0,1,Discovery,0.32,0,0,0,0,1,2,1,13.1,0.39,Discovery
D0349,Cascade Security,Technology,Mid-Market,131400.0,2,Discovery,0.32,0,0,0,0,1,3,7,22.4,0.39,Discovery
D0350,Zenith Textiles,Technology,Mid-Market,129700.0,1,Discovery,0.42,1,0,0,0,1,2,2,24.5,0.45,Discovery
D0350,Zenith Textiles,Technology,Mid-Market,129700.0,2,Discovery,0.41,1,1,1,1,1,3,1,37.9,0.44,Lost
D0351,Atlas Energy,Retail,Startup,26900.0,1,Discovery,0.61,0,0,1,0,1,4,2,40.3,0.59,Demo
D0351,Atlas Energy,Retail,Startup,26900.0,2,Demo,0.58,1,0,1,1,1,3,9,30.4,0.57,Evaluation
D0351,Atlas Energy,Retail,Startup,26900.0,3,Evaluation,0.5,2,1,1,1,1,4,5,74.8,0.52,Negotiation
D0351,Atlas Energy,Retail,Startup,26900.0,4,Negotiation,0.55,2,1,1,1,1,2,2,2.0,0.55,Proposal
D0351,Atlas Energy,Retail,Startup,26900.0,5,Proposal,0.64,2,1,1,1,1,3,10,5.2,0.6,Closed Won
D0352,Cascade Security,Technology,SMB,35800.0,1,Discovery,0.37,0,0,1,0,1,3,4,2.0,0.35,Demo
D0352,Cascade Security,Technology,SMB,35800.0,2,Demo,0.24,0,1,1,0,1,3,10,36.9,0.27,Demo
D0352,Cascade Security,Technology,SMB,35800.0,3,Demo,0.16,0,1,1,0,1,1,1,80.8,0.22,Demo
D0352,Cascade Security,Technology,SMB,35800.0,4,Demo,0.12,1,1,1,1,1,1,3,9.9,0.2,Lost
D0353,Helix Diagnostics,Technology,SMB,26700.0,1,Discovery,0.49,0,1,0,0,0,1,2,99.8,0.4,Lost
D0354,BrightPath Logistics,Logistics,Startup,31500.0,1,Discovery,0.49,1,0,1,0,0,4,1,2.0,0.51,Discovery
D0354,BrightPath Logistics,Logistics,Startup,31500.0,2,Discovery,0.4,1,1,1,1,0,4,8,65.6,0.46,Discovery
D0354,BrightPath Logistics,Logistics,Startup,31500.0,3,Discovery,0.34,1,1,1,1,1,3,5,10.4,0.42,Demo
D0354,BrightPath Logistics,Logistics,Startup,31500.0,4,Demo,0.39,2,1,1,1,1,4,12,2.6,0.45,Evaluation
D0354,BrightPath Logistics,Logistics,Startup,31500.0,5,Evaluation,0.41,2,1,1,1,1,1,12,16.0,0.47,Negotiation
D0354,BrightPath Logistics,Logistics,Startup,31500.0,6,Negotiation,0.39,2,1,1,1,1,2,6,7.1,0.45,Proposal
D0354,BrightPath Logistics,Logistics,Startup,31500.0,7,Proposal,0.38,2,1,1,1,1,3,13,8.1,0.45,Closed Won
D0355,Vanguard Supply,Healthcare,SMB,42900.0,1,Discovery,0.54,0,1,1,0,0,1,2,9.7,0.52,Discovery
D0355,Vanguard Supply,Healthcare,SMB,42900.0,2,Discovery,0.48,0,1,1,1,0,2,11,43.0,0.48,Demo
D0355,Vanguard Supply,Healthcare,SMB,42900.0,3,Demo,0.46,0,1,1,1,0,4,14,20.5,0.47,Evaluation
D0355,Vanguard Supply,Healthcare,SMB,42900.0,4,Evaluation,0.38,0,1,1,1,0,2,5,9.9,0.42,Negotiation
D0355,Vanguard Supply,Healthcare,SMB,42900.0,5,Negotiation,0.36,0,1,1,1,1,3,14,25.0,0.41,Proposal
D0355,Vanguard Supply,Healthcare,SMB,42900.0,6,Proposal,0.37,1,2,1,1,1,4,12,33.3,0.41,Proposal
D0355,Vanguard Supply,Healthcare,SMB,42900.0,7,Proposal,0.39,1,2,1,1,1,1,13,8.4,0.43,Lost
D0356,Summit BioPharma,Financial Services,Mid-Market,155200.0,1,Discovery,0.24,1,0,1,0,0,2,1,18.7,0.27,Discovery
D0356,Summit BioPharma,Financial Services,Mid-Market,155200.0,2,Discovery,0.24,1,0,1,1,1,3,1,4.5,0.27,Demo
D0357,Prime Packaging,Education,Mid-Market,135300.0,1,Discovery,0.82,0,0,0,0,0,3,5,23.9,0.76,Demo
D0357,Prime Packaging,Education,Mid-Market,135300.0,2,Demo,0.88,0,0,0,1,1,1,13,4.2,0.79,Evaluation
D0357,Prime Packaging,Education,Mid-Market,135300.0,3,Evaluation,0.96,0,0,0,1,1,4,4,15.6,0.84,Negotiation
D0357,Prime Packaging,Education,Mid-Market,135300.0,4,Negotiation,0.96,0,0,0,1,1,4,4,25.8,0.84,Proposal
D0357,Prime Packaging,Education,Mid-Market,135300.0,5,Proposal,0.95,1,0,0,1,1,4,1,2.4,0.83,Proposal
D0358,Coastal Foods Ltd,Manufacturing,Mid-Market,102700.0,1,Discovery,0.63,0,0,1,0,0,2,4,6.6,0.62,Discovery
D0358,Coastal Foods Ltd,Manufacturing,Mid-Market,102700.0,2,Discovery,0.63,0,1,1,1,0,3,1,73.0,0.62,Demo
D0359,Cobalt Freight,Retail,SMB,59900.0,1,Discovery,0.49,0,0,1,0,1,1,3,71.6,0.38,Discovery
D0359,Cobalt Freight,Retail,SMB,59900.0,2,Discovery,0.55,0,1,1,0,1,3,2,34.9,0.41,Demo
D0359,Cobalt Freight,Retail,SMB,59900.0,3,Demo,0.63,0,1,1,1,1,1,3,2.0,0.46,Evaluation
D0359,Cobalt Freight,Retail,SMB,59900.0,4,Evaluation,0.51,0,1,1,1,1,3,6,43.8,0.39,Negotiation
D0359,Cobalt Freight,Retail,SMB,59900.0,5,Negotiation,0.45,0,1,1,1,1,2,1,132.0,0.35,Proposal
D0359,Cobalt Freight,Retail,SMB,59900.0,6,Proposal,0.49,0,1,1,1,1,1,1,40.2,0.38,Closed Won
D0360,Pulse Dynamics,Education,SMB,35700.0,1,Discovery,0.57,0,0,1,0,0,2,1,38.6,0.58,Discovery
D0360,Pulse Dynamics,Education,SMB,35700.0,2,Discovery,0.52,0,0,1,1,1,2,3,48.6,0.55,Demo
D0360,Pulse Dynamics,Education,SMB,35700.0,3,Demo,0.59,1,0,1,1,1,4,13,5.8,0.59,Evaluation
D0360,Pulse Dynamics,Education,SMB,35700.0,4,Evaluation,0.58,1,0,1,1,1,3,1,5.4,0.59,Negotiation
D0360,Pulse Dynamics,Education,SMB,35700.0,5,Negotiation,0.68,1,0,1,1,1,2,10,21.3,0.65,Proposal
D0360,Pulse Dynamics,Education,SMB,35700.0,6,Proposal,0.71,1,1,1,1,1,2,11,11.9,0.67,Closed Won
D0361,Beacon Robotics,Technology,Mid-Market,137700.0,1,Discovery,0.63,0,0,1,0,0,3,4,38.2,0.64,Discovery
D0361,Beacon Robotics,Technology,Mid-Market,137700.0,2,Discovery,0.66,0,0,1,1,1,3,6,48.0,0.66,Demo
D0362,Helix Diagnostics,Technology,SMB,38400.0,1,Discovery,0.45,0,0,0,0,1,3,2,8.6,0.42,Demo
D0362,Helix Diagnostics,Technology,SMB,38400.0,2,Demo,0.34,1,0,0,1,1,3,14,48.5,0.35,Evaluation
D0362,Helix Diagnostics,Technology,SMB,38400.0,3,Evaluation,0.35,1,1,0,1,1,2,10,10.3,0.36,Negotiation
D0362,Helix Diagnostics,Technology,SMB,38400.0,4,Negotiation,0.23,1,1,0,1,1,3,12,55.3,0.28,Negotiation
D0363,Prime Packaging,Manufacturing,Startup,21100.0,1,Discovery,0.57,1,0,1,0,1,2,3,35.2,0.49,Discovery
D0363,Prime Packaging,Manufacturing,Startup,21100.0,2,Discovery,0.55,1,0,1,0,1,1,1,3.2,0.47,Demo
D0363,Prime Packaging,Manufacturing,Startup,21100.0,3,Demo,0.54,1,0,1,1,1,4,5,31.3,0.47,Evaluation
D0363,Prime Packaging,Manufacturing,Startup,21100.0,4,Evaluation,0.62,2,0,1,1,1,4,8,19.2,0.52,Negotiation
D0363,Prime Packaging,Manufacturing,Startup,21100.0,5,Negotiation,0.63,2,0,1,1,1,1,1,28.3,0.52,Proposal
D0363,Prime Packaging,Manufacturing,Startup,21100.0,6,Proposal,0.65,3,0,1,1,1,1,4,5.9,0.53,Closed Won
D0364,Pulse Dynamics,Healthcare,Startup,24300.0,1,Discovery,0.72,0,1,1,0,1,2,2,28.2,0.69,Demo
D0364,Pulse Dynamics,Healthcare,Startup,24300.0,2,Demo,0.65,1,1,1,1,1,2,7,42.0,0.65,Evaluation
D0364,Pulse Dynamics,Healthcare,Startup,24300.0,3,Evaluation,0.61,1,1,1,1,1,4,4,5.2,0.63,Negotiation
D0364,Pulse Dynamics,Healthcare,Startup,24300.0,4,Negotiation,0.61,1,1,1,1,1,2,1,2.1,0.63,Proposal
D0364,Pulse Dynamics,Healthcare,Startup,24300.0,5,Proposal,0.71,1,2,1,1,1,1,4,2.0,0.69,Proposal
D0364,Pulse Dynamics,Healthcare,Startup,24300.0,6,Proposal,0.8,2,2,1,1,1,4,13,21.7,0.74,Lost
D0365,Zenith Textiles,Retail,SMB,44400.0,1,Discovery,0.37,1,0,1,0,1,4,1,25.3,0.41,Discovery
D0365,Zenith Textiles,Retail,SMB,44400.0,2,Discovery,0.37,1,0,1,0,1,2,5,21.4,0.41,Discovery
D0365,Zenith Textiles,Retail,SMB,44400.0,3,Discovery,0.32,1,1,1,1,1,4,2,7.1,0.38,Demo
D0365,Zenith Textiles,Retail,SMB,44400.0,4,Demo,0.23,2,1,1,1,1,4,8,13.4,0.32,Lost
D0366,Pulse Dynamics,Education,SMB,50900.0,1,Discovery,0.79,0,1,1,0,1,3,4,22.6,0.68,Demo
D0366,Pulse Dynamics,Education,SMB,50900.0,2,Demo,0.88,0,1,1,1,1,1,9,17.2,0.74,Evaluation
D0366,Pulse Dynamics,Education,SMB,50900.0,3,Evaluation,0.8,0,2,1,1,1,2,5,110.3,0.69,Lost
D0367,Helix Diagnostics,Education,Mid-Market,155400.0,1,Discovery,0.65,0,1,0,0,1,4,4,2.7,0.7,Demo
D0367,Helix Diagnostics,Education,Mid-Market,155400.0,2,Demo,0.67,0,1,0,1,1,1,2,22.2,0.71,Evaluation
D0367,Helix Diagnostics,Education,Mid-Market,155400.0,3,Evaluation,0.57,0,2,0,1,1,2,6,9.7,0.65,Negotiation
D0368,Coastal Foods Ltd,Retail,Startup,9300.0,1,Discovery,0.43,0,0,0,0,1,3,5,46.1,0.38,Discovery
D0368,Coastal Foods Ltd,Retail,Startup,9300.0,2,Discovery,0.44,0,0,1,1,1,1,3,43.0,0.38,Demo
D0368,Coastal Foods Ltd,Retail,Startup,9300.0,3,Demo,0.47,0,0,1,1,1,4,7,172.8,0.4,Demo
D0369,Kestrel Instruments,Technology,Startup,24200.0,1,Discovery,0.28,0,0,1,0,1,4,4,3.2,0.34,Discovery
D0369,Kestrel Instruments,Technology,Startup,24200.0,2,Discovery,0.16,1,0,1,1,1,2,13,37.4,0.26,Discovery
D0369,Kestrel Instruments,Technology,Startup,24200.0,3,Discovery,0.12,1,0,1,1,1,3,8,25.1,0.24,Lost
D0370,Apex Cloud Systems,Logistics,Enterprise,187900.0,1,Discovery,0.68,0,0,0,0,1,1,4,13.4,0.5,Demo
D0370,Apex Cloud Systems,Logistics,Enterprise,187900.0,2,Demo,0.55,0,1,0,1,1,4,14,3.4,0.42,Evaluation
D0370,Apex Cloud Systems,Logistics,Enterprise,187900.0,3,Evaluation,0.49,0,1,0,1,1,3,12,3.7,0.39,Negotiation
D0370,Apex Cloud Systems,Logistics,Enterprise,187900.0,4,Negotiation,0.42,0,1,0,1,1,4,8,93.6,0.34,Proposal
D0370,Apex Cloud Systems,Logistics,Enterprise,187900.0,5,Proposal,0.39,0,1,0,1,1,1,13,8.9,0.33,Proposal
D0371,Helix Diagnostics,Manufacturing,Startup,28600.0,1,Discovery,0.45,0,1,1,0,1,2,4,8.9,0.4,Demo
D0371,Helix Diagnostics,Manufacturing,Startup,28600.0,2,Demo,0.53,0,2,1,1,1,2,7,15.2,0.45,Evaluation
D0371,Helix Diagnostics,Manufacturing,Startup,28600.0,3,Evaluation,0.42,1,2,1,1,1,1,3,2.5,0.38,Negotiation
D0371,Helix Diagnostics,Manufacturing,Startup,28600.0,4,Negotiation,0.49,2,2,1,1,1,1,2,25.4,0.42,Lost
D0372,Beacon Robotics,Financial Services,Enterprise,307300.0,1,Discovery,0.36,0,0,0,0,0,3,2,2.1,0.38,Discovery
D0372,Beacon Robotics,Financial Services,Enterprise,307300.0,2,Discovery,0.41,0,0,1,0,1,3,9,48.5,0.41,Discovery
D0372,Beacon Robotics,Financial Services,Enterprise,307300.0,3,Discovery,0.3,0,0,1,0,1,2,2,8.0,0.34,Discovery
D0372,Beacon Robotics,Financial Services,Enterprise,307300.0,4,Discovery,0.26,0,1,1,1,1,3,2,23.4,0.32,Demo
D0372,Beacon Robotics,Financial Services,Enterprise,307300.0,5,Demo,0.15,1,1,1,1,1,1,11,63.8,0.25,Demo
D0372,Beacon Robotics,Financial Services,Enterprise,307300.0,6,Demo,0.12,2,1,1,1,1,3,1,31.7,0.23,Lost
D0373,Acuity Networks,Education,Startup,14600.0,1,Discovery,0.54,0,1,0,0,1,4,3,15.5,0.6,Demo
D0373,Acuity Networks,Education,Startup,14600.0,2,Demo,0.63,0,1,0,0,1,2,2,8.0,0.65,Evaluation
D0373,Acuity Networks,Education,Startup,14600.0,3,Evaluation,0.6,0,1,0,0,1,3,11,8.3,0.63,Negotiation
D0373,Acuity Networks,Education,Startup,14600.0,4,Negotiation,0.54,0,1,0,0,1,1,1,22.6,0.6,Proposal
D0374,BrightPath Logistics,Education,Mid-Market,73900.0,1,Discovery,0.4,1,0,1,0,1,1,5,28.8,0.43,Discovery
D0374,BrightPath Logistics,Education,Mid-Market,73900.0,2,Discovery,0.46,2,0,1,1,1,4,12,21.7,0.47,Demo
D0374,BrightPath Logistics,Education,Mid-Market,73900.0,3,Demo,0.32,2,0,1,1,1,3,13,34.9,0.38,Lost
D0375,Everline Retail,Healthcare,Startup,20100.0,1,Discovery,0.43,0,1,0,0,0,3,3,23.0,0.37,Discovery
D0375,Everline Retail,Healthcare,Startup,20100.0,2,Discovery,0.32,0,2,0,0,1,3,11,2.3,0.31,Discovery
D0376,Kestrel Instruments,Logistics,Enterprise,223400.0,1,Discovery,0.88,0,1,0,0,0,3,4,64.0,0.8,Demo
D0376,Kestrel Instruments,Logistics,Enterprise,223400.0,2,Demo,0.96,0,2,0,1,1,3,3,3.9,0.85,Evaluation
D0376,Kestrel Instruments,Logistics,Enterprise,223400.0,3,Evaluation,0.95,0,2,0,1,1,4,4,23.7,0.85,Negotiation
D0376,Kestrel Instruments,Logistics,Enterprise,223400.0,4,Negotiation,0.93,0,2,0,1,1,1,13,4.5,0.83,Proposal
D0376,Kestrel Instruments,Logistics,Enterprise,223400.0,5,Proposal,0.88,0,2,0,1,1,1,1,15.5,0.8,Closed Won
D0377,Skyward Aerospace,Education,Mid-Market,110500.0,1,Discovery,0.86,0,0,1,0,0,2,5,2.5,0.72,Demo
D0377,Skyward Aerospace,Education,Mid-Market,110500.0,2,Demo,0.89,1,1,1,1,0,3,9,15.0,0.74,Evaluation
D0377,Skyward Aerospace,Education,Mid-Market,110500.0,3,Evaluation,0.92,1,1,1,1,0,1,13,35.4,0.76,Negotiation
D0377,Skyward Aerospace,Education,Mid-Market,110500.0,4,Negotiation,0.96,1,1,1,1,1,3,4,10.7,0.78,Proposal
D0377,Skyward Aerospace,Education,Mid-Market,110500.0,5,Proposal,0.96,1,1,1,1,1,3,10,27.4,0.78,Closed Won
D0378,Acuity Networks,Technology,Enterprise,304500.0,1,Discovery,0.6,0,0,0,0,0,3,1,50.6,0.51,Discovery
D0378,Acuity Networks,Technology,Enterprise,304500.0,2,Discovery,0.62,0,0,0,0,0,3,9,83.6,0.52,Discovery
D0378,Acuity Networks,Technology,Enterprise,304500.0,3,Discovery,0.5,1,1,1,1,1,2,3,8.5,0.45,Demo
D0378,Acuity Networks,Technology,Enterprise,304500.0,4,Demo,0.4,1,1,1,1,1,3,12,16.3,0.39,Evaluation
D0378,Acuity Networks,Technology,Enterprise,304500.0,5,Evaluation,0.29,1,2,1,1,1,3,3,5.3,0.32,Lost
D0379,Zenith Textiles,Healthcare,Startup,28800.0,1,Discovery,0.8,0,0,1,0,1,4,1,103.0,0.74,Demo
D0379,Zenith Textiles,Healthcare,Startup,28800.0,2,Demo,0.74,0,0,1,0,1,3,8,55.1,0.71,Evaluation
D0379,Zenith Textiles,Healthcare,Startup,28800.0,3,Evaluation,0.86,0,0,1,0,1,1,5,16.3,0.78,Negotiation
D0379,Zenith Textiles,Healthcare,Startup,28800.0,4,Negotiation,0.96,0,1,1,1,1,2,3,38.8,0.84,Proposal
D0380,BlueShift AI,Healthcare,Startup,24800.0,1,Discovery,0.53,0,0,0,0,0,2,1,25.5,0.51,Discovery
D0380,BlueShift AI,Healthcare,Startup,24800.0,2,Discovery,0.53,1,1,1,1,1,3,6,2.4,0.51,Demo
D0380,BlueShift AI,Healthcare,Startup,24800.0,3,Demo,0.4,1,1,1,1,1,3,6,36.7,0.44,Evaluation
D0380,BlueShift AI,Healthcare,Startup,24800.0,4,Evaluation,0.43,1,1,1,1,1,1,10,3.6,0.45,Negotiation
D0380,BlueShift AI,Healthcare,Startup,24800.0,5,Negotiation,0.48,2,1,1,1,1,1,2,45.6,0.48,Lost
D0381,Trident Tech,Logistics,Enterprise,151500.0,1,Discovery,0.61,0,0,0,0,0,3,3,49.4,0.51,Discovery
D0381,Trident Tech,Logistics,Enterprise,151500.0,2,Discovery,0.67,0,0,1,1,1,3,12,40.0,0.54,Demo
D0381,Trident Tech,Logistics,Enterprise,151500.0,3,Demo,0.55,1,0,1,1,1,1,10,2.0,0.47,Evaluation
D0381,Trident Tech,Logistics,Enterprise,151500.0,4,Evaluation,0.53,2,0,1,1,1,2,10,11.7,0.46,Negotiation
D0381,Trident Tech,Logistics,Enterprise,151500.0,5,Negotiation,0.45,2,0,1,1,1,1,9,9.9,0.41,Proposal
D0381,Trident Tech,Logistics,Enterprise,151500.0,6,Proposal,0.5,2,0,1,1,1,3,9,14.5,0.44,Closed Won
D0382,Solstice Media,Manufacturing,Mid-Market,73700.0,1,Discovery,0.34,0,0,1,0,1,1,4,3.6,0.31,Demo
D0382,Solstice Media,Manufacturing,Mid-Market,73700.0,2,Demo,0.39,0,0,1,1,1,2,9,109.0,0.34,Evaluation
D0382,Solstice Media,Manufacturing,Mid-Market,73700.0,3,Evaluation,0.24,0,0,1,1,1,4,1,31.8,0.25,Negotiation
D0382,Solstice Media,Manufacturing,Mid-Market,73700.0,4,Negotiation,0.14,0,0,1,1,1,3,9,14.4,0.19,Proposal
D0382,Solstice Media,Manufacturing,Mid-Market,73700.0,5,Proposal,0.12,0,0,1,1,1,2,7,19.9,0.17,Proposal
D0382,Solstice Media,Manufacturing,Mid-Market,73700.0,6,Proposal,0.12,0,0,1,1,1,3,7,23.4,0.17,Closed Won
D0383,Zenith Textiles,Technology,SMB,34600.0,1,Discovery,0.43,0,1,0,0,1,1,5,29.9,0.4,Demo
D0383,Zenith Textiles,Technology,SMB,34600.0,2,Demo,0.43,0,1,0,0,1,1,1,23.7,0.4,Evaluation
D0383,Zenith Textiles,Technology,SMB,34600.0,3,Evaluation,0.38,0,1,0,0,1,1,12,82.1,0.37,Lost
D0384,Helix Diagnostics,Education,Startup,18000.0,1,Discovery,0.79,1,0,1,0,0,4,3,12.5,0.79,Discovery
D0384,Helix Diagnostics,Education,Startup,18000.0,2,Discovery,0.7,2,0,1,0,1,2,14,88.5,0.73,Discovery
D0384,Helix Diagnostics,Education,Startup,18000.0,3,Discovery,0.64,2,0,1,1,1,4,1,34.8,0.7,Demo
D0384,Helix Diagnostics,Education,Startup,18000.0,4,Demo,0.68,3,0,1,1,1,1,13,4.3,0.72,Evaluation
D0384,Helix Diagnostics,Education,Startup,18000.0,5,Evaluation,0.62,3,0,1,1,1,2,8,48.7,0.69,Lost
D0385,Apex Cloud Systems,Technology,Mid-Market,124500.0,1,Discovery,0.5,0,0,1,0,1,1,2,3.5,0.47,Demo
D0385,Apex Cloud Systems,Technology,Mid-Market,124500.0,2,Demo,0.41,0,0,1,0,1,3,13,48.5,0.42,Demo
D0385,Apex Cloud Systems,Technology,Mid-Market,124500.0,3,Demo,0.4,0,0,1,0,1,3,5,13.7,0.41,Evaluation
D0385,Apex Cloud Systems,Technology,Mid-Market,124500.0,4,Evaluation,0.41,0,0,1,1,1,2,13,60.0,0.42,Negotiation
D0385,Apex Cloud Systems,Technology,Mid-Market,124500.0,5,Negotiation,0.43,0,0,1,1,1,4,9,57.8,0.43,Proposal
D0385,Apex Cloud Systems,Technology,Mid-Market,124500.0,6,Proposal,0.5,1,0,1,1,1,3,7,46.8,0.47,Closed Won
D0386,Frontier FinCorp,Technology,SMB,56200.0,1,Discovery,0.62,0,1,1,0,1,3,3,30.1,0.67,Demo
D0386,Frontier FinCorp,Technology,SMB,56200.0,2,Demo,0.61,0,2,1,1,1,1,1,7.0,0.66,Evaluation
D0386,Frontier FinCorp,Technology,SMB,56200.0,3,Evaluation,0.56,0,2,1,1,1,1,12,2.0,0.63,Negotiation
D0386,Frontier FinCorp,Technology,SMB,56200.0,4,Negotiation,0.52,1,3,1,1,1,2,4,9.9,0.61,Proposal
D0387,Aegis Software,Healthcare,Startup,26600.0,1,Discovery,0.65,0,0,0,0,1,4,1,29.5,0.6,Demo
D0387,Aegis Software,Healthcare,Startup,26600.0,2,Demo,0.63,0,0,0,0,1,2,10,10.6,0.59,Evaluation
D0387,Aegis Software,Healthcare,Startup,26600.0,3,Evaluation,0.57,0,0,0,0,1,2,8,92.2,0.55,Evaluation
D0387,Aegis Software,Healthcare,Startup,26600.0,4,Evaluation,0.52,0,1,0,0,1,2,14,25.4,0.52,Negotiation
D0387,Aegis Software,Healthcare,Startup,26600.0,5,Negotiation,0.45,0,2,0,0,1,3,3,42.9,0.48,Proposal
D0387,Aegis Software,Healthcare,Startup,26600.0,6,Proposal,0.53,0,2,0,0,1,2,2,3.5,0.53,Closed Won
D0388,OmniCommerce,Technology,Mid-Market,75900.0,1,Discovery,0.35,0,1,0,0,0,2,5,56.9,0.38,Lost
D0389,Pulse Dynamics,Logistics,Mid-Market,86600.0,1,Discovery,0.79,0,0,0,0,1,3,5,64.7,0.68,Demo
D0389,Pulse Dynamics,Logistics,Mid-Market,86600.0,2,Demo,0.82,0,0,0,1,1,4,8,16.9,0.7,Evaluation
D0389,Pulse Dynamics,Logistics,Mid-Market,86600.0,3,Evaluation,0.91,1,0,0,1,1,1,12,23.6,0.75,Negotiation
D0389,Pulse Dynamics,Logistics,Mid-Market,86600.0,4,Negotiation,0.9,1,0,0,1,1,2,2,36.6,0.74,Proposal
D0389,Pulse Dynamics,Logistics,Mid-Market,86600.0,5,Proposal,0.85,1,0,0,1,1,2,11,4.9,0.71,Closed Won
D0390,Vector Mobility,Financial Services,SMB,28700.0,1,Discovery,0.61,0,1,1,0,1,1,5,17.4,0.58,Demo
D0390,Vector Mobility,Financial Services,SMB,28700.0,2,Demo,0.54,0,2,1,1,1,2,14,12.7,0.53,Evaluation
D0391,Vector Mobility,Manufacturing,Startup,28700.0,1,Discovery,0.63,0,0,1,0,0,1,1,9.5,0.65,Discovery
D0391,Vector Mobility,Manufacturing,Startup,28700.0,2,Discovery,0.7,0,0,1,1,0,4,4,2.0,0.69,Demo
D0391,Vector Mobility,Manufacturing,Startup,28700.0,3,Demo,0.77,0,0,1,1,0,1,12,2.0,0.73,Evaluation
D0391,Vector Mobility,Manufacturing,Startup,28700.0,4,Evaluation,0.8,0,0,1,1,1,3,9,3.0,0.75,Negotiation
D0391,Vector Mobility,Manufacturing,Startup,28700.0,5,Negotiation,0.76,0,0,1,1,1,3,8,68.4,0.72,Proposal
D0391,Vector Mobility,Manufacturing,Startup,28700.0,6,Proposal,0.67,0,0,1,1,1,1,10,16.5,0.67,Closed Won
D0392,Skyward Aerospace,Manufacturing,Enterprise,206900.0,1,Discovery,0.54,0,1,1,0,1,3,5,77.7,0.56,Demo
D0392,Skyward Aerospace,Manufacturing,Enterprise,206900.0,2,Demo,0.61,1,1,1,0,1,2,5,13.0,0.6,Evaluation
D0393,Veritas Analytics,Education,Mid-Market,106000.0,1,Discovery,0.63,0,0,1,0,1,2,5,20.7,0.54,Demo
D0393,Veritas Analytics,Education,Mid-Market,106000.0,2,Demo,0.65,0,0,1,0,1,1,5,17.0,0.56,Evaluation
D0394,OmniCommerce,Education,Startup,25500.0,1,Discovery,0.4,0,0,0,0,0,2,1,28.8,0.42,Discovery
D0394,OmniCommerce,Education,Startup,25500.0,2,Discovery,0.33,0,0,1,1,1,3,11,6.8,0.37,Demo
D0394,OmniCommerce,Education,Startup,25500.0,3,Demo,0.38,0,1,1,1,1,4,12,27.2,0.4,Evaluation
D0395,Aegis Software,Manufacturing,Enterprise,129700.0,1,Discovery,0.53,0,0,1,0,1,3,3,4.6,0.49,Demo
D0395,Aegis Software,Manufacturing,Enterprise,129700.0,2,Demo,0.5,0,0,1,0,1,4,5,2.0,0.48,Evaluation
D0395,Aegis Software,Manufacturing,Enterprise,129700.0,3,Evaluation,0.39,0,0,1,0,1,2,1,42.6,0.41,Evaluation
D0396,Solstice Media,Technology,SMB,57000.0,1,Discovery,0.66,1,0,0,0,0,2,2,2.0,0.71,Discovery
D0396,Solstice Media,Technology,SMB,57000.0,2,Discovery,0.72,1,1,0,0,0,4,2,95.3,0.75,Discovery
D0396,Solstice Media,Technology,SMB,57000.0,3,Discovery,0.66,1,1,1,1,1,1,13,2.0,0.71,Demo
D0396,Solstice Media,Technology,SMB,57000.0,4,Demo,0.72,2,1,1,1,1,2,4,21.5,0.75,Evaluation
D0397,Beacon Robotics,Logistics,Enterprise,325100.0,1,Discovery,0.45,0,0,0,0,1,1,1,12.1,0.35,Demo
D0397,Beacon Robotics,Logistics,Enterprise,325100.0,2,Demo,0.36,0,0,0,1,1,1,9,6.8,0.3,Evaluation
D0397,Beacon Robotics,Logistics,Enterprise,325100.0,3,Evaluation,0.41,0,0,0,1,1,1,5,5.7,0.33,Negotiation
D0398,BrightPath Logistics,Manufacturing,Mid-Market,140900.0,1,Discovery,0.81,0,0,1,0,1,1,3,2.1,0.78,Demo
D0398,BrightPath Logistics,Manufacturing,Mid-Market,140900.0,2,Demo,0.84,0,0,1,0,1,2,10,23.0,0.79,Evaluation
D0398,BrightPath Logistics,Manufacturing,Mid-Market,140900.0,3,Evaluation,0.76,0,0,1,1,1,2,9,2.0,0.75,Negotiation
D0398,BrightPath Logistics,Manufacturing,Mid-Market,140900.0,4,Negotiation,0.74,0,1,1,1,1,3,1,13.9,0.73,Proposal
D0398,BrightPath Logistics,Manufacturing,Mid-Market,140900.0,5,Proposal,0.8,0,1,1,1,1,3,1,111.5,0.77,Closed Won
D0399,Everline Retail,Technology,Mid-Market,102700.0,1,Discovery,0.85,0,0,1,0,1,2,1,33.3,0.79,Demo
D0399,Everline Retail,Technology,Mid-Market,102700.0,2,Demo,0.96,0,1,1,1,1,2,7,18.9,0.86,Evaluation
D0400,Atlas Energy,Technology,SMB,67400.0,1,Discovery,0.46,0,1,0,0,0,2,2,26.9,0.46,Discovery
D0400,Atlas Energy,Technology,SMB,67400.0,2,Discovery,0.36,0,1,0,0,0,1,9,20.6,0.4,Discovery
D0400,Atlas Energy,Technology,SMB,67400.0,3,Discovery,0.23,0,2,1,1,0,2,9,15.3,0.32,Discovery
D0400,Atlas Energy,Technology,SMB,67400.0,4,Discovery,0.26,0,2,1,1,1,1,12,3.9,0.34,Demo
D0400,Atlas Energy,Technology,SMB,67400.0,5,Demo,0.3,0,2,1,1,1,2,5,59.9,0.36,Evaluation
D0400,Atlas Energy,Technology,SMB,67400.0,6,Evaluation,0.22,0,2,1,1,1,4,10,16.4,0.31,Negotiation
D0401,Apex Cloud Systems,Manufacturing,SMB,39700.0,1,Discovery,0.62,0,0,0,0,1,2,2,9.6,0.64,Demo
D0401,Apex Cloud Systems,Manufacturing,SMB,39700.0,2,Demo,0.53,0,0,0,0,1,2,13,11.1,0.58,Evaluation
D0401,Apex Cloud Systems,Manufacturing,SMB,39700.0,3,Evaluation,0.46,0,0,0,0,1,1,10,36.6,0.54,Negotiation
D0401,Apex Cloud Systems,Manufacturing,SMB,39700.0,4,Negotiation,0.41,1,1,0,0,1,4,13,27.6,0.51,Negotiation
D0402,Skyward Aerospace,Financial Services,Mid-Market,143600.0,1,Discovery,0.68,0,0,0,0,0,1,4,2.0,0.72,Demo
D0402,Skyward Aerospace,Financial Services,Mid-Market,143600.0,2,Demo,0.73,0,1,0,1,0,2,13,9.8,0.75,Evaluation
D0403,Summit BioPharma,Technology,SMB,65400.0,1,Discovery,0.5,0,0,0,0,0,3,2,2.0,0.4,Discovery
D0403,Summit BioPharma,Technology,SMB,65400.0,2,Discovery,0.47,0,0,0,0,1,4,5,11.8,0.39,Demo
D0403,Summit BioPharma,Technology,SMB,65400.0,3,Demo,0.47,0,1,0,0,1,1,11,56.0,0.39,Demo
D0403,Summit BioPharma,Technology,SMB,65400.0,4,Demo,0.35,0,1,0,0,1,4,9,5.8,0.31,Evaluation
D0403,Summit BioPharma,Technology,SMB,65400.0,5,Evaluation,0.28,0,1,0,0,1,4,13,30.1,0.27,Evaluation
D0403,Summit BioPharma,Technology,SMB,65400.0,6,Evaluation,0.19,0,1,0,0,1,1,14,9.5,0.22,Evaluation
D0403,Summit BioPharma,Technology,SMB,65400.0,7,Evaluation,0.12,1,1,0,0,1,1,5,2.0,0.18,Lost
D0404,Atlas Energy,Retail,Mid-Market,122700.0,1,Discovery,0.31,0,0,1,0,0,3,3,11.5,0.28,Discovery
D0404,Atlas Energy,Retail,Mid-Market,122700.0,2,Discovery,0.29,0,0,1,0,0,2,8,155.8,0.27,Lost
D0405,Vector Mobility,Retail,Mid-Market,142600.0,1,Discovery,0.81,0,0,0,0,1,1,5,30.5,0.79,Demo
D0405,Vector Mobility,Retail,Mid-Market,142600.0,2,Demo,0.78,0,0,0,1,1,2,2,60.6,0.77,Evaluation
D0406,BrightPath Logistics,Retail,Startup,30900.0,1,Discovery,0.71,0,1,1,0,1,2,1,2.2,0.72,Demo
D0406,BrightPath Logistics,Retail,Startup,30900.0,2,Demo,0.64,0,1,1,1,1,3,11,15.2,0.68,Evaluation
D0406,BrightPath Logistics,Retail,Startup,30900.0,3,Evaluation,0.55,0,1,1,1,1,4,4,11.6,0.63,Negotiation
D0407,Acuity Networks,Manufacturing,SMB,27600.0,1,Discovery,0.39,1,0,1,0,1,4,1,2.8,0.42,Discovery
D0407,Acuity Networks,Manufacturing,SMB,27600.0,2,Discovery,0.45,1,0,1,1,1,2,9,18.0,0.46,Demo
D0407,Acuity Networks,Manufacturing,SMB,27600.0,3,Demo,0.34,1,0,1,1,1,2,10,4.4,0.39,Evaluation
D0407,Acuity Networks,Manufacturing,SMB,27600.0,4,Evaluation,0.24,1,0,1,1,1,3,9,10.5,0.33,Negotiation
D0407,Acuity Networks,Manufacturing,SMB,27600.0,5,Negotiation,0.13,1,0,1,1,1,2,7,35.9,0.27,Negotiation
D0407,Acuity Networks,Manufacturing,SMB,27600.0,6,Negotiation,0.12,1,0,1,1,1,4,6,17.3,0.26,Proposal
D0407,Acuity Networks,Manufacturing,SMB,27600.0,7,Proposal,0.12,2,0,1,1,1,4,10,12.6,0.26,Proposal
D0408,Apex Cloud Systems,Technology,Mid-Market,77100.0,1,Discovery,0.38,0,1,0,0,0,1,2,20.7,0.36,Discovery
D0408,Apex Cloud Systems,Technology,Mid-Market,77100.0,2,Discovery,0.25,0,1,1,1,1,3,2,51.8,0.28,Demo
D0408,Apex Cloud Systems,Technology,Mid-Market,77100.0,3,Demo,0.22,0,1,1,1,1,4,6,75.0,0.27,Evaluation
D0408,Apex Cloud Systems,Technology,Mid-Market,77100.0,4,Evaluation,0.29,0,1,1,1,1,4,4,104.7,0.31,Lost
D0409,Coastal Foods Ltd,Education,SMB,26700.0,1,Discovery,0.53,0,0,0,0,0,4,5,36.5,0.54,Discovery
D0409,Coastal Foods Ltd,Education,SMB,26700.0,2,Discovery,0.57,0,0,0,0,1,3,3,8.9,0.57,Demo
D0409,Coastal Foods Ltd,Education,SMB,26700.0,3,Demo,0.65,0,0,0,1,1,1,11,27.5,0.62,Evaluation
D0409,Coastal Foods Ltd,Education,SMB,26700.0,4,Evaluation,0.67,0,1,0,1,1,4,1,13.6,0.63,Negotiation
D0409,Coastal Foods Ltd,Education,SMB,26700.0,5,Negotiation,0.61,0,1,0,1,1,4,8,6.9,0.59,Proposal
D0409,Coastal Foods Ltd,Education,SMB,26700.0,6,Proposal,0.52,0,1,0,1,1,4,10,43.4,0.54,Closed Won
D0410,Cobalt Freight,Retail,Mid-Market,109200.0,1,Discovery,0.7,0,0,0,0,1,4,4,2.0,0.63,Demo
D0410,Cobalt Freight,Retail,Mid-Market,109200.0,2,Demo,0.74,0,1,0,0,1,1,8,57.6,0.65,Evaluation
D0410,Cobalt Freight,Retail,Mid-Market,109200.0,3,Evaluation,0.79,0,1,0,0,1,2,11,15.4,0.68,Negotiation
D0410,Cobalt Freight,Retail,Mid-Market,109200.0,4,Negotiation,0.76,0,1,0,0,1,3,14,25.2,0.67,Proposal
D0410,Cobalt Freight,Retail,Mid-Market,109200.0,5,Proposal,0.7,1,1,0,0,1,1,8,26.7,0.63,Proposal
D0410,Cobalt Freight,Retail,Mid-Market,109200.0,6,Proposal,0.69,2,1,0,0,1,3,14,56.0,0.62,Lost
D0411,Synthetix Labs,Education,Mid-Market,78600.0,1,Discovery,0.62,0,0,0,0,0,3,5,33.3,0.51,Discovery
D0411,Synthetix Labs,Education,Mid-Market,78600.0,2,Discovery,0.59,0,0,1,1,1,1,10,31.3,0.49,Demo
D0411,Synthetix Labs,Education,Mid-Market,78600.0,3,Demo,0.48,0,0,1,1,1,4,6,2.3,0.43,Evaluation
D0412,Pulse Dynamics,Education,Enterprise,236000.0,1,Discovery,0.51,0,0,1,0,0,4,1,4.0,0.52,Discovery
D0412,Pulse Dynamics,Education,Enterprise,236000.0,2,Discovery,0.44,1,0,1,1,1,4,6,32.7,0.48,Demo
D0412,Pulse Dynamics,Education,Enterprise,236000.0,3,Demo,0.35,1,0,1,1,1,1,11,17.6,0.42,Evaluation
D0412,Pulse Dynamics,Education,Enterprise,236000.0,4,Evaluation,0.32,2,1,1,1,1,3,9,27.9,0.41,Lost
D0413,Cobalt Freight,Technology,SMB,41400.0,1,Discovery,0.3,0,0,0,0,0,2,5,2.0,0.29,Discovery
D0413,Cobalt Freight,Technology,SMB,41400.0,2,Discovery,0.3,0,0,1,0,1,3,14,3.4,0.29,Discovery
D0413,Cobalt Freight,Technology,SMB,41400.0,3,Discovery,0.27,1,0,1,0,1,3,2,48.8,0.27,Discovery
D0413,Cobalt Freight,Technology,SMB,41400.0,4,Discovery,0.2,1,1,1,0,1,4,9,2.9,0.23,Lost
D0414,Cascade Security,Financial Services,SMB,63300.0,1,Discovery,0.58,0,0,1,0,0,4,5,2.1,0.52,Discovery
D0414,Cascade Security,Financial Services,SMB,63300.0,2,Discovery,0.66,1,0,1,1,0,4,13,2.0,0.57,Demo
D0414,Cascade Security,Financial Services,SMB,63300.0,3,Demo,0.69,1,0,1,1,1,3,11,88.0,0.59,Evaluation
D0415,Kestrel Instruments,Logistics,SMB,41600.0,1,Discovery,0.51,0,1,0,0,1,2,1,16.3,0.42,Demo
D0415,Kestrel Instruments,Logistics,SMB,41600.0,2,Demo,0.47,0,1,0,0,1,1,11,13.1,0.39,Evaluation
D0416,Trident Tech,Manufacturing,SMB,51000.0,1,Discovery,0.68,0,1,1,0,0,2,4,34.8,0.64,Discovery
D0416,Trident Tech,Manufacturing,SMB,51000.0,2,Discovery,0.77,0,2,1,1,1,4,11,25.3,0.69,Demo
D0416,Trident Tech,Manufacturing,SMB,51000.0,3,Demo,0.72,0,3,1,1,1,2,12,4.8,0.66,Evaluation
D0416,Trident Tech,Manufacturing,SMB,51000.0,4,Evaluation,0.63,0,3,1,1,1,2,14,4.5,0.61,Negotiation
D0416,Trident Tech,Manufacturing,SMB,51000.0,5,Negotiation,0.54,0,3,1,1,1,2,4,2.4,0.55,Proposal
D0416,Trident Tech,Manufacturing,SMB,51000.0,6,Proposal,0.48,0,3,1,1,1,1,12,25.2,0.52,Closed Won
D0417,Beacon Robotics,Healthcare,Mid-Market,100400.0,1,Discovery,0.68,0,0,1,0,1,3,2,31.6,0.66,Demo
D0417,Beacon Robotics,Healthcare,Mid-Market,100400.0,2,Demo,0.72,0,0,1,1,1,2,8,6.7,0.68,Evaluation
D0417,Beacon Robotics,Healthcare,Mid-Market,100400.0,3,Evaluation,0.74,0,0,1,1,1,4,9,2.0,0.69,Negotiation
D0417,Beacon Robotics,Healthcare,Mid-Market,100400.0,4,Negotiation,0.68,1,0,1,1,1,4,3,2.0,0.66,Proposal
D0417,Beacon Robotics,Healthcare,Mid-Market,100400.0,5,Proposal,0.78,1,0,1,1,1,2,13,75.1,0.72,Closed Won
D0418,NexGen Health,Healthcare,SMB,53300.0,1,Discovery,0.66,0,0,0,0,0,1,2,8.2,0.62,Discovery
D0418,NexGen Health,Healthcare,SMB,53300.0,2,Discovery,0.69,0,1,1,1,0,2,4,34.3,0.64,Demo
D0418,NexGen Health,Healthcare,SMB,53300.0,3,Demo,0.73,0,1,1,1,0,2,9,22.9,0.67,Evaluation
D0418,NexGen Health,Healthcare,SMB,53300.0,4,Evaluation,0.69,0,1,1,1,0,4,12,11.3,0.64,Negotiation
D0418,NexGen Health,Healthcare,SMB,53300.0,5,Negotiation,0.78,1,1,1,1,0,4,5,5.4,0.7,Proposal
D0418,NexGen Health,Healthcare,SMB,53300.0,6,Proposal,0.75,1,2,1,1,0,4,10,3.0,0.68,Proposal
D0418,NexGen Health,Healthcare,SMB,53300.0,7,Proposal,0.81,1,3,1,1,0,4,10,22.3,0.71,Closed Won
D0419,Beacon Robotics,Financial Services,Startup,12000.0,1,Discovery,0.63,0,1,0,0,0,4,3,30.2,0.65,Discovery
D0419,Beacon Robotics,Financial Services,Startup,12000.0,2,Discovery,0.66,0,1,1,0,0,4,5,20.9,0.67,Discovery
D0420,Beacon Robotics,Retail,Enterprise,303700.0,1,Discovery,0.47,1,1,1,0,1,3,3,2.0,0.58,Demo
D0420,Beacon Robotics,Retail,Enterprise,303700.0,2,Demo,0.39,1,1,1,0,1,2,14,65.3,0.54,Demo
D0420,Beacon Robotics,Retail,Enterprise,303700.0,3,Demo,0.3,1,1,1,0,1,2,11,30.3,0.48,Lost
D0421,Prime Packaging,Manufacturing,Mid-Market,133500.0,1,Discovery,0.59,0,0,0,0,1,4,1,12.1,0.48,Demo
D0421,Prime Packaging,Manufacturing,Mid-Market,133500.0,2,Demo,0.48,0,1,0,1,1,2,2,136.5,0.41,Evaluation
D0421,Prime Packaging,Manufacturing,Mid-Market,133500.0,3,Evaluation,0.36,0,2,0,1,1,4,12,32.1,0.34,Negotiation
D0421,Prime Packaging,Manufacturing,Mid-Market,133500.0,4,Negotiation,0.42,0,3,0,1,1,1,11,30.5,0.38,Lost
D0422,Veritas Analytics,Logistics,Startup,11700.0,1,Discovery,0.61,0,1,1,0,0,2,4,41.0,0.53,Discovery
D0422,Veritas Analytics,Logistics,Startup,11700.0,2,Discovery,0.65,0,1,1,1,0,4,7,49.6,0.55,Demo
D0422,Veritas Analytics,Logistics,Startup,11700.0,3,Demo,0.68,0,1,1,1,0,1,13,31.8,0.57,Evaluation
D0422,Veritas Analytics,Logistics,Startup,11700.0,4,Evaluation,0.61,0,1,1,1,1,4,11,4.1,0.53,Negotiation
D0422,Veritas Analytics,Logistics,Startup,11700.0,5,Negotiation,0.54,0,1,1,1,1,2,3,12.3,0.49,Proposal
D0422,Veritas Analytics,Logistics,Startup,11700.0,6,Proposal,0.58,0,1,1,1,1,4,6,78.2,0.51,Closed Won
D0423,Skyward Aerospace,Financial Services,SMB,31400.0,1,Discovery,0.77,1,0,0,0,1,2,1,5.6,0.71,Demo
D0423,Skyward Aerospace,Financial Services,SMB,31400.0,2,Demo,0.69,1,0,0,1,1,3,9,10.3,0.66,Evaluation
D0423,Skyward Aerospace,Financial Services,SMB,31400.0,3,Evaluation,0.68,1,0,0,1,1,2,12,12.5,0.65,Negotiation
D0423,Skyward Aerospace,Financial Services,SMB,31400.0,4,Negotiation,0.62,1,0,0,1,1,2,6,12.8,0.62,Proposal
D0423,Skyward Aerospace,Financial Services,SMB,31400.0,5,Proposal,0.61,1,1,0,1,1,1,10,20.9,0.61,Closed Won
D0424,Acuity Networks,Healthcare,Startup,31200.0,1,Discovery,0.66,0,1,0,0,0,2,3,71.8,0.6,Discovery
D0424,Acuity Networks,Healthcare,Startup,31200.0,2,Discovery,0.67,0,1,1,1,0,1,5,6.9,0.61,Demo
D0425,Aegis Software,Manufacturing,SMB,46300.0,1,Discovery,0.41,0,1,0,0,1,2,1,7.9,0.37,Demo
D0425,Aegis Software,Manufacturing,SMB,46300.0,2,Demo,0.43,0,1,0,0,1,1,13,77.9,0.38,Demo
D0425,Aegis Software,Manufacturing,SMB,46300.0,3,Demo,0.38,0,1,0,1,1,1,4,37.1,0.35,Evaluation
D0426,Apex Cloud Systems,Financial Services,Startup,27400.0,1,Discovery,0.47,0,0,1,0,1,2,1,30.9,0.6,Demo
D0426,Apex Cloud Systems,Financial Services,Startup,27400.0,2,Demo,0.48,0,0,1,0,1,1,2,36.1,0.6,Evaluation
D0426,Apex Cloud Systems,Financial Services,Startup,27400.0,3,Evaluation,0.5,1,1,1,1,1,4,4,34.3,0.61,Negotiation
D0426,Apex Cloud Systems,Financial Services,Startup,27400.0,4,Negotiation,0.45,1,1,1,1,1,3,9,45.9,0.58,Proposal
D0426,Apex Cloud Systems,Financial Services,Startup,27400.0,5,Proposal,0.38,1,1,1,1,1,2,6,5.3,0.54,Proposal
D0426,Apex Cloud Systems,Financial Services,Startup,27400.0,6,Proposal,0.36,1,2,1,1,1,3,8,25.7,0.53,Lost
D0427,Pulse Dynamics,Education,Startup,31100.0,1,Discovery,0.67,0,0,1,0,1,4,4,27.0,0.49,Demo
D0427,Pulse Dynamics,Education,Startup,31100.0,2,Demo,0.69,1,1,1,0,1,4,1,80.7,0.5,Lost
D0428,Pulse Dynamics,Financial Services,Mid-Market,115200.0,1,Discovery,0.67,0,0,1,0,0,1,3,26.3,0.68,Discovery
D0428,Pulse Dynamics,Financial Services,Mid-Market,115200.0,2,Discovery,0.66,0,0,1,1,0,1,5,30.2,0.67,Demo
D0428,Pulse Dynamics,Financial Services,Mid-Market,115200.0,3,Demo,0.74,1,0,1,1,0,4,10,21.5,0.72,Evaluation
D0428,Pulse Dynamics,Financial Services,Mid-Market,115200.0,4,Evaluation,0.75,1,1,1,1,0,3,7,3.9,0.73,Negotiation
D0428,Pulse Dynamics,Financial Services,Mid-Market,115200.0,5,Negotiation,0.75,1,1,1,1,1,4,1,15.9,0.73,Proposal
D0428,Pulse Dynamics,Financial Services,Mid-Market,115200.0,6,Proposal,0.65,1,1,1,1,1,3,4,84.3,0.67,Proposal
D0429,Beacon Robotics,Education,Startup,10400.0,1,Discovery,0.58,0,0,1,0,0,3,1,2.0,0.44,Discovery
D0429,Beacon Robotics,Education,Startup,10400.0,2,Discovery,0.61,0,0,1,0,0,3,4,7.5,0.46,Discovery
D0429,Beacon Robotics,Education,Startup,10400.0,3,Discovery,0.58,1,0,1,1,0,2,8,5.9,0.44,Demo
D0430,Cobalt Freight,Manufacturing,SMB,61900.0,1,Discovery,0.5,0,0,0,0,0,4,3,56.8,0.44,Discovery
D0430,Cobalt Freight,Manufacturing,SMB,61900.0,2,Discovery,0.44,0,0,0,0,1,1,8,8.0,0.4,Demo
D0430,Cobalt Freight,Manufacturing,SMB,61900.0,3,Demo,0.35,0,0,0,0,1,1,13,23.5,0.35,Demo
D0430,Cobalt Freight,Manufacturing,SMB,61900.0,4,Demo,0.33,0,0,0,1,1,4,3,61.2,0.33,Evaluation
D0430,Cobalt Freight,Manufacturing,SMB,61900.0,5,Evaluation,0.23,0,0,0,1,1,4,11,44.0,0.27,Negotiation
D0431,Beacon Robotics,Logistics,Startup,21200.0,1,Discovery,0.75,0,0,0,0,1,3,2,20.0,0.69,Demo
D0431,Beacon Robotics,Logistics,Startup,21200.0,2,Demo,0.8,0,0,0,1,1,4,13,15.9,0.72,Evaluation
D0431,Beacon Robotics,Logistics,Startup,21200.0,3,Evaluation,0.79,1,0,0,1,1,4,5,7.9,0.72,Negotiation
D0431,Beacon Robotics,Logistics,Startup,21200.0,4,Negotiation,0.81,2,1,0,1,1,4,5,18.6,0.73,Proposal
D0431,Beacon Robotics,Logistics,Startup,21200.0,5,Proposal,0.88,2,1,0,1,1,4,2,26.1,0.77,Proposal
D0431,Beacon Robotics,Logistics,Startup,21200.0,6,Proposal,0.87,2,1,0,1,1,3,7,46.2,0.76,Proposal
D0431,Beacon Robotics,Logistics,Startup,21200.0,7,Proposal,0.8,3,1,0,1,1,1,4,22.6,0.72,Closed Won
D0432,Veritas Analytics,Financial Services,Startup,8600.0,1,Discovery,0.66,0,0,1,0,0,1,2,28.6,0.68,Discovery
D0432,Veritas Analytics,Financial Services,Startup,8600.0,2,Discovery,0.65,0,0,1,0,0,2,10,3.5,0.67,Demo
D0433,BlueShift AI,Manufacturing,Mid-Market,130000.0,1,Discovery,0.81,0,0,1,0,1,3,3,2.0,0.78,Demo
D0433,BlueShift AI,Manufacturing,Mid-Market,130000.0,2,Demo,0.9,0,0,1,1,1,2,14,5.4,0.84,Evaluation
D0433,BlueShift AI,Manufacturing,Mid-Market,130000.0,3,Evaluation,0.93,0,0,1,1,1,4,8,24.7,0.86,Negotiation
D0433,BlueShift AI,Manufacturing,Mid-Market,130000.0,4,Negotiation,0.93,0,0,1,1,1,1,10,91.4,0.86,Proposal
D0434,Synthetix Labs,Manufacturing,Mid-Market,151900.0,1,Discovery,0.63,0,0,0,0,0,2,5,11.9,0.61,Discovery
D0434,Synthetix Labs,Manufacturing,Mid-Market,151900.0,2,Discovery,0.75,0,0,1,1,0,4,9,37.3,0.68,Demo
D0434,Synthetix Labs,Manufacturing,Mid-Market,151900.0,3,Demo,0.66,0,0,1,1,0,1,13,5.3,0.63,Evaluation
D0434,Synthetix Labs,Manufacturing,Mid-Market,151900.0,4,Evaluation,0.57,0,0,1,1,1,4,11,18.8,0.57,Negotiation
D0435,Aegis Software,Education,SMB,44700.0,1,Discovery,0.43,0,1,1,0,1,1,2,26.4,0.44,Demo
D0435,Aegis Software,Education,SMB,44700.0,2,Demo,0.5,0,1,1,1,1,1,1,5.7,0.48,Evaluation
D0435,Aegis Software,Education,SMB,44700.0,3,Evaluation,0.41,0,1,1,1,1,2,5,12.1,0.43,Negotiation
D0436,Trident Tech,Manufacturing,SMB,43200.0,1,Discovery,0.73,0,1,0,0,1,4,1,17.0,0.7,Demo
D0436,Trident Tech,Manufacturing,SMB,43200.0,2,Demo,0.72,0,1,0,1,1,1,13,2.0,0.69,Evaluation
D0436,Trident Tech,Manufacturing,SMB,43200.0,3,Evaluation,0.68,1,1,0,1,1,2,7,30.2,0.67,Negotiation
D0436,Trident Tech,Manufacturing,SMB,43200.0,4,Negotiation,0.78,1,1,0,1,1,4,2,2.0,0.73,Proposal
D0437,Cobalt Freight,Retail,Enterprise,230000.0,1,Discovery,0.72,0,1,1,0,1,1,3,5.1,0.67,Demo
D0437,Cobalt Freight,Retail,Enterprise,230000.0,2,Demo,0.79,0,2,1,1,1,3,14,71.9,0.71,Evaluation
D0437,Cobalt Freight,Retail,Enterprise,230000.0,3,Evaluation,0.8,0,2,1,1,1,1,9,10.4,0.72,Negotiation
D0437,Cobalt Freight,Retail,Enterprise,230000.0,4,Negotiation,0.78,0,2,1,1,1,2,9,9.0,0.71,Proposal
D0437,Cobalt Freight,Retail,Enterprise,230000.0,5,Proposal,0.87,1,2,1,1,1,1,13,3.7,0.76,Closed Won
D0438,Acuity Networks,Technology,Startup,11000.0,1,Discovery,0.56,0,0,1,0,1,4,2,13.2,0.46,Demo
D0438,Acuity Networks,Technology,Startup,11000.0,2,Demo,0.64,0,1,1,1,1,1,9,75.5,0.5,Evaluation
D0438,Acuity Networks,Technology,Startup,11000.0,3,Evaluation,0.61,0,1,1,1,1,2,9,202.4,0.49,Negotiation
D0439,Helix Diagnostics,Retail,SMB,32300.0,1,Discovery,0.37,1,0,0,0,0,2,2,20.7,0.35,Lost
D0440,Cobalt Freight,Education,SMB,35300.0,1,Discovery,0.74,0,0,1,0,1,4,2,28.9,0.68,Demo
D0440,Cobalt Freight,Education,SMB,35300.0,2,Demo,0.65,0,0,1,0,1,1,14,49.0,0.63,Evaluation
D0440,Cobalt Freight,Education,SMB,35300.0,3,Evaluation,0.68,0,1,1,0,1,4,13,20.3,0.65,Negotiation
D0440,Cobalt Freight,Education,SMB,35300.0,4,Negotiation,0.78,0,1,1,1,1,2,13,11.2,0.71,Proposal
D0440,Cobalt Freight,Education,SMB,35300.0,5,Proposal,0.85,0,1,1,1,1,2,6,12.0,0.75,Proposal
D0440,Cobalt Freight,Education,SMB,35300.0,6,Proposal,0.95,0,1,1,1,1,1,9,26.8,0.81,Proposal
D0440,Cobalt Freight,Education,SMB,35300.0,7,Proposal,0.91,0,1,1,1,1,2,6,2.0,0.79,Closed Won
D0441,Beacon Robotics,Healthcare,Mid-Market,147900.0,1,Discovery,0.71,1,1,0,0,1,4,2,21.4,0.67,Demo
D0441,Beacon Robotics,Healthcare,Mid-Market,147900.0,2,Demo,0.73,2,1,0,0,1,4,3,9.7,0.68,Evaluation
D0441,Beacon Robotics,Healthcare,Mid-Market,147900.0,3,Evaluation,0.7,2,1,0,0,1,2,7,35.0,0.67,Evaluation
D0441,Beacon Robotics,Healthcare,Mid-Market,147900.0,4,Evaluation,0.66,3,1,0,0,1,2,8,2.2,0.64,Lost
D0442,Kestrel Instruments,Technology,Enterprise,346900.0,1,Discovery,0.71,0,1,1,0,1,3,2,22.0,0.64,Demo
D0442,Kestrel Instruments,Technology,Enterprise,346900.0,2,Demo,0.76,0,1,1,1,1,2,9,16.3,0.67,Evaluation
D0442,Kestrel Instruments,Technology,Enterprise,346900.0,3,Evaluation,0.88,0,1,1,1,1,1,8,25.6,0.74,Negotiation
D0442,Kestrel Instruments,Technology,Enterprise,346900.0,4,Negotiation,0.96,0,2,1,1,1,1,9,2.0,0.79,Proposal
D0442,Kestrel Instruments,Technology,Enterprise,346900.0,5,Proposal,0.94,1,2,1,1,1,2,1,21.6,0.77,Closed Won
D0443,Zenith Textiles,Financial Services,Mid-Market,119700.0,1,Discovery,0.72,0,0,1,0,1,1,4,16.1,0.72,Demo
D0443,Zenith Textiles,Financial Services,Mid-Market,119700.0,2,Demo,0.76,0,0,1,0,1,1,5,16.1,0.74,Evaluation
D0443,Zenith Textiles,Financial Services,Mid-Market,119700.0,3,Evaluation,0.83,0,0,1,1,1,1,11,18.1,0.79,Negotiation
D0443,Zenith Textiles,Financial Services,Mid-Market,119700.0,4,Negotiation,0.91,0,0,1,1,1,2,13,22.1,0.83,Proposal
D0443,Zenith Textiles,Financial Services,Mid-Market,119700.0,5,Proposal,0.96,0,1,1,1,1,1,13,32.0,0.86,Closed Won
D0444,NexGen Health,Technology,SMB,65800.0,1,Discovery,0.73,1,0,1,0,0,1,4,5.9,0.74,Discovery
D0444,NexGen Health,Technology,SMB,65800.0,2,Discovery,0.65,1,0,1,1,0,3,7,32.5,0.7,Demo
D0444,NexGen Health,Technology,SMB,65800.0,3,Demo,0.64,1,0,1,1,1,2,2,12.8,0.69,Evaluation
D0444,NexGen Health,Technology,SMB,65800.0,4,Evaluation,0.71,1,1,1,1,1,3,14,2.0,0.73,Negotiation
D0444,NexGen Health,Technology,SMB,65800.0,5,Negotiation,0.73,1,2,1,1,1,2,13,2.0,0.74,Proposal
D0444,NexGen Health,Technology,SMB,65800.0,6,Proposal,0.75,1,2,1,1,1,4,10,7.6,0.76,Closed Won
D0445,Cascade Security,Logistics,SMB,48600.0,1,Discovery,0.69,0,1,1,0,1,1,5,27.7,0.73,Demo
D0445,Cascade Security,Logistics,SMB,48600.0,2,Demo,0.8,0,2,1,0,1,4,2,22.2,0.8,Evaluation
D0445,Cascade Security,Logistics,SMB,48600.0,3,Evaluation,0.84,0,2,1,0,1,4,3,28.1,0.82,Negotiation
D0445,Cascade Security,Logistics,SMB,48600.0,4,Negotiation,0.96,0,2,1,1,1,2,10,13.1,0.89,Proposal
D0445,Cascade Security,Logistics,SMB,48600.0,5,Proposal,0.96,0,2,1,1,1,3,10,10.5,0.89,Proposal
D0445,Cascade Security,Logistics,SMB,48600.0,6,Proposal,0.94,0,2,1,1,1,4,2,2.9,0.88,Closed Won
D0446,BrightPath Logistics,Technology,SMB,64900.0,1,Discovery,0.59,0,0,0,0,1,4,5,9.1,0.59,Demo
D0446,BrightPath Logistics,Technology,SMB,64900.0,2,Demo,0.55,0,0,0,1,1,1,9,13.0,0.56,Evaluation
D0446,BrightPath Logistics,Technology,SMB,64900.0,3,Evaluation,0.53,1,0,0,1,1,3,12,2.1,0.55,Negotiation
D0447,Apex Cloud Systems,Healthcare,Mid-Market,96700.0,1,Discovery,0.63,0,0,1,0,1,1,1,18.3,0.66,Demo
D0447,Apex Cloud Systems,Healthcare,Mid-Market,96700.0,2,Demo,0.75,0,0,1,1,1,4,1,26.7,0.73,Evaluation
D0447,Apex Cloud Systems,Healthcare,Mid-Market,96700.0,3,Evaluation,0.71,0,0,1,1,1,2,9,128.4,0.71,Negotiation
D0447,Apex Cloud Systems,Healthcare,Mid-Market,96700.0,4,Negotiation,0.65,0,0,1,1,1,1,1,54.2,0.67,Proposal
D0447,Apex Cloud Systems,Healthcare,Mid-Market,96700.0,5,Proposal,0.76,0,0,1,1,1,4,5,20.6,0.74,Proposal
D0447,Apex Cloud Systems,Healthcare,Mid-Market,96700.0,6,Proposal,0.8,0,0,1,1,1,3,13,11.0,0.76,Proposal
D0447,Apex Cloud Systems,Healthcare,Mid-Market,96700.0,7,Proposal,0.89,0,0,1,1,1,1,1,20.3,0.81,Closed Won
D0448,Synthetix Labs,Logistics,Startup,13000.0,1,Discovery,0.61,0,0,1,0,0,4,2,61.8,0.47,Discovery
D0448,Synthetix Labs,Logistics,Startup,13000.0,2,Discovery,0.61,0,0,1,1,0,3,10,5.1,0.47,Demo
D0449,Acuity Networks,Financial Services,SMB,35700.0,1,Discovery,0.65,0,0,0,0,0,3,3,36.0,0.68,Discovery
D0449,Acuity Networks,Financial Services,SMB,35700.0,2,Discovery,0.6,0,0,0,0,1,2,13,9.5,0.65,Demo
D0449,Acuity Networks,Financial Services,SMB,35700.0,3,Demo,0.54,1,1,0,1,1,1,13,16.7,0.61,Evaluation
D0449,Acuity Networks,Financial Services,SMB,35700.0,4,Evaluation,0.52,1,1,0,1,1,3,8,17.4,0.6,Negotiation
D0450,Vector Mobility,Manufacturing,Enterprise,220100.0,1,Discovery,0.57,0,0,0,0,0,2,5,9.6,0.6,Discovery
D0450,Vector Mobility,Manufacturing,Enterprise,220100.0,2,Discovery,0.5,1,0,0,0,1,3,9,8.7,0.56,Demo
D0450,Vector Mobility,Manufacturing,Enterprise,220100.0,3,Demo,0.41,1,0,0,1,1,3,1,2.0,0.5,Evaluation
D0450,Vector Mobility,Manufacturing,Enterprise,220100.0,4,Evaluation,0.4,1,0,0,1,1,4,6,2.0,0.5,Negotiation
D0450,Vector Mobility,Manufacturing,Enterprise,220100.0,5,Negotiation,0.37,1,0,0,1,1,2,4,37.9,0.48,Proposal
D0451,Veritas Analytics,Technology,Enterprise,142900.0,1,Discovery,0.5,1,0,1,0,0,4,5,29.2,0.4,Discovery
D0451,Veritas Analytics,Technology,Enterprise,142900.0,2,Discovery,0.56,1,0,1,1,0,1,7,14.2,0.44,Demo
D0451,Veritas Analytics,Technology,Enterprise,142900.0,3,Demo,0.56,1,0,1,1,1,3,6,113.0,0.44,Lost
D0452,Solstice Media,Education,Mid-Market,116600.0,1,Discovery,0.48,0,0,1,0,1,1,4,5.9,0.58,Demo
D0452,Solstice Media,Education,Mid-Market,116600.0,2,Demo,0.39,0,0,1,1,1,3,13,10.9,0.52,Evaluation
D0453,Frontier FinCorp,Logistics,Mid-Market,127400.0,1,Discovery,0.81,0,0,1,0,1,1,1,42.2,0.72,Demo
D0453,Frontier FinCorp,Logistics,Mid-Market,127400.0,2,Demo,0.92,1,0,1,1,1,1,13,4.7,0.79,Evaluation
D0453,Frontier FinCorp,Logistics,Mid-Market,127400.0,3,Evaluation,0.84,1,0,1,1,1,4,4,37.1,0.74,Negotiation
D0454,Beacon Robotics,Manufacturing,SMB,62500.0,1,Discovery,0.7,1,0,1,0,1,1,2,12.6,0.72,Demo
D0454,Beacon Robotics,Manufacturing,SMB,62500.0,2,Demo,0.61,1,0,1,1,1,1,11,2.7,0.66,Evaluation
D0454,Beacon Robotics,Manufacturing,SMB,62500.0,3,Evaluation,0.62,1,0,1,1,1,4,9,2.0,0.67,Negotiation
D0454,Beacon Robotics,Manufacturing,SMB,62500.0,4,Negotiation,0.58,1,0,1,1,1,2,12,24.8,0.65,Proposal
D0454,Beacon Robotics,Manufacturing,SMB,62500.0,5,Proposal,0.65,1,0,1,1,1,3,10,13.1,0.69,Proposal
D0454,Beacon Robotics,Manufacturing,SMB,62500.0,6,Proposal,0.66,1,1,1,1,1,3,6,10.9,0.69,Proposal
D0454,Beacon Robotics,Manufacturing,SMB,62500.0,7,Proposal,0.62,1,1,1,1,1,3,6,24.9,0.67,Closed Won
D0455,Helix Diagnostics,Healthcare,Mid-Market,117300.0,1,Discovery,0.65,0,1,0,0,1,3,3,30.1,0.66,Demo
D0455,Helix Diagnostics,Healthcare,Mid-Market,117300.0,2,Demo,0.75,0,1,0,1,1,1,7,3.6,0.72,Evaluation
D0455,Helix Diagnostics,Healthcare,Mid-Market,117300.0,3,Evaluation,0.74,0,2,0,1,1,3,9,19.6,0.71,Negotiation
D0456,Cobalt Freight,Manufacturing,Mid-Market,159600.0,1,Discovery,0.58,0,0,1,0,0,2,5,34.1,0.56,Discovery
D0456,Cobalt Freight,Manufacturing,Mid-Market,159600.0,2,Discovery,0.67,0,0,1,1,0,2,1,26.2,0.62,Demo
D0456,Cobalt Freight,Manufacturing,Mid-Market,159600.0,3,Demo,0.77,1,0,1,1,1,4,3,77.0,0.68,Evaluation
D0456,Cobalt Freight,Manufacturing,Mid-Market,159600.0,4,Evaluation,0.72,2,0,1,1,1,2,12,2.0,0.65,Negotiation
D0456,Cobalt Freight,Manufacturing,Mid-Market,159600.0,5,Negotiation,0.79,2,1,1,1,1,1,13,2.0,0.69,Proposal
D0456,Cobalt Freight,Manufacturing,Mid-Market,159600.0,6,Proposal,0.82,2,2,1,1,1,2,12,8.1,0.71,Closed Won
D0457,Zenith Textiles,Logistics,SMB,29700.0,1,Discovery,0.48,0,0,1,0,0,3,2,11.8,0.39,Discovery
D0457,Zenith Textiles,Logistics,SMB,29700.0,2,Discovery,0.5,0,0,1,0,1,4,8,11.0,0.41,Demo
D0458,BrightPath Logistics,Financial Services,Enterprise,260000.0,1,Discovery,0.57,0,0,1,0,0,3,2,10.5,0.46,Discovery
D0458,BrightPath Logistics,Financial Services,Enterprise,260000.0,2,Discovery,0.54,0,0,1,1,1,2,3,11.6,0.44,Demo
D0458,BrightPath Logistics,Financial Services,Enterprise,260000.0,3,Demo,0.5,0,0,1,1,1,2,11,52.0,0.42,Evaluation
D0458,BrightPath Logistics,Financial Services,Enterprise,260000.0,4,Evaluation,0.37,0,0,1,1,1,2,5,21.8,0.34,Negotiation
D0458,BrightPath Logistics,Financial Services,Enterprise,260000.0,5,Negotiation,0.25,0,0,1,1,1,2,6,54.8,0.27,Proposal
D0458,BrightPath Logistics,Financial Services,Enterprise,260000.0,6,Proposal,0.3,0,1,1,1,1,2,11,2.5,0.3,Closed Won
D0459,Cobalt Freight,Retail,SMB,71500.0,1,Discovery,0.66,0,0,0,0,0,1,2,14.7,0.64,Discovery
D0459,Cobalt Freight,Retail,SMB,71500.0,2,Discovery,0.66,0,0,1,1,0,3,7,2.0,0.64,Demo
D0460,Skyward Aerospace,Technology,Mid-Market,159100.0,1,Discovery,0.69,0,0,1,0,0,4,1,94.0,0.52,Discovery
D0460,Skyward Aerospace,Technology,Mid-Market,159100.0,2,Discovery,0.6,0,0,1,1,1,1,4,5.9,0.46,Demo
D0460,Skyward Aerospace,Technology,Mid-Market,159100.0,3,Demo,0.55,0,0,1,1,1,4,10,30.2,0.43,Evaluation
D0460,Skyward Aerospace,Technology,Mid-Market,159100.0,4,Evaluation,0.61,1,0,1,1,1,1,1,21.0,0.47,Negotiation
D0460,Skyward Aerospace,Technology,Mid-Market,159100.0,5,Negotiation,0.58,1,1,1,1,1,1,8,16.9,0.45,Proposal
D0460,Skyward Aerospace,Technology,Mid-Market,159100.0,6,Proposal,0.44,2,1,1,1,1,3,7,91.3,0.37,Proposal
D0460,Skyward Aerospace,Technology,Mid-Market,159100.0,7,Proposal,0.37,2,1,1,1,1,2,7,2.0,0.32,Lost
D0461,Veritas Analytics,Retail,Startup,13100.0,1,Discovery,0.64,1,0,1,0,1,1,1,21.6,0.67,Demo
D0461,Veritas Analytics,Retail,Startup,13100.0,2,Demo,0.56,1,0,1,0,1,3,12,65.6,0.62,Demo
D0461,Veritas Analytics,Retail,Startup,13100.0,3,Demo,0.6,1,0,1,1,1,1,9,16.3,0.64,Evaluation
D0461,Veritas Analytics,Retail,Startup,13100.0,4,Evaluation,0.52,1,0,1,1,1,4,12,54.8,0.6,Negotiation
D0461,Veritas Analytics,Retail,Startup,13100.0,5,Negotiation,0.45,1,1,1,1,1,4,10,2.0,0.55,Proposal
D0461,Veritas Analytics,Retail,Startup,13100.0,6,Proposal,0.47,1,2,1,1,1,4,5,10.8,0.57,Lost
D0462,Vanguard Supply,Healthcare,Enterprise,128000.0,1,Discovery,0.52,0,0,1,0,1,4,3,6.7,0.56,Demo
D0462,Vanguard Supply,Healthcare,Enterprise,128000.0,2,Demo,0.51,1,0,1,0,1,4,12,29.0,0.55,Demo
D0463,Acuity Networks,Manufacturing,SMB,74600.0,1,Discovery,0.52,1,1,0,0,1,4,5,9.5,0.46,Discovery
D0463,Acuity Networks,Manufacturing,SMB,74600.0,2,Discovery,0.56,2,1,1,0,1,3,5,34.0,0.48,Lost
D0464,BlueShift AI,Financial Services,Startup,29200.0,1,Discovery,0.4,1,1,1,0,0,2,4,6.4,0.41,Discovery
D0464,BlueShift AI,Financial Services,Startup,29200.0,2,Discovery,0.4,1,1,1,0,1,2,5,24.1,0.41,Discovery
D0464,BlueShift AI,Financial Services,Startup,29200.0,3,Discovery,0.44,2,2,1,0,1,2,4,18.0,0.43,Discovery
D0464,BlueShift AI,Financial Services,Startup,29200.0,4,Discovery,0.3,2,2,1,1,1,2,7,103.4,0.35,Discovery
D0464,BlueShift AI,Financial Services,Startup,29200.0,5,Discovery,0.32,2,3,1,1,1,1,12,27.1,0.36,Discovery
D0465,Cascade Security,Education,SMB,38400.0,1,Discovery,0.7,0,0,1,0,0,4,1,2.7,0.66,Demo
D0465,Cascade Security,Education,SMB,38400.0,2,Demo,0.7,0,1,1,0,0,4,12,3.7,0.66,Evaluation
D0465,Cascade Security,Education,SMB,38400.0,3,Evaluation,0.7,0,2,1,1,1,2,8,5.7,0.66,Negotiation
D0465,Cascade Security,Education,SMB,38400.0,4,Negotiation,0.78,1,2,1,1,1,3,2,6.4,0.71,Proposal
D0465,Cascade Security,Education,SMB,38400.0,5,Proposal,0.9,1,2,1,1,1,1,9,42.3,0.78,Closed Won
D0466,Apex Cloud Systems,Retail,Enterprise,161000.0,1,Discovery,0.31,0,0,1,0,1,2,4,31.1,0.3,Discovery
D0466,Apex Cloud Systems,Retail,Enterprise,161000.0,2,Discovery,0.24,1,0,1,1,1,1,7,28.0,0.25,Demo
D0466,Apex Cloud Systems,Retail,Enterprise,161000.0,3,Demo,0.26,1,1,1,1,1,4,3,4.6,0.27,Evaluation
D0466,Apex Cloud Systems,Retail,Enterprise,161000.0,4,Evaluation,0.32,1,1,1,1,1,2,13,74.3,0.3,Evaluation
D0467,Cascade Security,Financial Services,Mid-Market,60100.0,1,Discovery,0.63,0,0,1,0,1,3,2,2.0,0.55,Demo
D0467,Cascade Security,Financial Services,Mid-Market,60100.0,2,Demo,0.52,0,1,1,1,1,4,8,35.8,0.48,Evaluation
D0467,Cascade Security,Financial Services,Mid-Market,60100.0,3,Evaluation,0.57,0,2,1,1,1,4,10,22.8,0.51,Negotiation
D0467,Cascade Security,Financial Services,Mid-Market,60100.0,4,Negotiation,0.61,0,2,1,1,1,1,7,2.5,0.53,Proposal
D0467,Cascade Security,Financial Services,Mid-Market,60100.0,5,Proposal,0.62,0,2,1,1,1,2,14,17.9,0.54,Proposal
D0467,Cascade Security,Financial Services,Mid-Market,60100.0,6,Proposal,0.56,0,2,1,1,1,4,8,19.3,0.5,Closed Won
D0468,Cobalt Freight,Education,SMB,32300.0,1,Discovery,0.86,0,0,0,0,0,2,2,3.3,0.83,Demo
D0468,Cobalt Freight,Education,SMB,32300.0,2,Demo,0.88,0,0,0,0,1,3,5,53.1,0.84,Evaluation
D0468,Cobalt Freight,Education,SMB,32300.0,3,Evaluation,0.86,0,0,0,0,1,2,12,34.6,0.83,Negotiation
D0469,Helix Diagnostics,Education,Mid-Market,146400.0,1,Discovery,0.38,0,1,1,0,0,3,1,20.4,0.37,Discovery
D0469,Helix Diagnostics,Education,Mid-Market,146400.0,2,Discovery,0.32,0,2,1,0,1,3,4,17.5,0.33,Discovery
D0469,Helix Diagnostics,Education,Mid-Market,146400.0,3,Discovery,0.32,0,2,1,1,1,1,7,34.7,0.33,Demo
D0469,Helix Diagnostics,Education,Mid-Market,146400.0,4,Demo,0.39,0,2,1,1,1,3,6,26.0,0.37,Evaluation
D0469,Helix Diagnostics,Education,Mid-Market,146400.0,5,Evaluation,0.37,0,3,1,1,1,1,11,2.1,0.36,Negotiation
D0469,Helix Diagnostics,Education,Mid-Market,146400.0,6,Negotiation,0.39,0,3,1,1,1,3,6,23.7,0.37,Proposal
D0469,Helix Diagnostics,Education,Mid-Market,146400.0,7,Proposal,0.42,0,3,1,1,1,3,4,54.1,0.39,Closed Won
D0470,NexGen Health,Retail,Enterprise,273300.0,1,Discovery,0.45,0,0,1,0,1,1,2,25.0,0.37,Demo
D0470,NexGen Health,Retail,Enterprise,273300.0,2,Demo,0.52,0,1,1,1,1,4,10,2.2,0.41,Evaluation
D0470,NexGen Health,Retail,Enterprise,273300.0,3,Evaluation,0.55,0,2,1,1,1,2,8,62.7,0.43,Negotiation
D0470,NexGen Health,Retail,Enterprise,273300.0,4,Negotiation,0.62,0,3,1,1,1,2,13,9.1,0.47,Proposal
D0470,NexGen Health,Retail,Enterprise,273300.0,5,Proposal,0.63,0,3,1,1,1,4,12,12.2,0.48,Proposal
D0470,NexGen Health,Retail,Enterprise,273300.0,6,Proposal,0.55,0,3,1,1,1,3,12,7.3,0.43,Closed Won
D0471,Cascade Security,Logistics,Mid-Market,117800.0,1,Discovery,0.35,0,0,1,0,1,2,1,12.0,0.37,Demo
D0471,Cascade Security,Logistics,Mid-Market,117800.0,2,Demo,0.31,0,0,1,0,1,3,7,42.3,0.35,Demo
D0471,Cascade Security,Logistics,Mid-Market,117800.0,3,Demo,0.23,0,0,1,1,1,1,12,21.9,0.3,Evaluation
D0472,BrightPath Logistics,Retail,Mid-Market,98600.0,1,Discovery,0.61,0,0,1,0,1,3,3,62.2,0.53,Demo
D0472,BrightPath Logistics,Retail,Mid-Market,98600.0,2,Demo,0.56,0,0,1,0,1,4,1,62.6,0.5,Evaluation
D0472,BrightPath Logistics,Retail,Mid-Market,98600.0,3,Evaluation,0.5,0,1,1,1,1,3,2,60.5,0.46,Negotiation
D0472,BrightPath Logistics,Retail,Mid-Market,98600.0,4,Negotiation,0.51,0,1,1,1,1,1,8,8.1,0.47,Proposal
D0472,BrightPath Logistics,Retail,Mid-Market,98600.0,5,Proposal,0.5,1,1,1,1,1,3,7,17.8,0.46,Closed Won
D0473,Atlas Energy,Education,SMB,44700.0,1,Discovery,0.66,0,0,0,0,0,3,2,79.3,0.7,Discovery
D0473,Atlas Energy,Education,SMB,44700.0,2,Discovery,0.59,0,0,0,0,0,3,4,27.9,0.66,Discovery
D0473,Atlas Energy,Education,SMB,44700.0,3,Discovery,0.55,0,0,0,0,1,2,10,2.0,0.63,Demo
D0473,Atlas Energy,Education,SMB,44700.0,4,Demo,0.57,0,0,0,1,1,3,8,2.0,0.64,Evaluation
D0473,Atlas Energy,Education,SMB,44700.0,5,Evaluation,0.5,1,0,0,1,1,2,11,11.8,0.6,Negotiation
D0474,Aegis Software,Financial Services,SMB,28100.0,1,Discovery,0.61,1,0,1,0,0,3,4,27.6,0.49,Discovery
D0474,Aegis Software,Financial Services,SMB,28100.0,2,Discovery,0.53,1,1,1,1,0,3,6,24.6,0.44,Discovery
D0474,Aegis Software,Financial Services,SMB,28100.0,3,Discovery,0.41,1,1,1,1,0,3,14,4.0,0.37,Discovery
D0474,Aegis Software,Financial Services,SMB,28100.0,4,Discovery,0.46,1,1,1,1,0,1,6,38.2,0.4,Discovery
D0474,Aegis Software,Financial Services,SMB,28100.0,5,Discovery,0.44,1,1,1,1,0,4,10,61.7,0.39,Discovery
D0475,BlueShift AI,Retail,Startup,10000.0,1,Discovery,0.67,0,0,0,0,1,3,2,28.0,0.71,Demo
D0475,BlueShift AI,Retail,Startup,10000.0,2,Demo,0.59,1,1,0,1,1,2,1,62.5,0.66,Lost
D0476,Skyward Aerospace,Retail,Mid-Market,101600.0,1,Discovery,0.8,0,0,1,0,0,1,4,4.9,0.74,Demo
D0476,Skyward Aerospace,Retail,Mid-Market,101600.0,2,Demo,0.91,0,0,1,1,1,3,3,15.8,0.8,Evaluation
D0476,Skyward Aerospace,Retail,Mid-Market,101600.0,3,Evaluation,0.96,0,0,1,1,1,3,8,7.2,0.83,Negotiation
D0476,Skyward Aerospace,Retail,Mid-Market,101600.0,4,Negotiation,0.9,0,0,1,1,1,2,1,33.5,0.8,Proposal
D0476,Skyward Aerospace,Retail,Mid-Market,101600.0,5,Proposal,0.96,0,0,1,1,1,3,14,18.4,0.83,Proposal
D0476,Skyward Aerospace,Retail,Mid-Market,101600.0,6,Proposal,0.86,0,1,1,1,1,2,3,21.4,0.77,Closed Won
D0477,Atlas Energy,Technology,Startup,31700.0,1,Discovery,0.34,1,0,1,0,0,4,4,53.5,0.34,Discovery
D0477,Atlas Energy,Technology,Startup,31700.0,2,Discovery,0.36,1,1,1,1,1,2,7,16.9,0.35,Lost
D0478,Helix Diagnostics,Manufacturing,Startup,10100.0,1,Discovery,0.83,1,0,0,0,1,3,5,47.1,0.79,Demo
D0478,Helix Diagnostics,Manufacturing,Startup,10100.0,2,Demo,0.89,1,1,0,1,1,1,3,14.5,0.83,Evaluation
D0478,Helix Diagnostics,Manufacturing,Startup,10100.0,3,Evaluation,0.96,1,2,0,1,1,2,3,3.3,0.87,Negotiation
D0479,Synthetix Labs,Retail,Mid-Market,129100.0,1,Discovery,0.44,0,0,0,0,1,2,5,47.9,0.42,Discovery
D0479,Synthetix Labs,Retail,Mid-Market,129100.0,2,Discovery,0.36,0,1,0,0,1,2,8,11.6,0.37,Demo
D0479,Synthetix Labs,Retail,Mid-Market,129100.0,3,Demo,0.38,1,1,0,1,1,3,1,59.1,0.39,Lost
D0480,Pulse Dynamics,Retail,Startup,13100.0,1,Discovery,0.65,1,0,1,0,0,2,1,57.2,0.61,Discovery
D0480,Pulse Dynamics,Retail,Startup,13100.0,2,Discovery,0.57,1,0,1,0,1,4,12,7.8,0.56,Demo
D0481,Veritas Analytics,Healthcare,SMB,54400.0,1,Discovery,0.64,0,1,0,0,0,3,2,3.5,0.61,Discovery
D0481,Veritas Analytics,Healthcare,SMB,54400.0,2,Discovery,0.54,0,2,0,0,1,4,8,5.3,0.55,Demo
D0481,Veritas Analytics,Healthcare,SMB,54400.0,3,Demo,0.5,1,2,0,1,1,3,14,4.7,0.53,Evaluation
D0481,Veritas Analytics,Healthcare,SMB,54400.0,4,Evaluation,0.4,1,2,0,1,1,4,11,52.3,0.47,Negotiation
D0481,Veritas Analytics,Healthcare,SMB,54400.0,5,Negotiation,0.48,2,2,0,1,1,2,4,24.8,0.52,Lost
D0482,Synthetix Labs,Financial Services,SMB,55000.0,1,Discovery,0.63,0,0,1,0,1,2,1,3.1,0.68,Demo
D0482,Synthetix Labs,Financial Services,SMB,55000.0,2,Demo,0.73,0,0,1,1,1,3,2,11.0,0.74,Evaluation
D0483,Pulse Dynamics,Manufacturing,Startup,32900.0,1,Discovery,0.28,0,0,1,0,1,2,3,2.3,0.36,Discovery
D0483,Pulse Dynamics,Manufacturing,Startup,32900.0,2,Discovery,0.2,1,1,1,1,1,2,10,56.3,0.31,Discovery
D0483,Pulse Dynamics,Manufacturing,Startup,32900.0,3,Discovery,0.14,1,1,1,1,1,4,13,42.8,0.28,Discovery
D0483,Pulse Dynamics,Manufacturing,Startup,32900.0,4,Discovery,0.12,1,2,1,1,1,2,8,18.5,0.27,Lost
D0484,Vanguard Supply,Financial Services,SMB,57300.0,1,Discovery,0.65,1,0,0,0,0,2,1,84.1,0.6,Lost
D0485,Vector Mobility,Healthcare,Startup,25300.0,1,Discovery,0.39,0,0,1,0,1,1,2,19.2,0.36,Demo
D0485,Vector Mobility,Healthcare,Startup,25300.0,2,Demo,0.31,0,0,1,0,1,2,9,147.3,0.31,Lost
D0486,Aegis Software,Financial Services,Startup,16800.0,1,Discovery,0.72,1,1,0,0,0,2,3,27.0,0.65,Discovery
D0486,Aegis Software,Financial Services,Startup,16800.0,2,Discovery,0.79,1,1,0,0,1,4,8,24.7,0.69,Demo
D0487,Acuity Networks,Logistics,Startup,16000.0,1,Discovery,0.28,0,1,1,0,1,2,4,75.7,0.29,Lost
D0488,Summit BioPharma,Education,Enterprise,184700.0,1,Discovery,0.57,0,0,1,0,0,1,5,14.5,0.54,Discovery
D0488,Summit BioPharma,Education,Enterprise,184700.0,2,Discovery,0.59,0,1,1,1,0,3,10,4.6,0.55,Demo
D0488,Summit BioPharma,Education,Enterprise,184700.0,3,Demo,0.61,0,1,1,1,1,1,1,2.0,0.56,Evaluation
D0488,Summit BioPharma,Education,Enterprise,184700.0,4,Evaluation,0.5,0,1,1,1,1,1,12,21.4,0.5,Negotiation
D0488,Summit BioPharma,Education,Enterprise,184700.0,5,Negotiation,0.39,0,1,1,1,1,2,7,19.5,0.43,Proposal
D0488,Summit BioPharma,Education,Enterprise,184700.0,6,Proposal,0.45,0,1,1,1,1,2,4,33.1,0.47,Proposal
D0488,Summit BioPharma,Education,Enterprise,184700.0,7,Proposal,0.39,0,2,1,1,1,2,10,57.5,0.43,Closed Won
D0489,Cobalt Freight,Education,SMB,37200.0,1,Discovery,0.67,1,0,0,0,0,4,2,2.8,0.54,Discovery
D0489,Cobalt Freight,Education,SMB,37200.0,2,Discovery,0.69,1,0,0,0,0,3,9,44.1,0.55,Discovery
D0489,Cobalt Freight,Education,SMB,37200.0,3,Discovery,0.56,1,0,1,1,1,4,13,7.0,0.47,Demo
D0489,Cobalt Freight,Education,SMB,37200.0,4,Demo,0.45,1,0,1,1,1,2,2,65.6,0.4,Evaluation
D0489,Cobalt Freight,Education,SMB,37200.0,5,Evaluation,0.31,1,0,1,1,1,2,11,57.4,0.32,Negotiation
D0489,Cobalt Freight,Education,SMB,37200.0,6,Negotiation,0.17,1,1,1,1,1,1,12,26.1,0.24,Proposal
D0490,Synthetix Labs,Manufacturing,Startup,10000.0,1,Discovery,0.45,1,0,1,0,0,1,4,14.3,0.38,Lost
D0491,OmniCommerce,Manufacturing,SMB,49900.0,1,Discovery,0.87,0,0,1,0,0,4,2,13.6,0.78,Demo
D0491,OmniCommerce,Manufacturing,SMB,49900.0,2,Demo,0.91,0,1,1,1,1,3,10,36.9,0.8,Evaluation
D0492,Cobalt Freight,Logistics,SMB,31800.0,1,Discovery,0.54,0,0,0,0,1,2,4,8.7,0.61,Demo
D0492,Cobalt Freight,Logistics,SMB,31800.0,2,Demo,0.51,0,0,0,1,1,4,8,13.4,0.59,Evaluation
D0493,BlueShift AI,Manufacturing,Startup,21700.0,1,Discovery,0.73,0,0,1,0,1,4,1,8.3,0.71,Demo
D0493,BlueShift AI,Manufacturing,Startup,21700.0,2,Demo,0.69,0,1,1,0,1,1,7,3.9,0.69,Evaluation
D0493,BlueShift AI,Manufacturing,Startup,21700.0,3,Evaluation,0.8,0,2,1,1,1,2,1,25.4,0.75,Negotiation
D0493,BlueShift AI,Manufacturing,Startup,21700.0,4,Negotiation,0.76,0,2,1,1,1,1,2,35.7,0.73,Proposal
D0493,BlueShift AI,Manufacturing,Startup,21700.0,5,Proposal,0.68,1,2,1,1,1,1,10,2.2,0.68,Closed Won
D0494,Beacon Robotics,Financial Services,SMB,34500.0,1,Discovery,0.59,0,0,1,0,0,2,3,6.2,0.59,Discovery
D0494,Beacon Robotics,Financial Services,SMB,34500.0,2,Discovery,0.49,0,1,1,0,1,2,14,3.4,0.53,Demo
D0495,Veritas Analytics,Manufacturing,Mid-Market,61700.0,1,Discovery,0.71,0,0,0,0,1,3,1,11.0,0.74,Demo
D0495,Veritas Analytics,Manufacturing,Mid-Market,61700.0,2,Demo,0.81,0,0,0,1,1,4,5,25.4,0.8,Evaluation
D0495,Veritas Analytics,Manufacturing,Mid-Market,61700.0,3,Evaluation,0.85,0,1,0,1,1,1,11,19.3,0.82,Negotiation
D0495,Veritas Analytics,Manufacturing,Mid-Market,61700.0,4,Negotiation,0.81,0,2,0,1,1,4,4,17.8,0.8,Proposal
D0495,Veritas Analytics,Manufacturing,Mid-Market,61700.0,5,Proposal,0.77,0,2,0,1,1,3,5,8.0,0.77,Closed Won
D0496,Acuity Networks,Financial Services,Enterprise,212200.0,1,Discovery,0.59,1,0,1,0,0,4,1,34.9,0.65,Discovery
D0496,Acuity Networks,Financial Services,Enterprise,212200.0,2,Discovery,0.62,1,1,1,1,1,2,8,12.1,0.67,Demo
D0496,Acuity Networks,Financial Services,Enterprise,212200.0,3,Demo,0.53,1,1,1,1,1,2,6,73.3,0.62,Evaluation
D0497,Acuity Networks,Manufacturing,Startup,30900.0,1,Discovery,0.52,0,0,0,0,0,4,1,2.7,0.59,Discovery
D0497,Acuity Networks,Manufacturing,Startup,30900.0,2,Discovery,0.43,0,0,1,1,1,1,3,22.8,0.53,Demo
D0497,Acuity Networks,Manufacturing,Startup,30900.0,3,Demo,0.42,1,0,1,1,1,4,12,7.9,0.53,Evaluation
D0497,Acuity Networks,Manufacturing,Startup,30900.0,4,Evaluation,0.39,1,0,1,1,1,2,5,23.4,0.51,Negotiation
D0497,Acuity Networks,Manufacturing,Startup,30900.0,5,Negotiation,0.32,2,1,1,1,1,3,3,2.0,0.47,Proposal
D0497,Acuity Networks,Manufacturing,Startup,30900.0,6,Proposal,0.36,2,1,1,1,1,3,8,3.9,0.49,Closed Won
D0498,Vanguard Supply,Retail,SMB,38500.0,1,Discovery,0.46,0,0,1,0,0,2,3,64.8,0.41,Discovery
D0498,Vanguard Supply,Retail,SMB,38500.0,2,Discovery,0.37,0,0,1,1,0,4,14,8.6,0.36,Demo
D0498,Vanguard Supply,Retail,SMB,38500.0,3,Demo,0.26,0,1,1,1,1,2,14,60.7,0.29,Evaluation
D0498,Vanguard Supply,Retail,SMB,38500.0,4,Evaluation,0.12,0,1,1,1,1,1,7,11.0,0.21,Negotiation
D0498,Vanguard Supply,Retail,SMB,38500.0,5,Negotiation,0.12,0,1,1,1,1,2,8,34.4,0.21,Lost
D0499,Synthetix Labs,Financial Services,SMB,40800.0,1,Discovery,0.35,0,0,1,0,0,4,3,48.7,0.31,Discovery
D0499,Synthetix Labs,Financial Services,SMB,40800.0,2,Discovery,0.27,0,0,1,1,1,1,9,29.6,0.26,Demo
D0499,Synthetix Labs,Financial Services,SMB,40800.0,3,Demo,0.16,0,0,1,1,1,4,14,15.0,0.19,Evaluation
D0500,Veritas Analytics,Financial Services,SMB,43800.0,1,Discovery,0.71,0,0,1,0,1,1,3,2.0,0.7,Demo
D0500,Veritas Analytics,Financial Services,SMB,43800.0,2,Demo,0.81,0,1,1,1,1,3,9,7.4,0.76,Evaluation
D0500,Veritas Analytics,Financial Services,SMB,43800.0,3,Evaluation,0.82,0,1,1,1,1,3,12,21.8,0.76,Negotiation
D0500,Veritas Analytics,Financial Services,SMB,43800.0,4,Negotiation,0.83,0,1,1,1,1,2,5,57.2,0.77,Proposal
D0501,Solstice Media,Logistics,Mid-Market,94900.0,1,Discovery,0.74,0,0,1,0,1,1,5,36.7,0.65,Demo
D0501,Solstice Media,Logistics,Mid-Market,94900.0,2,Demo,0.84,0,0,1,0,1,1,11,39.3,0.71,Evaluation
D0501,Solstice Media,Logistics,Mid-Market,94900.0,3,Evaluation,0.94,0,0,1,1,1,1,8,27.6,0.77,Negotiation
D0501,Solstice Media,Logistics,Mid-Market,94900.0,4,Negotiation,0.95,0,1,1,1,1,3,5,7.6,0.77,Proposal
D0501,Solstice Media,Logistics,Mid-Market,94900.0,5,Proposal,0.96,0,2,1,1,1,2,14,60.1,0.78,Closed Won
D0502,Summit BioPharma,Financial Services,SMB,62600.0,1,Discovery,0.84,0,1,1,0,0,2,5,22.0,0.79,Demo
D0502,Summit BioPharma,Financial Services,SMB,62600.0,2,Demo,0.93,0,1,1,0,1,1,6,16.3,0.84,Evaluation
D0503,Vector Mobility,Retail,Enterprise,254600.0,1,Discovery,0.38,0,0,0,0,0,1,3,20.0,0.36,Lost
D0504,Skyward Aerospace,Retail,Startup,28100.0,1,Discovery,0.59,1,0,1,0,0,1,1,23.5,0.46,Discovery
D0504,Skyward Aerospace,Retail,Startup,28100.0,2,Discovery,0.62,1,0,1,1,1,2,2,76.1,0.48,Demo
D0504,Skyward Aerospace,Retail,Startup,28100.0,3,Demo,0.63,1,0,1,1,1,1,14,30.1,0.49,Evaluation
D0505,BlueShift AI,Education,SMB,70800.0,1,Discovery,0.44,0,0,0,0,1,4,5,151.4,0.36,Discovery
D0505,BlueShift AI,Education,SMB,70800.0,2,Discovery,0.37,0,1,1,0,1,4,13,4.7,0.32,Demo
D0505,BlueShift AI,Education,SMB,70800.0,3,Demo,0.25,1,1,1,1,1,4,7,22.1,0.25,Evaluation
D0505,BlueShift AI,Education,SMB,70800.0,4,Evaluation,0.31,1,1,1,1,1,4,4,2.0,0.28,Negotiation
D0505,BlueShift AI,Education,SMB,70800.0,5,Negotiation,0.31,2,1,1,1,1,4,8,54.2,0.28,Negotiation
D0505,BlueShift AI,Education,SMB,70800.0,6,Negotiation,0.35,3,1,1,1,1,2,6,100.7,0.31,Lost
D0506,Everline Retail,Financial Services,Enterprise,226200.0,1,Discovery,0.68,0,0,1,0,1,3,3,6.1,0.72,Demo
D0506,Everline Retail,Financial Services,Enterprise,226200.0,2,Demo,0.63,0,0,1,1,1,1,11,36.3,0.69,Evaluation
D0506,Everline Retail,Financial Services,Enterprise,226200.0,3,Evaluation,0.7,0,1,1,1,1,1,3,6.4,0.73,Negotiation
D0506,Everline Retail,Financial Services,Enterprise,226200.0,4,Negotiation,0.61,0,1,1,1,1,3,4,44.9,0.67,Proposal
D0506,Everline Retail,Financial Services,Enterprise,226200.0,5,Proposal,0.65,0,1,1,1,1,4,8,26.0,0.7,Proposal
D0506,Everline Retail,Financial Services,Enterprise,226200.0,6,Proposal,0.66,0,1,1,1,1,2,1,30.3,0.7,Proposal
D0506,Everline Retail,Financial Services,Enterprise,226200.0,7,Proposal,0.74,0,2,1,1,1,3,14,2.0,0.75,Closed Won
D0507,Novus Capital,Retail,Startup,21300.0,1,Discovery,0.39,0,0,0,0,0,1,4,88.2,0.42,Lost
D0508,Trident Tech,Healthcare,SMB,63000.0,1,Discovery,0.6,0,1,1,0,0,4,5,24.8,0.66,Discovery
D0508,Trident Tech,Healthcare,SMB,63000.0,2,Discovery,0.64,0,1,1,1,0,3,7,7.0,0.68,Demo
D0508,Trident Tech,Healthcare,SMB,63000.0,3,Demo,0.58,0,1,1,1,0,3,2,33.8,0.64,Evaluation
D0508,Trident Tech,Healthcare,SMB,63000.0,4,Evaluation,0.49,0,1,1,1,1,4,3,6.3,0.59,Negotiation
D0508,Trident Tech,Healthcare,SMB,63000.0,5,Negotiation,0.47,0,1,1,1,1,2,14,39.4,0.58,Proposal
D0508,Trident Tech,Healthcare,SMB,63000.0,6,Proposal,0.48,0,1,1,1,1,2,8,2.3,0.58,Closed Won
D0509,OmniCommerce,Manufacturing,Startup,13800.0,1,Discovery,0.51,0,1,0,0,0,1,1,38.9,0.45,Discovery
D0509,OmniCommerce,Manufacturing,Startup,13800.0,2,Discovery,0.59,0,1,0,0,0,1,8,24.9,0.5,Discovery
D0509,OmniCommerce,Manufacturing,Startup,13800.0,3,Discovery,0.47,0,1,1,1,1,4,14,3.2,0.43,Demo
D0510,Everline Retail,Financial Services,Mid-Market,65200.0,1,Discovery,0.51,1,0,1,0,0,4,1,2.0,0.43,Lost
D0511,Apex Cloud Systems,Education,Startup,24100.0,1,Discovery,0.53,0,0,1,0,1,2,4,13.1,0.59,Demo
D0511,Apex Cloud Systems,Education,Startup,24100.0,2,Demo,0.5,1,1,1,1,1,4,6,7.4,0.57,Evaluation
D0511,Apex Cloud Systems,Education,Startup,24100.0,3,Evaluation,0.57,1,2,1,1,1,1,13,18.9,0.61,Lost
D0512,Cobalt Freight,Healthcare,Startup,10900.0,1,Discovery,0.58,0,1,0,0,0,4,5,8.8,0.56,Discovery
D0512,Cobalt Freight,Healthcare,Startup,10900.0,2,Discovery,0.7,0,1,1,0,0,3,14,8.9,0.63,Demo
D0512,Cobalt Freight,Healthcare,Startup,10900.0,3,Demo,0.67,0,1,1,1,0,2,2,33.8,0.61,Evaluation
D0512,Cobalt Freight,Healthcare,Startup,10900.0,4,Evaluation,0.74,1,1,1,1,1,1,7,2.0,0.65,Negotiation
D0512,Cobalt Freight,Healthcare,Startup,10900.0,5,Negotiation,0.68,1,2,1,1,1,2,3,58.0,0.62,Proposal
D0512,Cobalt Freight,Healthcare,Startup,10900.0,6,Proposal,0.71,1,2,1,1,1,1,5,47.5,0.64,Lost
D0513,Synthetix Labs,Retail,Mid-Market,107400.0,1,Discovery,0.23,0,0,0,0,1,4,2,39.0,0.26,Discovery
D0513,Synthetix Labs,Retail,Mid-Market,107400.0,2,Discovery,0.3,0,1,0,0,1,3,8,31.9,0.3,Discovery
D0513,Synthetix Labs,Retail,Mid-Market,107400.0,3,Discovery,0.17,0,2,0,0,1,3,14,78.9,0.23,Discovery
D0513,Synthetix Labs,Retail,Mid-Market,107400.0,4,Discovery,0.19,0,2,1,1,1,1,9,7.3,0.24,Demo
D0513,Synthetix Labs,Retail,Mid-Market,107400.0,5,Demo,0.2,0,2,1,1,1,3,7,2.9,0.24,Lost
D0514,Cobalt Freight,Retail,Enterprise,328800.0,1,Discovery,0.51,0,0,1,0,1,1,3,7.0,0.51,Demo
D0514,Cobalt Freight,Retail,Enterprise,328800.0,2,Demo,0.43,0,0,1,1,1,1,10,40.7,0.46,Evaluation
D0514,Cobalt Freight,Retail,Enterprise,328800.0,3,Evaluation,0.51,0,0,1,1,1,1,5,2.0,0.51,Negotiation
D0514,Cobalt Freight,Retail,Enterprise,328800.0,4,Negotiation,0.63,0,0,1,1,1,4,4,22.5,0.58,Proposal
D0514,Cobalt Freight,Retail,Enterprise,328800.0,5,Proposal,0.56,0,1,1,1,1,3,5,138.6,0.54,Lost
D0515,Cascade Security,Retail,SMB,46600.0,1,Discovery,0.25,0,1,0,0,0,2,2,71.3,0.27,Lost
D0516,Summit BioPharma,Education,Startup,9600.0,1,Discovery,0.43,0,1,1,0,0,4,3,32.3,0.34,Discovery
D0516,Summit BioPharma,Education,Startup,9600.0,2,Discovery,0.45,0,1,1,1,0,1,10,2.9,0.35,Demo
D0516,Summit BioPharma,Education,Startup,9600.0,3,Demo,0.47,0,1,1,1,1,2,11,78.0,0.37,Evaluation
D0516,Summit BioPharma,Education,Startup,9600.0,4,Evaluation,0.55,1,1,1,1,1,4,10,40.0,0.41,Negotiation
D0516,Summit BioPharma,Education,Startup,9600.0,5,Negotiation,0.54,1,2,1,1,1,4,2,5.3,0.41,Proposal
D0516,Summit BioPharma,Education,Startup,9600.0,6,Proposal,0.45,1,2,1,1,1,3,14,4.3,0.35,Proposal
D0517,Aegis Software,Financial Services,Enterprise,191100.0,1,Discovery,0.69,1,0,1,0,1,1,1,20.2,0.73,Demo
D0517,Aegis Software,Financial Services,Enterprise,191100.0,2,Demo,0.69,1,0,1,1,1,3,7,32.3,0.73,Evaluation
D0517,Aegis Software,Financial Services,Enterprise,191100.0,3,Evaluation,0.59,1,0,1,1,1,1,12,38.6,0.67,Negotiation
D0518,Aegis Software,Manufacturing,Enterprise,154300.0,1,Discovery,0.58,0,0,1,0,0,1,3,14.0,0.64,Discovery
D0518,Aegis Software,Manufacturing,Enterprise,154300.0,2,Discovery,0.48,0,0,1,1,0,2,6,10.8,0.58,Demo
D0518,Aegis Software,Manufacturing,Enterprise,154300.0,3,Demo,0.53,0,1,1,1,0,2,2,7.3,0.61,Evaluation
D0519,Frontier FinCorp,Financial Services,Startup,26000.0,1,Discovery,0.69,1,1,1,0,1,4,1,28.6,0.71,Demo
D0519,Frontier FinCorp,Financial Services,Startup,26000.0,2,Demo,0.79,1,2,1,1,1,2,9,17.7,0.77,Evaluation
D0519,Frontier FinCorp,Financial Services,Startup,26000.0,3,Evaluation,0.85,2,2,1,1,1,4,10,42.9,0.8,Lost
D0520,Novus Capital,Retail,SMB,41300.0,1,Discovery,0.87,0,0,1,0,1,3,3,10.8,0.83,Demo
D0520,Novus Capital,Retail,SMB,41300.0,2,Demo,0.78,0,0,1,0,1,4,8,17.3,0.78,Evaluation
D0520,Novus Capital,Retail,SMB,41300.0,3,Evaluation,0.82,0,0,1,1,1,1,10,18.5,0.8,Negotiation
D0520,Novus Capital,Retail,SMB,41300.0,4,Negotiation,0.94,1,1,1,1,1,3,4,16.6,0.87,Proposal
D0520,Novus Capital,Retail,SMB,41300.0,5,Proposal,0.96,1,1,1,1,1,2,9,22.4,0.89,Closed Won
D0521,Cobalt Freight,Technology,SMB,67400.0,1,Discovery,0.77,1,0,0,0,1,2,4,5.9,0.71,Demo
D0521,Cobalt Freight,Technology,SMB,67400.0,2,Demo,0.77,1,0,0,1,1,4,9,15.7,0.71,Evaluation
D0521,Cobalt Freight,Technology,SMB,67400.0,3,Evaluation,0.68,1,0,0,1,1,2,2,2.4,0.66,Negotiation
D0521,Cobalt Freight,Technology,SMB,67400.0,4,Negotiation,0.61,1,0,0,1,1,3,2,10.6,0.61,Proposal
D0521,Cobalt Freight,Technology,SMB,67400.0,5,Proposal,0.58,1,0,0,1,1,3,4,14.6,0.6,Closed Won
D0522,Novus Capital,Education,SMB,32600.0,1,Discovery,0.34,1,0,0,0,0,3,4,40.8,0.31,Discovery
D0522,Novus Capital,Education,SMB,32600.0,2,Discovery,0.32,2,0,0,0,1,3,5,116.1,0.3,Lost
D0523,Apex Cloud Systems,Retail,Startup,31100.0,1,Discovery,0.39,0,0,1,0,0,3,5,25.1,0.42,Discovery
D0523,Apex Cloud Systems,Retail,Startup,31100.0,2,Discovery,0.43,0,1,1,0,1,4,5,37.3,0.44,Demo
D0523,Apex Cloud Systems,Retail,Startup,31100.0,3,Demo,0.43,1,1,1,0,1,1,14,19.3,0.44,Demo
D0523,Apex Cloud Systems,Retail,Startup,31100.0,4,Demo,0.37,1,2,1,0,1,1,5,27.5,0.4,Lost
D0524,Novus Capital,Financial Services,SMB,66200.0,1,Discovery,0.33,0,1,1,0,1,4,5,2.4,0.34,Demo
D0524,Novus Capital,Financial Services,SMB,66200.0,2,Demo,0.39,0,2,1,1,1,1,14,9.7,0.37,Evaluation
D0524,Novus Capital,Financial Services,SMB,66200.0,3,Evaluation,0.43,0,3,1,1,1,1,8,14.9,0.4,Negotiation
D0524,Novus Capital,Financial Services,SMB,66200.0,4,Negotiation,0.48,0,3,1,1,1,4,9,21.2,0.43,Lost
D0525,Frontier FinCorp,Logistics,Mid-Market,157800.0,1,Discovery,0.63,0,0,0,0,1,3,1,2.0,0.7,Demo
D0525,Frontier FinCorp,Logistics,Mid-Market,157800.0,2,Demo,0.57,0,0,0,1,1,1,1,2.7,0.66,Evaluation
D0525,Frontier FinCorp,Logistics,Mid-Market,157800.0,3,Evaluation,0.47,1,0,0,1,1,1,2,5.9,0.6,Negotiation
D0525,Frontier FinCorp,Logistics,Mid-Market,157800.0,4,Negotiation,0.58,1,0,0,1,1,4,3,64.4,0.67,Proposal
D0525,Frontier FinCorp,Logistics,Mid-Market,157800.0,5,Proposal,0.62,1,1,0,1,1,4,2,7.3,0.69,Proposal
D0525,Frontier FinCorp,Logistics,Mid-Market,157800.0,6,Proposal,0.65,1,1,0,1,1,2,3,11.9,0.71,Proposal
D0525,Frontier FinCorp,Logistics,Mid-Market,157800.0,7,Proposal,0.73,1,1,0,1,1,4,5,4.0,0.76,Closed Won
D0526,Acuity Networks,Financial Services,Enterprise,326900.0,1,Discovery,0.4,0,1,0,0,0,3,5,42.0,0.32,Lost
D0527,Vector Mobility,Manufacturing,Startup,28700.0,1,Discovery,0.67,0,0,1,0,1,1,2,11.2,0.53,Demo
D0527,Vector Mobility,Manufacturing,Startup,28700.0,2,Demo,0.7,0,1,1,0,1,3,9,7.9,0.55,Evaluation
D0527,Vector Mobility,Manufacturing,Startup,28700.0,3,Evaluation,0.77,1,1,1,1,1,3,11,24.8,0.59,Negotiation
D0527,Vector Mobility,Manufacturing,Startup,28700.0,4,Negotiation,0.81,1,1,1,1,1,1,3,2.0,0.62,Proposal
D0527,Vector Mobility,Manufacturing,Startup,28700.0,5,Proposal,0.88,2,2,1,1,1,1,7,2.0,0.66,Proposal
D0527,Vector Mobility,Manufacturing,Startup,28700.0,6,Proposal,0.89,2,2,1,1,1,3,9,8.4,0.67,Closed Won
D0528,Vector Mobility,Healthcare,SMB,39400.0,1,Discovery,0.44,0,0,1,0,1,1,1,2.0,0.55,Demo
D0528,Vector Mobility,Healthcare,SMB,39400.0,2,Demo,0.5,0,0,1,0,1,3,1,2.3,0.59,Evaluation
D0528,Vector Mobility,Healthcare,SMB,39400.0,3,Evaluation,0.59,0,1,1,1,1,4,13,8.2,0.64,Negotiation
D0528,Vector Mobility,Healthcare,SMB,39400.0,4,Negotiation,0.52,1,2,1,1,1,3,10,32.0,0.6,Proposal
D0528,Vector Mobility,Healthcare,SMB,39400.0,5,Proposal,0.55,1,2,1,1,1,4,8,16.7,0.62,Proposal
D0528,Vector Mobility,Healthcare,SMB,39400.0,6,Proposal,0.47,1,2,1,1,1,4,6,14.2,0.57,Closed Won
D0529,Cobalt Freight,Retail,SMB,29900.0,1,Discovery,0.44,0,0,1,0,1,1,4,11.6,0.4,Demo
D0529,Cobalt Freight,Retail,SMB,29900.0,2,Demo,0.39,1,0,1,1,1,4,11,89.4,0.37,Evaluation
D0529,Cobalt Freight,Retail,SMB,29900.0,3,Evaluation,0.26,2,1,1,1,1,3,6,16.8,0.29,Evaluation
D0529,Cobalt Freight,Retail,SMB,29900.0,4,Evaluation,0.26,3,1,1,1,1,4,1,3.0,0.29,Lost
D0530,Skyward Aerospace,Logistics,Startup,10600.0,1,Discovery,0.51,1,0,1,0,1,4,2,29.2,0.46,Discovery
D0530,Skyward Aerospace,Logistics,Startup,10600.0,2,Discovery,0.45,1,0,1,1,1,1,7,3.7,0.43,Demo
D0530,Skyward Aerospace,Logistics,Startup,10600.0,3,Demo,0.4,1,0,1,1,1,4,3,12.9,0.4,Evaluation
D0531,Vector Mobility,Education,Mid-Market,154300.0,1,Discovery,0.61,0,1,1,0,1,4,4,71.1,0.5,Demo
D0531,Vector Mobility,Education,Mid-Market,154300.0,2,Demo,0.52,0,2,1,1,1,4,12,23.3,0.44,Evaluation
D0531,Vector Mobility,Education,Mid-Market,154300.0,3,Evaluation,0.55,1,2,1,1,1,4,9,41.5,0.46,Lost
D0532,Frontier FinCorp,Education,Startup,22200.0,1,Discovery,0.63,0,0,0,0,0,4,5,98.7,0.66,Discovery
D0532,Frontier FinCorp,Education,Startup,22200.0,2,Discovery,0.63,0,1,1,1,0,1,5,2.8,0.66,Demo
D0532,Frontier FinCorp,Education,Startup,22200.0,3,Demo,0.66,1,1,1,1,1,4,10,6.4,0.68,Evaluation
D0533,Novus Capital,Education,Startup,27700.0,1,Discovery,0.4,0,0,1,0,0,4,2,19.4,0.36,Discovery
D0533,Novus Capital,Education,Startup,27700.0,2,Discovery,0.45,1,1,1,0,1,4,8,18.8,0.39,Discovery
D0533,Novus Capital,Education,Startup,27700.0,3,Discovery,0.34,1,2,1,0,1,1,6,84.4,0.33,Lost
D0534,Acuity Networks,Financial Services,Startup,23800.0,1,Discovery,0.63,0,1,0,0,0,4,2,25.5,0.65,Discovery
D0534,Acuity Networks,Financial Services,Startup,23800.0,2,Discovery,0.65,0,2,0,0,1,2,5,19.1,0.66,Demo
D0534,Acuity Networks,Financial Services,Startup,23800.0,3,Demo,0.73,0,2,0,1,1,1,14,7.5,0.71,Evaluation
D0535,Skyward Aerospace,Technology,Enterprise,187000.0,1,Discovery,0.52,0,0,1,0,1,2,4,107.6,0.44,Discovery
D0535,Skyward Aerospace,Technology,Enterprise,187000.0,2,Discovery,0.59,0,0,1,0,1,2,8,59.7,0.48,Demo
D0535,Skyward Aerospace,Technology,Enterprise,187000.0,3,Demo,0.58,1,0,1,0,1,4,1,2.0,0.48,Evaluation
D0536,NexGen Health,Education,SMB,52000.0,1,Discovery,0.34,0,0,1,0,1,2,4,2.1,0.3,Demo
D0536,NexGen Health,Education,SMB,52000.0,2,Demo,0.29,0,0,1,0,1,4,3,11.9,0.27,Demo
D0536,NexGen Health,Education,SMB,52000.0,3,Demo,0.28,0,0,1,1,1,3,3,2.4,0.27,Evaluation
D0536,NexGen Health,Education,SMB,52000.0,4,Evaluation,0.32,0,0,1,1,1,1,6,36.9,0.29,Negotiation
D0536,NexGen Health,Education,SMB,52000.0,5,Negotiation,0.18,0,1,1,1,1,4,7,46.2,0.21,Lost
D0537,OmniCommerce,Technology,SMB,67100.0,1,Discovery,0.26,0,1,0,0,0,3,1,4.4,0.28,Discovery
D0537,OmniCommerce,Technology,SMB,67100.0,2,Discovery,0.15,0,2,0,0,1,1,10,17.3,0.21,Discovery
D0537,OmniCommerce,Technology,SMB,67100.0,3,Discovery,0.2,0,2,1,1,1,3,4,21.8,0.24,Lost
D0538,Veritas Analytics,Logistics,Startup,17100.0,1,Discovery,0.47,0,0,0,0,0,2,1,13.9,0.44,Discovery
D0538,Veritas Analytics,Logistics,Startup,17100.0,2,Discovery,0.38,0,0,0,0,0,2,13,3.9,0.39,Discovery
D0538,Veritas Analytics,Logistics,Startup,17100.0,3,Discovery,0.46,0,0,1,0,1,4,3,16.4,0.43,Demo
D0538,Veritas Analytics,Logistics,Startup,17100.0,4,Demo,0.51,1,1,1,1,1,1,4,41.9,0.46,Evaluation
D0538,Veritas Analytics,Logistics,Startup,17100.0,5,Evaluation,0.5,1,1,1,1,1,4,1,2.2,0.46,Negotiation
D0538,Veritas Analytics,Logistics,Startup,17100.0,6,Negotiation,0.37,2,1,1,1,1,2,10,2.5,0.38,Proposal
D0538,Veritas Analytics,Logistics,Startup,17100.0,7,Proposal,0.42,2,1,1,1,1,3,10,13.2,0.41,Closed Won
D0539,Cobalt Freight,Manufacturing,Mid-Market,139700.0,1,Discovery,0.61,0,1,1,0,1,2,1,68.1,0.59,Demo
D0539,Cobalt Freight,Manufacturing,Mid-Market,139700.0,2,Demo,0.57,0,1,1,1,1,4,5,26.4,0.56,Evaluation
D0539,Cobalt Freight,Manufacturing,Mid-Market,139700.0,3,Evaluation,0.64,0,1,1,1,1,2,2,27.2,0.6,Negotiation
D0540,Vector Mobility,Healthcare,SMB,34600.0,1,Discovery,0.65,0,1,1,0,1,3,2,19.7,0.64,Demo
D0540,Vector Mobility,Healthcare,SMB,34600.0,2,Demo,0.68,0,1,1,1,1,2,5,2.0,0.66,Evaluation
D0541,BrightPath Logistics,Financial Services,SMB,60400.0,1,Discovery,0.42,0,0,0,0,0,1,5,79.6,0.39,Discovery
D0541,BrightPath Logistics,Financial Services,SMB,60400.0,2,Discovery,0.41,0,0,0,0,1,4,11,30.9,0.39,Discovery
D0541,BrightPath Logistics,Financial Services,SMB,60400.0,3,Discovery,0.38,1,0,1,1,1,4,9,67.4,0.37,Lost
D0542,Acuity Networks,Manufacturing,Startup,22000.0,1,Discovery,0.72,0,0,0,0,1,2,5,29.6,0.66,Demo
D0542,Acuity Networks,Manufacturing,Startup,22000.0,2,Demo,0.65,1,0,0,1,1,4,13,3.0,0.62,Evaluation
D0542,Acuity Networks,Manufacturing,Startup,22000.0,3,Evaluation,0.69,1,0,0,1,1,2,10,53.6,0.65,Negotiation
D0542,Acuity Networks,Manufacturing,Startup,22000.0,4,Negotiation,0.62,1,1,0,1,1,3,6,2.0,0.6,Proposal
D0543,BlueShift AI,Healthcare,Mid-Market,158900.0,1,Discovery,0.38,0,0,0,0,0,3,5,4.1,0.42,Discovery
D0543,BlueShift AI,Healthcare,Mid-Market,158900.0,2,Discovery,0.38,0,0,1,1,0,1,5,2.0,0.42,Demo
D0543,BlueShift AI,Healthcare,Mid-Market,158900.0,3,Demo,0.44,1,1,1,1,1,2,7,14.8,0.45,Evaluation
D0543,BlueShift AI,Healthcare,Mid-Market,158900.0,4,Evaluation,0.36,1,1,1,1,1,1,6,9.4,0.4,Negotiation
D0543,BlueShift AI,Healthcare,Mid-Market,158900.0,5,Negotiation,0.27,1,1,1,1,1,1,1,17.9,0.35,Proposal
D0543,BlueShift AI,Healthcare,Mid-Market,158900.0,6,Proposal,0.26,1,2,1,1,1,2,9,23.2,0.34,Closed Won
D0544,Coastal Foods Ltd,Retail,Enterprise,334300.0,1,Discovery,0.59,0,0,1,0,1,4,3,2.0,0.47,Demo
D0544,Coastal Foods Ltd,Retail,Enterprise,334300.0,2,Demo,0.57,1,1,1,0,1,4,8,4.9,0.46,Evaluation
D0544,Coastal Foods Ltd,Retail,Enterprise,334300.0,3,Evaluation,0.62,2,1,1,1,1,4,4,30.3,0.49,Negotiation
D0544,Coastal Foods Ltd,Retail,Enterprise,334300.0,4,Negotiation,0.53,2,1,1,1,1,2,4,15.6,0.43,Proposal
D0544,Coastal Foods Ltd,Retail,Enterprise,334300.0,5,Proposal,0.57,3,1,1,1,1,3,7,48.4,0.46,Lost
D0545,Novus Capital,Healthcare,SMB,48200.0,1,Discovery,0.73,0,0,0,0,0,4,4,23.9,0.68,Demo
D0545,Novus Capital,Healthcare,SMB,48200.0,2,Demo,0.81,0,0,0,1,0,3,10,42.3,0.72,Evaluation
D0545,Novus Capital,Healthcare,SMB,48200.0,3,Evaluation,0.73,1,1,0,1,0,3,8,26.7,0.68,Negotiation
D0545,Novus Capital,Healthcare,SMB,48200.0,4,Negotiation,0.78,1,2,0,1,0,4,14,12.7,0.71,Proposal
D0545,Novus Capital,Healthcare,SMB,48200.0,5,Proposal,0.74,2,2,0,1,1,2,1,25.3,0.68,Closed Won
D0546,Vanguard Supply,Manufacturing,SMB,41800.0,1,Discovery,0.42,0,0,1,0,0,1,4,11.2,0.38,Discovery
D0546,Vanguard Supply,Manufacturing,SMB,41800.0,2,Discovery,0.37,0,1,1,1,1,2,14,12.7,0.35,Demo
D0546,Vanguard Supply,Manufacturing,SMB,41800.0,3,Demo,0.27,0,1,1,1,1,3,12,54.1,0.29,Evaluation
D0546,Vanguard Supply,Manufacturing,SMB,41800.0,4,Evaluation,0.17,1,1,1,1,1,3,11,20.6,0.23,Negotiation
D0546,Vanguard Supply,Manufacturing,SMB,41800.0,5,Negotiation,0.12,1,1,1,1,1,1,10,55.7,0.2,Negotiation
D0547,Cascade Security,Manufacturing,SMB,47900.0,1,Discovery,0.38,0,0,0,0,1,3,4,55.0,0.4,Discovery
D0547,Cascade Security,Manufacturing,SMB,47900.0,2,Discovery,0.3,0,0,1,0,1,2,7,70.1,0.36,Discovery
D0547,Cascade Security,Manufacturing,SMB,47900.0,3,Discovery,0.18,0,0,1,0,1,1,12,15.9,0.28,Discovery
D0547,Cascade Security,Manufacturing,SMB,47900.0,4,Discovery,0.18,0,0,1,1,1,2,8,10.8,0.28,Demo
D0547,Cascade Security,Manufacturing,SMB,47900.0,5,Demo,0.13,0,0,1,1,1,4,14,24.6,0.25,Evaluation
D0547,Cascade Security,Manufacturing,SMB,47900.0,6,Evaluation,0.12,1,0,1,1,1,1,6,13.1,0.25,Lost
D0548,Prime Packaging,Logistics,SMB,35500.0,1,Discovery,0.81,0,0,1,0,1,2,1,18.6,0.76,Demo
D0548,Prime Packaging,Logistics,SMB,35500.0,2,Demo,0.85,0,0,1,0,1,3,11,24.7,0.79,Evaluation
D0548,Prime Packaging,Logistics,SMB,35500.0,3,Evaluation,0.76,0,0,1,1,1,3,7,23.6,0.73,Negotiation
D0548,Prime Packaging,Logistics,SMB,35500.0,4,Negotiation,0.77,0,1,1,1,1,2,8,9.5,0.74,Proposal
D0548,Prime Packaging,Logistics,SMB,35500.0,5,Proposal,0.81,0,1,1,1,1,4,10,3.7,0.76,Proposal
D0548,Prime Packaging,Logistics,SMB,35500.0,6,Proposal,0.85,1,2,1,1,1,3,14,11.4,0.79,Closed Won
D0549,Aegis Software,Logistics,Mid-Market,114500.0,1,Discovery,0.37,0,0,1,0,0,4,4,4.3,0.4,Discovery
D0549,Aegis Software,Logistics,Mid-Market,114500.0,2,Discovery,0.35,0,0,1,0,0,1,11,62.0,0.39,Discovery
D0549,Aegis Software,Logistics,Mid-Market,114500.0,3,Discovery,0.38,0,0,1,1,0,4,3,11.9,0.4,Demo
D0549,Aegis Software,Logistics,Mid-Market,114500.0,4,Demo,0.42,0,0,1,1,0,4,4,4.7,0.43,Evaluation
D0549,Aegis Software,Logistics,Mid-Market,114500.0,5,Evaluation,0.41,0,0,1,1,0,3,5,2.0,0.42,Negotiation
D0549,Aegis Software,Logistics,Mid-Market,114500.0,6,Negotiation,0.33,0,0,1,1,1,2,11,29.2,0.37,Proposal
D0549,Aegis Software,Logistics,Mid-Market,114500.0,7,Proposal,0.28,0,0,1,1,1,1,11,28.5,0.34,Proposal
D0550,Cascade Security,Healthcare,Enterprise,182500.0,1,Discovery,0.8,0,0,0,0,0,2,3,2.0,0.69,Demo
D0550,Cascade Security,Healthcare,Enterprise,182500.0,2,Demo,0.7,0,0,0,0,1,4,2,12.9,0.63,Evaluation
D0550,Cascade Security,Healthcare,Enterprise,182500.0,3,Evaluation,0.68,0,0,0,0,1,4,11,9.1,0.62,Negotiation
D0550,Cascade Security,Healthcare,Enterprise,182500.0,4,Negotiation,0.75,0,0,0,0,1,1,11,27.6,0.66,Proposal
D0550,Cascade Security,Healthcare,Enterprise,182500.0,5,Proposal,0.65,0,1,0,0,1,2,12,22.7,0.6,Proposal
D0550,Cascade Security,Healthcare,Enterprise,182500.0,6,Proposal,0.62,0,1,0,0,1,1,13,11.1,0.59,Closed Won
D0551,Coastal Foods Ltd,Healthcare,Startup,25000.0,1,Discovery,0.62,1,0,1,0,1,4,1,10.6,0.46,Demo
D0551,Coastal Foods Ltd,Healthcare,Startup,25000.0,2,Demo,0.47,1,0,1,0,1,3,13,190.2,0.37,Lost
D0552,Cascade Security,Logistics,SMB,41900.0,1,Discovery,0.61,0,0,1,0,1,1,3,14.7,0.58,Demo
D0552,Cascade Security,Logistics,SMB,41900.0,2,Demo,0.51,0,0,1,0,1,4,10,28.4,0.52,Evaluation
D0552,Cascade Security,Logistics,SMB,41900.0,3,Evaluation,0.59,0,0,1,0,1,2,1,3.7,0.57,Negotiation
D0552,Cascade Security,Logistics,SMB,41900.0,4,Negotiation,0.62,0,0,1,1,1,2,7,16.2,0.59,Proposal
D0552,Cascade Security,Logistics,SMB,41900.0,5,Proposal,0.63,0,0,1,1,1,2,11,2.0,0.59,Closed Won
D0553,NexGen Health,Technology,Mid-Market,89500.0,1,Discovery,0.47,0,0,1,0,0,3,2,15.9,0.52,Discovery
D0553,NexGen Health,Technology,Mid-Market,89500.0,2,Discovery,0.55,1,0,1,1,1,4,4,75.1,0.57,Demo
D0553,NexGen Health,Technology,Mid-Market,89500.0,3,Demo,0.65,1,1,1,1,1,1,12,10.9,0.63,Evaluation
D0553,NexGen Health,Technology,Mid-Market,89500.0,4,Evaluation,0.56,1,1,1,1,1,2,5,2.0,0.57,Negotiation
D0553,NexGen Health,Technology,Mid-Market,89500.0,5,Negotiation,0.58,1,2,1,1,1,2,6,2.0,0.59,Proposal
D0553,NexGen Health,Technology,Mid-Market,89500.0,6,Proposal,0.66,1,2,1,1,1,3,8,11.1,0.63,Closed Won
D0554,Cascade Security,Financial Services,Startup,17500.0,1,Discovery,0.91,0,0,1,0,0,3,2,3.8,0.8,Demo
D0554,Cascade Security,Financial Services,Startup,17500.0,2,Demo,0.96,0,0,1,1,1,4,4,2.0,0.83,Evaluation
D0554,Cascade Security,Financial Services,Startup,17500.0,3,Evaluation,0.96,0,0,1,1,1,3,7,30.6,0.83,Negotiation
D0554,Cascade Security,Financial Services,Startup,17500.0,4,Negotiation,0.96,1,1,1,1,1,2,14,13.3,0.83,Proposal
D0554,Cascade Security,Financial Services,Startup,17500.0,5,Proposal,0.96,2,1,1,1,1,2,10,7.4,0.83,Closed Won
D0555,Summit BioPharma,Manufacturing,SMB,74300.0,1,Discovery,0.69,0,0,1,0,0,2,2,43.9,0.71,Discovery
D0555,Summit BioPharma,Manufacturing,SMB,74300.0,2,Discovery,0.66,0,0,1,1,1,4,9,2.4,0.69,Demo
D0555,Summit BioPharma,Manufacturing,SMB,74300.0,3,Demo,0.76,0,0,1,1,1,3,4,59.4,0.75,Evaluation
D0555,Summit BioPharma,Manufacturing,SMB,74300.0,4,Evaluation,0.83,0,1,1,1,1,2,14,7.2,0.8,Negotiation
D0555,Summit BioPharma,Manufacturing,SMB,74300.0,5,Negotiation,0.74,0,1,1,1,1,2,2,41.8,0.74,Proposal
D0555,Summit BioPharma,Manufacturing,SMB,74300.0,6,Proposal,0.65,0,1,1,1,1,4,11,17.6,0.69,Proposal
D0555,Summit BioPharma,Manufacturing,SMB,74300.0,7,Proposal,0.6,0,1,1,1,1,2,12,33.4,0.66,Closed Won
D0556,Summit BioPharma,Financial Services,Mid-Market,109600.0,1,Discovery,0.6,0,0,1,0,0,2,4,151.5,0.48,Lost
D0557,Novus Capital,Education,Mid-Market,129700.0,1,Discovery,0.51,0,1,1,0,1,1,2,10.6,0.46,Demo
D0557,Novus Capital,Education,Mid-Market,129700.0,2,Demo,0.57,0,1,1,1,1,4,7,101.1,0.49,Evaluation
D0558,Synthetix Labs,Technology,Mid-Market,145700.0,1,Discovery,0.55,0,0,0,0,1,4,1,13.7,0.51,Demo
D0558,Synthetix Labs,Technology,Mid-Market,145700.0,2,Demo,0.4,1,0,0,1,1,4,2,11.7,0.42,Evaluation
D0558,Synthetix Labs,Technology,Mid-Market,145700.0,3,Evaluation,0.47,1,0,0,1,1,3,4,21.9,0.46,Negotiation
D0559,Coastal Foods Ltd,Retail,SMB,34800.0,1,Discovery,0.72,0,0,1,0,1,1,3,28.9,0.55,Demo
D0559,Coastal Foods Ltd,Retail,SMB,34800.0,2,Demo,0.71,0,0,1,0,1,3,3,28.0,0.55,Evaluation
D0559,Coastal Foods Ltd,Retail,SMB,34800.0,3,Evaluation,0.76,0,0,1,1,1,4,9,51.5,0.58,Negotiation
D0559,Coastal Foods Ltd,Retail,SMB,34800.0,4,Negotiation,0.72,0,0,1,1,1,3,5,64.3,0.55,Proposal
D0559,Coastal Foods Ltd,Retail,SMB,34800.0,5,Proposal,0.64,0,0,1,1,1,4,1,20.8,0.5,Closed Won
D0560,Zenith Textiles,Logistics,Mid-Market,101400.0,1,Discovery,0.24,0,0,0,0,0,1,4,14.5,0.24,Discovery
D0560,Zenith Textiles,Logistics,Mid-Market,101400.0,2,Discovery,0.31,1,0,0,0,0,2,11,12.1,0.28,Lost
D0561,Synthetix Labs,Technology,SMB,42700.0,1,Discovery,0.42,1,0,1,0,0,1,1,9.7,0.33,Discovery
D0561,Synthetix Labs,Technology,SMB,42700.0,2,Discovery,0.45,1,0,1,0,1,1,7,2.7,0.35,Discovery
D0561,Synthetix Labs,Technology,SMB,42700.0,3,Discovery,0.36,1,0,1,1,1,3,12,18.8,0.3,Demo
D0561,Synthetix Labs,Technology,SMB,42700.0,4,Demo,0.3,1,0,1,1,1,2,13,14.1,0.26,Evaluation
D0561,Synthetix Labs,Technology,SMB,42700.0,5,Evaluation,0.31,1,0,1,1,1,1,3,152.4,0.27,Lost
D0562,OmniCommerce,Logistics,Startup,20000.0,1,Discovery,0.57,1,0,1,0,0,3,2,20.3,0.55,Discovery
D0562,OmniCommerce,Logistics,Startup,20000.0,2,Discovery,0.57,1,0,1,1,1,2,4,10.6,0.55,Demo
D0562,OmniCommerce,Logistics,Startup,20000.0,3,Demo,0.58,2,0,1,1,1,1,5,21.6,0.56,Evaluation
D0563,Beacon Robotics,Education,Mid-Market,129300.0,1,Discovery,0.68,1,0,1,0,0,1,1,11.3,0.7,Discovery
D0563,Beacon Robotics,Education,Mid-Market,129300.0,2,Discovery,0.72,1,1,1,1,1,3,9,19.0,0.72,Demo
D0563,Beacon Robotics,Education,Mid-Market,129300.0,3,Demo,0.65,1,1,1,1,1,4,2,13.0,0.68,Evaluation
D0563,Beacon Robotics,Education,Mid-Market,129300.0,4,Evaluation,0.76,1,1,1,1,1,3,1,9.9,0.75,Negotiation
D0564,Aegis Software,Healthcare,Enterprise,325900.0,1,Discovery,0.47,0,0,0,0,0,3,1,85.3,0.38,Lost
D0565,Acuity Networks,Healthcare,Startup,27000.0,1,Discovery,0.59,0,1,0,0,1,2,1,23.6,0.57,Demo
D0565,Acuity Networks,Healthcare,Startup,27000.0,2,Demo,0.69,0,2,0,1,1,4,14,20.3,0.63,Evaluation
D0566,Frontier FinCorp,Technology,Startup,22300.0,1,Discovery,0.72,0,0,1,0,0,1,3,5.2,0.67,Demo
D0566,Frontier FinCorp,Technology,Startup,22300.0,2,Demo,0.75,1,1,1,0,1,1,3,11.5,0.68,Evaluation
D0566,Frontier FinCorp,Technology,Startup,22300.0,3,Evaluation,0.75,1,1,1,1,1,2,6,2.0,0.68,Negotiation
D0566,Frontier FinCorp,Technology,Startup,22300.0,4,Negotiation,0.74,1,2,1,1,1,3,10,14.8,0.68,Proposal
D0566,Frontier FinCorp,Technology,Startup,22300.0,5,Proposal,0.85,1,2,1,1,1,4,1,18.0,0.74,Proposal
D0566,Frontier FinCorp,Technology,Startup,22300.0,6,Proposal,0.76,1,2,1,1,1,3,11,5.9,0.69,Closed Won
D0567,Beacon Robotics,Financial Services,SMB,39300.0,1,Discovery,0.37,0,0,0,0,1,1,5,100.1,0.38,Discovery
D0567,Beacon Robotics,Financial Services,SMB,39300.0,2,Discovery,0.26,1,1,1,0,1,2,9,72.3,0.32,Discovery
D0567,Beacon Robotics,Financial Services,SMB,39300.0,3,Discovery,0.3,1,2,1,1,1,4,2,38.6,0.34,Lost
D0568,Acuity Networks,Education,Startup,22600.0,1,Discovery,0.3,1,0,0,0,0,4,2,32.8,0.27,Lost
D0569,Frontier FinCorp,Healthcare,Mid-Market,66800.0,1,Discovery,0.49,0,0,1,0,1,4,1,68.2,0.43,Discovery
D0569,Frontier FinCorp,Healthcare,Mid-Market,66800.0,2,Discovery,0.47,1,0,1,1,1,3,1,4.7,0.42,Demo
D0569,Frontier FinCorp,Healthcare,Mid-Market,66800.0,3,Demo,0.39,1,0,1,1,1,4,1,52.3,0.37,Evaluation
D0569,Frontier FinCorp,Healthcare,Mid-Market,66800.0,4,Evaluation,0.41,1,0,1,1,1,1,8,4.5,0.38,Negotiation
D0569,Frontier FinCorp,Healthcare,Mid-Market,66800.0,5,Negotiation,0.36,2,0,1,1,1,4,9,52.9,0.35,Negotiation
D0569,Frontier FinCorp,Healthcare,Mid-Market,66800.0,6,Negotiation,0.36,2,0,1,1,1,2,2,10.8,0.35,Proposal
D0569,Frontier FinCorp,Healthcare,Mid-Market,66800.0,7,Proposal,0.44,2,0,1,1,1,1,9,70.1,0.4,Proposal
D0569,Frontier FinCorp,Healthcare,Mid-Market,66800.0,8,Proposal,0.31,2,0,1,1,1,4,14,96.4,0.32,Lost
D0570,Zenith Textiles,Financial Services,SMB,49400.0,1,Discovery,0.42,1,0,1,0,0,4,5,5.5,0.38,Discovery
D0570,Zenith Textiles,Financial Services,SMB,49400.0,2,Discovery,0.36,1,0,1,1,1,3,3,21.1,0.35,Demo
D0570,Zenith Textiles,Financial Services,SMB,49400.0,3,Demo,0.37,1,0,1,1,1,2,14,134.5,0.35,Lost
D0571,Beacon Robotics,Education,SMB,32000.0,1,Discovery,0.43,0,1,1,0,0,1,5,24.7,0.37,Discovery
D0571,Beacon Robotics,Education,SMB,32000.0,2,Discovery,0.4,0,1,1,1,1,3,9,74.4,0.35,Demo
D0571,Beacon Robotics,Education,SMB,32000.0,3,Demo,0.28,1,1,1,1,1,4,1,33.2,0.28,Evaluation
D0571,Beacon Robotics,Education,SMB,32000.0,4,Evaluation,0.35,1,2,1,1,1,3,8,17.6,0.32,Lost
D0572,Zenith Textiles,Logistics,Mid-Market,138900.0,1,Discovery,0.7,0,0,0,0,0,4,2,6.1,0.74,Demo
D0572,Zenith Textiles,Logistics,Mid-Market,138900.0,2,Demo,0.61,0,0,0,0,1,2,4,4.1,0.68,Evaluation
D0572,Zenith Textiles,Logistics,Mid-Market,138900.0,3,Evaluation,0.69,0,1,0,0,1,4,7,26.1,0.73,Negotiation
D0573,Solstice Media,Healthcare,Mid-Market,139600.0,1,Discovery,0.39,1,0,0,0,1,4,1,26.8,0.35,Discovery
D0573,Solstice Media,Healthcare,Mid-Market,139600.0,2,Discovery,0.33,1,0,1,0,1,4,14,25.4,0.31,Discovery
D0573,Solstice Media,Healthcare,Mid-Market,139600.0,3,Discovery,0.3,1,1,1,1,1,4,1,32.2,0.29,Demo
D0573,Solstice Media,Healthcare,Mid-Market,139600.0,4,Demo,0.22,1,1,1,1,1,4,11,75.1,0.24,Demo
D0574,Skyward Aerospace,Retail,Mid-Market,143900.0,1,Discovery,0.64,0,0,1,0,0,4,3,11.4,0.63,Discovery
D0574,Skyward Aerospace,Retail,Mid-Market,143900.0,2,Discovery,0.7,0,1,1,1,0,2,5,38.4,0.67,Demo
D0574,Skyward Aerospace,Retail,Mid-Market,143900.0,3,Demo,0.8,0,1,1,1,1,3,10,31.6,0.73,Evaluation
D0574,Skyward Aerospace,Retail,Mid-Market,143900.0,4,Evaluation,0.74,0,1,1,1,1,3,6,18.6,0.69,Negotiation
D0574,Skyward Aerospace,Retail,Mid-Market,143900.0,5,Negotiation,0.68,0,2,1,1,1,4,8,68.2,0.66,Proposal
D0574,Skyward Aerospace,Retail,Mid-Market,143900.0,6,Proposal,0.62,0,2,1,1,1,3,10,4.9,0.62,Closed Won
D0575,Cobalt Freight,Logistics,SMB,49600.0,1,Discovery,0.7,0,1,1,0,0,2,2,2.3,0.7,Demo
D0575,Cobalt Freight,Logistics,SMB,49600.0,2,Demo,0.76,0,2,1,1,1,3,14,38.1,0.74,Evaluation
D0575,Cobalt Freight,Logistics,SMB,49600.0,3,Evaluation,0.79,0,2,1,1,1,3,12,11.5,0.76,Negotiation
D0575,Cobalt Freight,Logistics,SMB,49600.0,4,Negotiation,0.79,0,2,1,1,1,3,9,37.2,0.76,Proposal
D0575,Cobalt Freight,Logistics,SMB,49600.0,5,Proposal,0.88,0,2,1,1,1,4,5,44.3,0.81,Closed Won
D0576,Summit BioPharma,Retail,Mid-Market,65100.0,1,Discovery,0.73,1,0,1,0,1,1,4,2.0,0.65,Demo
D0576,Summit BioPharma,Retail,Mid-Market,65100.0,2,Demo,0.72,1,0,1,0,1,4,8,53.3,0.64,Evaluation
D0576,Summit BioPharma,Retail,Mid-Market,65100.0,3,Evaluation,0.72,1,1,1,0,1,3,6,14.8,0.64,Negotiation
D0576,Summit BioPharma,Retail,Mid-Market,65100.0,4,Negotiation,0.8,1,1,1,1,1,1,5,17.7,0.69,Proposal
D0576,Summit BioPharma,Retail,Mid-Market,65100.0,5,Proposal,0.77,2,1,1,1,1,2,13,24.4,0.67,Closed Won
D0577,Vanguard Supply,Education,SMB,28400.0,1,Discovery,0.76,1,0,1,0,0,1,3,66.4,0.66,Discovery
D0577,Vanguard Supply,Education,SMB,28400.0,2,Discovery,0.87,1,0,1,0,0,2,1,2.0,0.72,Demo
D0577,Vanguard Supply,Education,SMB,28400.0,3,Demo,0.96,1,0,1,1,0,2,7,16.5,0.78,Evaluation
D0577,Vanguard Supply,Education,SMB,28400.0,4,Evaluation,0.96,1,0,1,1,1,4,9,29.6,0.78,Negotiation
D0577,Vanguard Supply,Education,SMB,28400.0,5,Negotiation,0.91,1,0,1,1,1,2,12,32.6,0.75,Proposal
D0577,Vanguard Supply,Education,SMB,28400.0,6,Proposal,0.96,2,0,1,1,1,1,11,30.0,0.78,Proposal
D0577,Vanguard Supply,Education,SMB,28400.0,7,Proposal,0.88,2,0,1,1,1,4,10,3.7,0.73,Closed Won
D0578,Veritas Analytics,Manufacturing,SMB,39900.0,1,Discovery,0.57,0,0,1,0,1,4,4,6.8,0.64,Demo
D0578,Veritas Analytics,Manufacturing,SMB,39900.0,2,Demo,0.61,0,0,1,1,1,2,11,8.4,0.67,Evaluation
D0578,Veritas Analytics,Manufacturing,SMB,39900.0,3,Evaluation,0.65,1,0,1,1,1,1,9,31.0,0.69,Negotiation
D0578,Veritas Analytics,Manufacturing,SMB,39900.0,4,Negotiation,0.76,1,0,1,1,1,1,13,6.2,0.76,Proposal
D0578,Veritas Analytics,Manufacturing,SMB,39900.0,5,Proposal,0.85,1,0,1,1,1,3,3,4.5,0.81,Closed Won
D0579,Pulse Dynamics,Technology,SMB,47000.0,1,Discovery,0.57,1,1,0,0,0,3,4,84.1,0.53,Discovery
D0579,Pulse Dynamics,Technology,SMB,47000.0,2,Discovery,0.54,2,1,1,1,0,2,11,2.0,0.51,Discovery
D0579,Pulse Dynamics,Technology,SMB,47000.0,3,Discovery,0.6,2,2,1,1,1,3,9,163.2,0.55,Lost
D0580,Helix Diagnostics,Manufacturing,Mid-Market,97700.0,1,Discovery,0.45,1,1,1,0,1,4,4,26.3,0.5,Discovery
D0580,Helix Diagnostics,Manufacturing,Mid-Market,97700.0,2,Discovery,0.37,1,2,1,1,1,2,7,41.0,0.45,Demo
D0580,Helix Diagnostics,Manufacturing,Mid-Market,97700.0,3,Demo,0.45,1,2,1,1,1,1,13,8.1,0.5,Evaluation
D0580,Helix Diagnostics,Manufacturing,Mid-Market,97700.0,4,Evaluation,0.55,1,2,1,1,1,3,10,2.0,0.56,Negotiation
D0581,Zenith Textiles,Healthcare,Enterprise,172400.0,1,Discovery,0.52,0,0,0,0,0,3,4,40.0,0.56,Discovery
D0581,Zenith Textiles,Healthcare,Enterprise,172400.0,2,Discovery,0.44,0,0,0,0,0,3,11,30.1,0.51,Discovery
D0581,Zenith Textiles,Healthcare,Enterprise,172400.0,3,Discovery,0.53,0,0,1,1,1,4,13,3.4,0.56,Demo
D0581,Zenith Textiles,Healthcare,Enterprise,172400.0,4,Demo,0.56,0,1,1,1,1,1,9,31.2,0.58,Evaluation
D0581,Zenith Textiles,Healthcare,Enterprise,172400.0,5,Evaluation,0.59,0,1,1,1,1,4,6,32.7,0.6,Negotiation
D0581,Zenith Textiles,Healthcare,Enterprise,172400.0,6,Negotiation,0.59,1,1,1,1,1,4,12,23.9,0.6,Proposal
D0581,Zenith Textiles,Healthcare,Enterprise,172400.0,7,Proposal,0.52,1,1,1,1,1,1,4,32.4,0.56,Closed Won
D0582,Skyward Aerospace,Technology,Startup,33300.0,1,Discovery,0.58,1,0,1,0,0,1,3,38.6,0.62,Discovery
D0582,Skyward Aerospace,Technology,Startup,33300.0,2,Discovery,0.65,2,0,1,1,0,2,2,19.6,0.66,Demo
D0582,Skyward Aerospace,Technology,Startup,33300.0,3,Demo,0.72,2,1,1,1,1,1,10,2.0,0.7,Evaluation
D0582,Skyward Aerospace,Technology,Startup,33300.0,4,Evaluation,0.73,3,1,1,1,1,2,10,13.8,0.71,Negotiation
D0582,Skyward Aerospace,Technology,Startup,33300.0,5,Negotiation,0.74,4,2,1,1,1,3,7,2.0,0.71,Proposal
D0582,Skyward Aerospace,Technology,Startup,33300.0,6,Proposal,0.68,4,2,1,1,1,4,10,10.8,0.68,Closed Won
D0583,Kestrel Instruments,Retail,SMB,62000.0,1,Discovery,0.87,1,0,1,0,1,1,2,10.9,0.79,Demo
D0583,Kestrel Instruments,Retail,SMB,62000.0,2,Demo,0.93,1,0,1,1,1,2,6,2.0,0.82,Evaluation
D0583,Kestrel Instruments,Retail,SMB,62000.0,3,Evaluation,0.95,2,0,1,1,1,3,9,9.0,0.83,Negotiation
D0583,Kestrel Instruments,Retail,SMB,62000.0,4,Negotiation,0.96,2,1,1,1,1,1,2,2.5,0.84,Proposal
D0583,Kestrel Instruments,Retail,SMB,62000.0,5,Proposal,0.9,2,1,1,1,1,2,2,34.6,0.8,Closed Won
D0584,Cobalt Freight,Technology,SMB,62500.0,1,Discovery,0.77,0,1,0,0,1,4,1,59.6,0.74,Demo
D0584,Cobalt Freight,Technology,SMB,62500.0,2,Demo,0.73,0,1,0,0,1,3,4,2.0,0.71,Evaluation
D0584,Cobalt Freight,Technology,SMB,62500.0,3,Evaluation,0.8,0,2,0,0,1,3,8,62.7,0.76,Negotiation
D0584,Cobalt Freight,Technology,SMB,62500.0,4,Negotiation,0.75,0,3,0,0,1,4,12,14.9,0.73,Proposal
D0584,Cobalt Freight,Technology,SMB,62500.0,5,Proposal,0.7,0,3,0,0,1,3,3,7.2,0.7,Closed Won
D0585,Atlas Energy,Retail,SMB,60300.0,1,Discovery,0.56,0,0,1,0,1,2,4,2.9,0.45,Demo
D0585,Atlas Energy,Retail,SMB,60300.0,2,Demo,0.45,0,0,1,1,1,1,3,25.2,0.39,Evaluation
D0585,Atlas Energy,Retail,SMB,60300.0,3,Evaluation,0.38,1,1,1,1,1,2,14,57.4,0.35,Negotiation
D0585,Atlas Energy,Retail,SMB,60300.0,4,Negotiation,0.3,2,1,1,1,1,2,9,44.6,0.3,Negotiation
D0585,Atlas Energy,Retail,SMB,60300.0,5,Negotiation,0.3,2,1,1,1,1,4,14,2.0,0.3,Proposal
D0585,Atlas Energy,Retail,SMB,60300.0,6,Proposal,0.29,2,1,1,1,1,1,5,2.7,0.29,Closed Won
D0586,Solstice Media,Technology,Enterprise,326400.0,1,Discovery,0.41,0,1,0,0,0,1,5,20.8,0.34,Discovery
D0586,Solstice Media,Technology,Enterprise,326400.0,2,Discovery,0.32,0,1,0,0,1,3,5,14.1,0.29,Discovery
D0586,Solstice Media,Technology,Enterprise,326400.0,3,Discovery,0.34,0,1,0,0,1,2,9,10.7,0.3,Discovery
D0586,Solstice Media,Technology,Enterprise,326400.0,4,Discovery,0.29,0,1,1,0,1,4,3,13.3,0.27,Discovery
D0586,Solstice Media,Technology,Enterprise,326400.0,5,Discovery,0.33,0,1,1,0,1,3,14,65.6,0.3,Lost
D0587,Summit BioPharma,Retail,SMB,48000.0,1,Discovery,0.9,0,0,0,0,1,4,4,62.7,0.76,Demo
D0587,Summit BioPharma,Retail,SMB,48000.0,2,Demo,0.95,0,1,0,0,1,2,5,12.3,0.79,Evaluation
D0587,Summit BioPharma,Retail,SMB,48000.0,3,Evaluation,0.96,0,2,0,0,1,3,4,56.0,0.8,Negotiation
D0587,Summit BioPharma,Retail,SMB,48000.0,4,Negotiation,0.96,0,2,0,0,1,4,12,9.2,0.8,Proposal
D0587,Summit BioPharma,Retail,SMB,48000.0,5,Proposal,0.93,0,2,0,0,1,1,10,15.3,0.78,Closed Won
D0588,Vanguard Supply,Education,SMB,38700.0,1,Discovery,0.33,0,0,1,0,0,1,3,11.1,0.28,Discovery
D0588,Vanguard Supply,Education,SMB,38700.0,2,Discovery,0.31,0,1,1,1,0,1,7,44.2,0.27,Discovery
D0588,Vanguard Supply,Education,SMB,38700.0,3,Discovery,0.27,0,1,1,1,1,4,12,167.1,0.25,Discovery
D0589,Solstice Media,Technology,Mid-Market,157900.0,1,Discovery,0.63,0,1,1,0,1,4,3,8.9,0.66,Demo
D0589,Solstice Media,Technology,Mid-Market,157900.0,2,Demo,0.69,0,1,1,0,1,2,8,20.9,0.69,Evaluation
D0589,Solstice Media,Technology,Mid-Market,157900.0,3,Evaluation,0.67,0,2,1,1,1,1,12,2.6,0.68,Negotiation
D0589,Solstice Media,Technology,Mid-Market,157900.0,4,Negotiation,0.75,0,2,1,1,1,3,2,43.9,0.73,Proposal
D0589,Solstice Media,Technology,Mid-Market,157900.0,5,Proposal,0.71,0,2,1,1,1,1,4,14.0,0.71,Closed Won
D0590,Helix Diagnostics,Retail,SMB,50700.0,1,Discovery,0.46,0,0,1,0,0,1,5,24.9,0.37,Discovery
D0590,Helix Diagnostics,Retail,SMB,50700.0,2,Discovery,0.35,0,0,1,0,1,1,4,36.8,0.3,Discovery
D0590,Helix Diagnostics,Retail,SMB,50700.0,3,Discovery,0.27,1,0,1,1,1,1,2,40.9,0.25,Lost
D0591,Solstice Media,Education,SMB,27600.0,1,Discovery,0.71,0,0,0,0,0,4,2,2.0,0.66,Demo
D0591,Solstice Media,Education,SMB,27600.0,2,Demo,0.72,0,1,0,1,1,2,12,26.3,0.67,Evaluation
D0591,Solstice Media,Education,SMB,27600.0,3,Evaluation,0.77,0,1,0,1,1,3,14,6.3,0.7,Negotiation
D0591,Solstice Media,Education,SMB,27600.0,4,Negotiation,0.69,1,1,0,1,1,3,11,28.7,0.65,Proposal
D0591,Solstice Media,Education,SMB,27600.0,5,Proposal,0.66,1,2,0,1,1,2,13,39.6,0.63,Lost
D0592,Novus Capital,Financial Services,SMB,26000.0,1,Discovery,0.54,0,0,0,0,1,2,2,29.6,0.64,Demo
D0592,Novus Capital,Financial Services,SMB,26000.0,2,Demo,0.52,0,1,0,0,1,2,6,14.6,0.63,Evaluation
D0592,Novus Capital,Financial Services,SMB,26000.0,3,Evaluation,0.43,0,1,0,0,1,1,11,13.4,0.57,Negotiation
D0592,Novus Capital,Financial Services,SMB,26000.0,4,Negotiation,0.38,0,1,0,0,1,1,2,2.8,0.54,Proposal
D0592,Novus Capital,Financial Services,SMB,26000.0,5,Proposal,0.49,0,1,0,0,1,2,2,27.2,0.61,Closed Won
D0593,Summit BioPharma,Healthcare,Startup,24100.0,1,Discovery,0.47,0,0,1,0,1,2,3,9.5,0.44,Demo
D0593,Summit BioPharma,Healthcare,Startup,24100.0,2,Demo,0.36,0,0,1,0,1,4,8,20.6,0.38,Demo
D0593,Summit BioPharma,Healthcare,Startup,24100.0,3,Demo,0.31,0,0,1,0,1,1,3,10.0,0.35,Demo
D0593,Summit BioPharma,Healthcare,Startup,24100.0,4,Demo,0.27,1,1,1,1,1,4,11,4.3,0.32,Lost
D0594,BlueShift AI,Education,Mid-Market,93500.0,1,Discovery,0.58,1,0,0,0,0,3,4,35.3,0.47,Lost
D0595,Kestrel Instruments,Healthcare,Enterprise,237500.0,1,Discovery,0.67,1,0,1,0,0,3,1,2.0,0.63,Discovery
D0595,Kestrel Instruments,Healthcare,Enterprise,237500.0,2,Discovery,0.73,1,0,1,0,0,3,3,32.2,0.67,Discovery
D0595,Kestrel Instruments,Healthcare,Enterprise,237500.0,3,Discovery,0.8,1,0,1,1,0,2,11,8.9,0.71,Demo
D0595,Kestrel Instruments,Healthcare,Enterprise,237500.0,4,Demo,0.83,2,0,1,1,1,3,13,2.0,0.73,Evaluation
D0595,Kestrel Instruments,Healthcare,Enterprise,237500.0,5,Evaluation,0.88,2,0,1,1,1,1,5,16.7,0.76,Negotiation
D0596,Acuity Networks,Financial Services,SMB,62500.0,1,Discovery,0.26,0,0,0,0,1,4,1,10.6,0.3,Discovery
D0596,Acuity Networks,Financial Services,SMB,62500.0,2,Discovery,0.2,0,1,1,1,1,1,10,40.3,0.26,Demo
D0596,Acuity Networks,Financial Services,SMB,62500.0,3,Demo,0.16,1,1,1,1,1,2,11,2.1,0.24,Evaluation
D0596,Acuity Networks,Financial Services,SMB,62500.0,4,Evaluation,0.15,1,1,1,1,1,2,8,60.1,0.23,Evaluation
D0596,Acuity Networks,Financial Services,SMB,62500.0,5,Evaluation,0.12,1,1,1,1,1,1,9,2.0,0.21,Negotiation
D0596,Acuity Networks,Financial Services,SMB,62500.0,6,Negotiation,0.12,2,1,1,1,1,4,5,9.3,0.21,Lost
D0597,Apex Cloud Systems,Logistics,SMB,66600.0,1,Discovery,0.42,0,0,0,0,1,2,4,48.7,0.37,Discovery
D0597,Apex Cloud Systems,Logistics,SMB,66600.0,2,Discovery,0.5,0,0,1,1,1,3,13,13.7,0.42,Demo
D0597,Apex Cloud Systems,Logistics,SMB,66600.0,3,Demo,0.46,0,0,1,1,1,2,2,3.9,0.4,Evaluation
D0597,Apex Cloud Systems,Logistics,SMB,66600.0,4,Evaluation,0.36,0,0,1,1,1,4,10,16.1,0.34,Negotiation
D0597,Apex Cloud Systems,Logistics,SMB,66600.0,5,Negotiation,0.29,0,1,1,1,1,2,6,11.4,0.29,Proposal
D0597,Apex Cloud Systems,Logistics,SMB,66600.0,6,Proposal,0.15,1,1,1,1,1,1,13,66.8,0.21,Proposal
D0597,Apex Cloud Systems,Logistics,SMB,66600.0,7,Proposal,0.15,2,1,1,1,1,2,4,13.6,0.21,Lost
D0598,Skyward Aerospace,Manufacturing,SMB,30000.0,1,Discovery,0.41,0,0,0,0,0,1,3,65.5,0.34,Lost
D0599,Vanguard Supply,Financial Services,Startup,18800.0,1,Discovery,0.64,0,0,0,0,1,1,5,40.6,0.7,Demo
D0599,Vanguard Supply,Financial Services,Startup,18800.0,2,Demo,0.57,0,0,0,1,1,2,1,10.4,0.66,Evaluation
D0599,Vanguard Supply,Financial Services,Startup,18800.0,3,Evaluation,0.5,0,1,0,1,1,1,9,44.0,0.61,Negotiation
D0599,Vanguard Supply,Financial Services,Startup,18800.0,4,Negotiation,0.47,0,1,0,1,1,2,14,8.7,0.6,Proposal
D0599,Vanguard Supply,Financial Services,Startup,18800.0,5,Proposal,0.38,0,2,0,1,1,2,5,60.8,0.54,Proposal
D0599,Vanguard Supply,Financial Services,Startup,18800.0,6,Proposal,0.48,0,3,0,1,1,4,2,2.0,0.6,Closed Won
D0600,BrightPath Logistics,Manufacturing,Mid-Market,69900.0,1,Discovery,0.82,1,0,0,0,0,2,1,25.5,0.74,Discovery
D0600,BrightPath Logistics,Manufacturing,Mid-Market,69900.0,2,Discovery,0.75,1,0,0,0,0,3,3,14.9,0.7,Discovery
D0601,Veritas Analytics,Healthcare,Enterprise,229600.0,1,Discovery,0.71,0,1,0,0,1,2,4,25.5,0.63,Demo
D0601,Veritas Analytics,Healthcare,Enterprise,229600.0,2,Demo,0.74,0,2,0,1,1,3,8,31.0,0.65,Evaluation
D0601,Veritas Analytics,Healthcare,Enterprise,229600.0,3,Evaluation,0.65,1,2,0,1,1,2,5,2.0,0.59,Negotiation
D0601,Veritas Analytics,Healthcare,Enterprise,229600.0,4,Negotiation,0.64,1,2,0,1,1,2,12,4.7,0.59,Proposal
D0601,Veritas Analytics,Healthcare,Enterprise,229600.0,5,Proposal,0.6,1,2,0,1,1,4,11,31.8,0.56,Lost
D0602,NexGen Health,Manufacturing,Startup,25700.0,1,Discovery,0.52,0,0,1,0,0,3,3,23.4,0.57,Discovery
D0602,NexGen Health,Manufacturing,Startup,25700.0,2,Discovery,0.55,0,0,1,0,1,3,12,72.2,0.59,Demo
D0603,Skyward Aerospace,Retail,Startup,17800.0,1,Discovery,0.8,1,1,0,0,1,4,2,77.1,0.68,Demo
D0603,Skyward Aerospace,Retail,Startup,17800.0,2,Demo,0.72,1,1,0,1,1,3,7,31.0,0.63,Evaluation
D0603,Skyward Aerospace,Retail,Startup,17800.0,3,Evaluation,0.83,2,1,0,1,1,3,14,9.1,0.7,Negotiation
D0604,Everline Retail,Technology,Startup,25200.0,1,Discovery,0.56,0,0,0,0,0,3,1,30.9,0.61,Discovery
D0604,Everline Retail,Technology,Startup,25200.0,2,Discovery,0.49,0,0,1,1,1,2,7,21.0,0.57,Demo
D0604,Everline Retail,Technology,Startup,25200.0,3,Demo,0.49,0,0,1,1,1,2,3,2.0,0.57,Evaluation
D0604,Everline Retail,Technology,Startup,25200.0,4,Evaluation,0.4,0,0,1,1,1,2,14,9.1,0.52,Negotiation
D0604,Everline Retail,Technology,Startup,25200.0,5,Negotiation,0.5,0,1,1,1,1,1,5,63.7,0.58,Proposal
D0605,Apex Cloud Systems,Healthcare,Mid-Market,113100.0,1,Discovery,0.57,0,0,1,0,0,3,4,21.3,0.45,Discovery
D0605,Apex Cloud Systems,Healthcare,Mid-Market,113100.0,2,Discovery,0.49,0,1,1,1,0,4,1,23.0,0.41,Demo
D0606,Kestrel Instruments,Education,SMB,70300.0,1,Discovery,0.5,0,1,0,0,1,4,5,8.6,0.6,Demo
D0606,Kestrel Instruments,Education,SMB,70300.0,2,Demo,0.52,0,1,0,1,1,2,2,8.7,0.62,Evaluation
D0606,Kestrel Instruments,Education,SMB,70300.0,3,Evaluation,0.44,0,1,0,1,1,1,12,2.0,0.57,Negotiation
D0606,Kestrel Instruments,Education,SMB,70300.0,4,Negotiation,0.5,0,2,0,1,1,4,14,27.4,0.6,Proposal
D0606,Kestrel Instruments,Education,SMB,70300.0,5,Proposal,0.48,0,2,0,1,1,1,10,10.1,0.59,Closed Won
D0607,Frontier FinCorp,Financial Services,SMB,59900.0,1,Discovery,0.34,0,0,0,0,0,4,1,75.4,0.29,Lost
D0608,Veritas Analytics,Education,SMB,25700.0,1,Discovery,0.34,1,0,1,0,0,4,4,77.7,0.3,Lost
D0609,Cobalt Freight,Retail,Startup,14000.0,1,Discovery,0.65,1,1,1,0,1,1,5,5.4,0.63,Demo
D0609,Cobalt Freight,Retail,Startup,14000.0,2,Demo,0.73,2,1,1,1,1,2,10,24.1,0.68,Evaluation
D0609,Cobalt Freight,Retail,Startup,14000.0,3,Evaluation,0.68,3,1,1,1,1,2,14,14.4,0.65,Lost
D0610,Vanguard Supply,Healthcare,Startup,21800.0,1,Discovery,0.49,1,0,1,0,1,3,2,44.4,0.56,Discovery
D0610,Vanguard Supply,Healthcare,Startup,21800.0,2,Discovery,0.51,1,0,1,0,1,3,6,5.1,0.57,Demo
D0610,Vanguard Supply,Healthcare,Startup,21800.0,3,Demo,0.58,1,1,1,1,1,1,7,23.7,0.61,Evaluation
D0610,Vanguard Supply,Healthcare,Startup,21800.0,4,Evaluation,0.68,1,1,1,1,1,2,4,19.6,0.67,Negotiation
D0611,Vanguard Supply,Technology,Enterprise,152200.0,1,Discovery,0.66,0,0,1,0,1,1,5,4.0,0.58,Demo
D0611,Vanguard Supply,Technology,Enterprise,152200.0,2,Demo,0.54,0,1,1,1,1,3,1,28.7,0.51,Evaluation
D0611,Vanguard Supply,Technology,Enterprise,152200.0,3,Evaluation,0.59,0,2,1,1,1,2,11,36.5,0.54,Negotiation
D0612,Everline Retail,Education,Startup,12200.0,1,Discovery,0.49,0,1,1,0,1,1,3,43.6,0.38,Demo
D0612,Everline Retail,Education,Startup,12200.0,2,Demo,0.35,0,2,1,1,1,2,4,21.2,0.3,Evaluation
D0612,Everline Retail,Education,Startup,12200.0,3,Evaluation,0.24,0,2,1,1,1,1,1,52.6,0.23,Lost
D0613,OmniCommerce,Logistics,Mid-Market,130000.0,1,Discovery,0.34,0,0,1,0,0,3,5,9.1,0.3,Lost
D0614,Kestrel Instruments,Education,SMB,65200.0,1,Discovery,0.36,0,0,1,0,0,4,4,75.0,0.35,Discovery
D0614,Kestrel Instruments,Education,SMB,65200.0,2,Discovery,0.37,0,0,1,0,0,4,4,11.5,0.35,Discovery
D0614,Kestrel Instruments,Education,SMB,65200.0,3,Discovery,0.32,0,0,1,0,0,1,12,15.6,0.32,Lost
D0615,NexGen Health,Logistics,SMB,69800.0,1,Discovery,0.22,0,0,1,0,0,2,5,2.0,0.31,Discovery
D0615,NexGen Health,Logistics,SMB,69800.0,2,Discovery,0.23,0,0,1,1,0,1,13,3.3,0.32,Discovery
D0615,NexGen Health,Logistics,SMB,69800.0,3,Discovery,0.13,0,1,1,1,0,1,8,20.1,0.26,Discovery
D0616,Cascade Security,Manufacturing,SMB,70600.0,1,Discovery,0.64,0,1,1,0,1,3,5,72.1,0.48,Demo
D0616,Cascade Security,Manufacturing,SMB,70600.0,2,Demo,0.55,0,2,1,1,1,2,13,2.0,0.43,Evaluation
D0616,Cascade Security,Manufacturing,SMB,70600.0,3,Evaluation,0.45,1,2,1,1,1,1,12,19.1,0.37,Negotiation
D0616,Cascade Security,Manufacturing,SMB,70600.0,4,Negotiation,0.43,2,2,1,1,1,3,13,16.5,0.36,Proposal
D0617,Frontier FinCorp,Healthcare,Mid-Market,99300.0,1,Discovery,0.54,1,0,1,0,1,3,2,4.7,0.45,Demo
D0617,Frontier FinCorp,Healthcare,Mid-Market,99300.0,2,Demo,0.56,1,0,1,1,1,2,13,18.8,0.46,Evaluation
D0617,Frontier FinCorp,Healthcare,Mid-Market,99300.0,3,Evaluation,0.51,1,0,1,1,1,4,10,23.9,0.43,Negotiation
D0617,Frontier FinCorp,Healthcare,Mid-Market,99300.0,4,Negotiation,0.36,1,0,1,1,1,3,3,18.3,0.34,Proposal
D0617,Frontier FinCorp,Healthcare,Mid-Market,99300.0,5,Proposal,0.31,1,0,1,1,1,2,7,26.7,0.31,Closed Won
D0618,Solstice Media,Education,Startup,30100.0,1,Discovery,0.59,0,0,0,0,1,4,4,37.6,0.45,Demo
D0618,Solstice Media,Education,Startup,30100.0,2,Demo,0.47,0,0,0,0,1,4,10,2.0,0.38,Evaluation
D0618,Solstice Media,Education,Startup,30100.0,3,Evaluation,0.53,0,0,0,0,1,1,3,26.0,0.41,Negotiation
D0618,Solstice Media,Education,Startup,30100.0,4,Negotiation,0.61,1,0,0,0,1,2,3,137.8,0.46,Negotiation
D0618,Solstice Media,Education,Startup,30100.0,5,Negotiation,0.57,2,0,0,0,1,1,14,30.5,0.44,Negotiation
D0618,Solstice Media,Education,Startup,30100.0,6,Negotiation,0.43,2,0,0,0,1,3,3,47.1,0.35,Lost
D0619,Pulse Dynamics,Logistics,Mid-Market,73400.0,1,Discovery,0.61,0,0,1,0,0,2,2,11.7,0.52,Discovery
D0619,Pulse Dynamics,Logistics,Mid-Market,73400.0,2,Discovery,0.46,0,0,1,0,1,3,12,46.5,0.43,Discovery
D0619,Pulse Dynamics,Logistics,Mid-Market,73400.0,3,Discovery,0.41,0,0,1,0,1,4,4,46.4,0.4,Discovery
D0619,Pulse Dynamics,Logistics,Mid-Market,73400.0,4,Discovery,0.43,0,0,1,1,1,1,1,23.0,0.41,Demo
D0619,Pulse Dynamics,Logistics,Mid-Market,73400.0,5,Demo,0.5,0,0,1,1,1,3,9,116.7,0.45,Evaluation
D0619,Pulse Dynamics,Logistics,Mid-Market,73400.0,6,Evaluation,0.48,0,0,1,1,1,2,9,4.2,0.44,Negotiation
D0620,BrightPath Logistics,Logistics,Startup,8200.0,1,Discovery,0.34,1,0,0,0,0,4,3,44.0,0.36,Lost
D0621,Vector Mobility,Healthcare,Startup,24800.0,1,Discovery,0.69,0,1,1,0,0,3,2,34.5,0.68,Discovery
D0621,Vector Mobility,Healthcare,Startup,24800.0,2,Discovery,0.75,0,1,1,1,0,3,6,2.7,0.71,Demo
D0622,Coastal Foods Ltd,Manufacturing,SMB,28400.0,1,Discovery,0.31,0,0,1,0,0,4,3,2.0,0.33,Discovery
D0622,Coastal Foods Ltd,Manufacturing,SMB,28400.0,2,Discovery,0.3,0,1,1,1,1,3,2,11.0,0.33,Demo
D0622,Coastal Foods Ltd,Manufacturing,SMB,28400.0,3,Demo,0.26,1,1,1,1,1,1,1,46.9,0.3,Evaluation
D0622,Coastal Foods Ltd,Manufacturing,SMB,28400.0,4,Evaluation,0.22,1,2,1,1,1,3,9,23.1,0.28,Negotiation
D0622,Coastal Foods Ltd,Manufacturing,SMB,28400.0,5,Negotiation,0.18,1,2,1,1,1,4,2,13.5,0.26,Lost
D0623,BrightPath Logistics,Technology,SMB,71400.0,1,Discovery,0.62,0,0,1,0,1,1,1,12.8,0.55,Demo
D0623,BrightPath Logistics,Technology,SMB,71400.0,2,Demo,0.67,0,0,1,0,1,2,12,2.0,0.58,Evaluation
D0623,BrightPath Logistics,Technology,SMB,71400.0,3,Evaluation,0.6,0,1,1,1,1,2,6,9.8,0.54,Negotiation
D0623,BrightPath Logistics,Technology,SMB,71400.0,4,Negotiation,0.58,0,1,1,1,1,4,6,28.6,0.53,Proposal
D0623,BrightPath Logistics,Technology,SMB,71400.0,5,Proposal,0.64,0,2,1,1,1,2,10,100.6,0.57,Closed Won
D0624,Coastal Foods Ltd,Technology,Mid-Market,113900.0,1,Discovery,0.41,0,0,1,0,0,2,4,60.3,0.39,Lost
D0625,Synthetix Labs,Retail,Startup,28400.0,1,Discovery,0.48,0,0,1,0,0,3,2,2.0,0.47,Discovery
D0625,Synthetix Labs,Retail,Startup,28400.0,2,Discovery,0.55,1,0,1,1,0,3,3,62.6,0.51,Lost
D0626,Atlas Energy,Retail,Startup,27500.0,1,Discovery,0.65,0,0,0,0,0,2,2,68.0,0.47,Discovery
D0626,Atlas Energy,Retail,Startup,27500.0,2,Discovery,0.61,0,0,0,0,0,1,2,67.4,0.45,Discovery
D0626,Atlas Energy,Retail,Startup,27500.0,3,Discovery,0.48,0,1,1,0,1,4,9,27.2,0.37,Demo
D0626,Atlas Energy,Retail,Startup,27500.0,4,Demo,0.53,1,1,1,0,1,2,14,22.6,0.4,Demo
D0626,Atlas Energy,Retail,Startup,27500.0,5,Demo,0.61,1,1,1,0,1,3,1,16.0,0.45,Evaluation
D0627,OmniCommerce,Financial Services,SMB,63600.0,1,Discovery,0.46,1,1,1,0,1,4,1,7.3,0.45,Discovery
D0627,OmniCommerce,Financial Services,SMB,63600.0,2,Discovery,0.39,2,1,1,0,1,2,6,7.9,0.41,Discovery
D0627,OmniCommerce,Financial Services,SMB,63600.0,3,Discovery,0.3,2,1,1,1,1,2,10,18.6,0.36,Discovery
D0627,OmniCommerce,Financial Services,SMB,63600.0,4,Discovery,0.23,2,1,1,1,1,4,1,38.6,0.31,Discovery
D0627,OmniCommerce,Financial Services,SMB,63600.0,5,Discovery,0.17,2,2,1,1,1,1,10,18.0,0.28,Discovery
D0627,OmniCommerce,Financial Services,SMB,63600.0,6,Discovery,0.12,2,2,1,1,1,4,3,2.0,0.25,Lost
D0628,Cobalt Freight,Manufacturing,SMB,68200.0,1,Discovery,0.6,0,1,1,0,0,2,3,59.9,0.66,Discovery
D0628,Cobalt Freight,Manufacturing,SMB,68200.0,2,Discovery,0.72,0,1,1,1,0,1,8,54.1,0.73,Demo
D0628,Cobalt Freight,Manufacturing,SMB,68200.0,3,Demo,0.84,0,2,1,1,1,3,7,29.1,0.8,Evaluation
D0629,BlueShift AI,Financial Services,SMB,67900.0,1,Discovery,0.79,0,1,1,0,1,2,4,18.7,0.7,Demo
D0629,BlueShift AI,Financial Services,SMB,67900.0,2,Demo,0.82,0,1,1,1,1,1,1,78.4,0.71,Evaluation
D0629,BlueShift AI,Financial Services,SMB,67900.0,3,Evaluation,0.93,0,2,1,1,1,3,9,2.0,0.78,Negotiation
D0630,Helix Diagnostics,Healthcare,SMB,60600.0,1,Discovery,0.74,0,1,1,0,1,1,1,5.1,0.72,Demo
D0630,Helix Diagnostics,Healthcare,SMB,60600.0,2,Demo,0.68,0,1,1,0,1,1,2,4.4,0.69,Evaluation
D0630,Helix Diagnostics,Healthcare,SMB,60600.0,3,Evaluation,0.59,0,1,1,1,1,2,11,3.0,0.63,Negotiation
D0631,Aegis Software,Retail,SMB,51700.0,1,Discovery,0.83,0,1,0,0,0,2,1,34.8,0.73,Demo
D0631,Aegis Software,Retail,SMB,51700.0,2,Demo,0.92,0,1,0,0,0,3,14,19.8,0.79,Evaluation
D0631,Aegis Software,Retail,SMB,51700.0,3,Evaluation,0.9,0,2,0,0,0,3,14,3.6,0.77,Negotiation
D0631,Aegis Software,Retail,SMB,51700.0,4,Negotiation,0.93,0,3,0,0,0,2,9,38.2,0.79,Proposal
D0631,Aegis Software,Retail,SMB,51700.0,5,Proposal,0.86,0,3,0,0,0,2,8,23.2,0.75,Closed Won
D0632,Everline Retail,Logistics,SMB,58400.0,1,Discovery,0.85,0,0,0,0,1,1,3,11.6,0.74,Demo
D0632,Everline Retail,Logistics,SMB,58400.0,2,Demo,0.8,0,0,0,1,1,4,2,26.4,0.71,Evaluation
D0632,Everline Retail,Logistics,SMB,58400.0,3,Evaluation,0.87,0,0,0,1,1,3,9,7.1,0.75,Negotiation
D0632,Everline Retail,Logistics,SMB,58400.0,4,Negotiation,0.81,0,0,0,1,1,2,11,10.0,0.71,Proposal
D0632,Everline Retail,Logistics,SMB,58400.0,5,Proposal,0.84,0,0,0,1,1,4,7,58.8,0.73,Proposal
D0632,Everline Retail,Logistics,SMB,58400.0,6,Proposal,0.78,0,0,0,1,1,4,8,8.1,0.69,Closed Won
D0633,Helix Diagnostics,Financial Services,Mid-Market,131400.0,1,Discovery,0.64,1,0,0,0,1,2,5,11.7,0.7,Demo
D0633,Helix Diagnostics,Financial Services,Mid-Market,131400.0,2,Demo,0.55,1,0,0,1,1,2,8,40.5,0.64,Evaluation
D0634,Zenith Textiles,Technology,Enterprise,336500.0,1,Discovery,0.26,0,0,1,0,0,3,4,2.0,0.31,Discovery
D0634,Zenith Textiles,Technology,Enterprise,336500.0,2,Discovery,0.14,0,1,1,1,1,3,14,5.0,0.23,Demo
D0634,Zenith Textiles,Technology,Enterprise,336500.0,3,Demo,0.16,0,2,1,1,1,4,5,2.0,0.25,Lost
D0635,Vanguard Supply,Financial Services,Mid-Market,78100.0,1,Discovery,0.82,0,0,1,0,0,3,4,18.5,0.8,Demo
D0635,Vanguard Supply,Financial Services,Mid-Market,78100.0,2,Demo,0.72,0,0,1,1,1,2,10,11.0,0.74,Evaluation
D0635,Vanguard Supply,Financial Services,Mid-Market,78100.0,3,Evaluation,0.83,0,0,1,1,1,4,11,2.7,0.81,Negotiation
D0635,Vanguard Supply,Financial Services,Mid-Market,78100.0,4,Negotiation,0.78,0,0,1,1,1,3,7,58.9,0.78,Proposal
D0635,Vanguard Supply,Financial Services,Mid-Market,78100.0,5,Proposal,0.68,1,0,1,1,1,1,2,14.0,0.72,Closed Won
D0636,Vanguard Supply,Education,Startup,18400.0,1,Discovery,0.7,0,0,1,0,1,4,5,6.0,0.67,Demo
D0636,Vanguard Supply,Education,Startup,18400.0,2,Demo,0.81,1,0,1,1,1,3,12,15.1,0.74,Evaluation
D0636,Vanguard Supply,Education,Startup,18400.0,3,Evaluation,0.87,1,0,1,1,1,3,10,24.8,0.77,Negotiation
D0637,Solstice Media,Logistics,Startup,18300.0,1,Discovery,0.61,0,0,0,0,0,3,4,8.8,0.55,Discovery
D0637,Solstice Media,Logistics,Startup,18300.0,2,Discovery,0.68,0,0,1,0,0,3,13,45.0,0.59,Discovery
D0637,Solstice Media,Logistics,Startup,18300.0,3,Discovery,0.65,0,0,1,0,1,2,11,16.9,0.57,Demo
D0637,Solstice Media,Logistics,Startup,18300.0,4,Demo,0.61,0,0,1,1,1,2,4,21.7,0.55,Evaluation
D0637,Solstice Media,Logistics,Startup,18300.0,5,Evaluation,0.6,0,0,1,1,1,3,9,15.5,0.54,Negotiation
D0637,Solstice Media,Logistics,Startup,18300.0,6,Negotiation,0.61,0,0,1,1,1,3,4,2.0,0.55,Proposal
D0638,Coastal Foods Ltd,Financial Services,Startup,15300.0,1,Discovery,0.5,0,0,1,0,1,4,1,15.7,0.49,Demo
D0638,Coastal Foods Ltd,Financial Services,Startup,15300.0,2,Demo,0.57,0,1,1,1,1,4,1,6.2,0.53,Evaluation
D0638,Coastal Foods Ltd,Financial Services,Startup,15300.0,3,Evaluation,0.42,0,1,1,1,1,3,6,2.0,0.44,Negotiation
D0638,Coastal Foods Ltd,Financial Services,Startup,15300.0,4,Negotiation,0.35,0,1,1,1,1,1,9,49.3,0.4,Proposal
D0638,Coastal Foods Ltd,Financial Services,Startup,15300.0,5,Proposal,0.24,1,2,1,1,1,2,11,105.5,0.34,Proposal
D0638,Coastal Foods Ltd,Financial Services,Startup,15300.0,6,Proposal,0.27,2,2,1,1,1,2,5,41.8,0.35,Proposal
D0638,Coastal Foods Ltd,Financial Services,Startup,15300.0,7,Proposal,0.2,2,2,1,1,1,2,11,51.0,0.31,Lost
D0639,Novus Capital,Logistics,Enterprise,145700.0,1,Discovery,0.5,0,0,1,0,1,2,3,9.2,0.44,Demo
D0639,Novus Capital,Logistics,Enterprise,145700.0,2,Demo,0.46,0,0,1,0,1,4,14,107.1,0.41,Demo
D0639,Novus Capital,Logistics,Enterprise,145700.0,3,Demo,0.37,1,0,1,1,1,2,9,7.3,0.36,Evaluation
D0639,Novus Capital,Logistics,Enterprise,145700.0,4,Evaluation,0.35,1,0,1,1,1,4,13,100.2,0.35,Lost
D0640,BrightPath Logistics,Retail,Mid-Market,152300.0,1,Discovery,0.42,0,0,0,0,0,4,2,156.2,0.41,Lost
D0641,Cobalt Freight,Healthcare,Startup,14800.0,1,Discovery,0.49,0,0,1,0,0,4,3,49.0,0.4,Discovery
D0641,Cobalt Freight,Healthcare,Startup,14800.0,2,Discovery,0.34,1,0,1,1,1,2,2,156.3,0.31,Discovery
D0641,Cobalt Freight,Healthcare,Startup,14800.0,3,Discovery,0.33,1,0,1,1,1,4,1,33.2,0.3,Demo
D0642,Synthetix Labs,Financial Services,SMB,70900.0,1,Discovery,0.46,0,0,1,0,0,4,4,21.8,0.39,Discovery
D0642,Synthetix Labs,Financial Services,SMB,70900.0,2,Discovery,0.39,0,0,1,1,0,2,13,34.1,0.34,Demo
D0642,Synthetix Labs,Financial Services,SMB,70900.0,3,Demo,0.32,0,0,1,1,1,3,2,2.9,0.3,Evaluation
D0642,Synthetix Labs,Financial Services,SMB,70900.0,4,Evaluation,0.28,0,0,1,1,1,2,14,36.9,0.28,Negotiation
D0642,Synthetix Labs,Financial Services,SMB,70900.0,5,Negotiation,0.3,0,1,1,1,1,3,13,150.5,0.29,Lost
D0643,Zenith Textiles,Logistics,SMB,37900.0,1,Discovery,0.68,0,0,1,0,0,3,2,4.0,0.7,Demo
D0643,Zenith Textiles,Logistics,SMB,37900.0,2,Demo,0.6,0,0,1,1,1,2,1,30.2,0.65,Evaluation
D0643,Zenith Textiles,Logistics,SMB,37900.0,3,Evaluation,0.63,0,0,1,1,1,4,1,45.8,0.67,Negotiation
D0643,Zenith Textiles,Logistics,SMB,37900.0,4,Negotiation,0.72,0,0,1,1,1,3,7,55.3,0.73,Proposal
D0643,Zenith Textiles,Logistics,SMB,37900.0,5,Proposal,0.65,0,0,1,1,1,1,3,61.9,0.68,Closed Won
D0644,Beacon Robotics,Healthcare,SMB,70000.0,1,Discovery,0.62,0,0,0,0,1,4,4,15.2,0.64,Demo
D0644,Beacon Robotics,Healthcare,SMB,70000.0,2,Demo,0.7,0,0,0,1,1,1,8,78.1,0.69,Evaluation
D0644,Beacon Robotics,Healthcare,SMB,70000.0,3,Evaluation,0.6,1,0,0,1,1,3,2,29.2,0.63,Negotiation
D0644,Beacon Robotics,Healthcare,SMB,70000.0,4,Negotiation,0.61,1,0,0,1,1,1,3,3.6,0.63,Proposal
D0644,Beacon Robotics,Healthcare,SMB,70000.0,5,Proposal,0.58,1,0,0,1,1,4,9,13.4,0.62,Closed Won
D0645,Coastal Foods Ltd,Healthcare,SMB,50100.0,1,Discovery,0.37,0,0,1,0,0,3,1,34.0,0.41,Discovery
D0645,Coastal Foods Ltd,Healthcare,SMB,50100.0,2,Discovery,0.24,1,0,1,1,0,3,6,7.6,0.33,Lost
D0646,Pulse Dynamics,Education,SMB,31600.0,1,Discovery,0.46,1,1,1,0,1,1,3,36.6,0.4,Lost
D0647,Skyward Aerospace,Financial Services,Startup,29500.0,1,Discovery,0.61,0,1,0,0,0,4,1,39.2,0.49,Discovery
D0647,Skyward Aerospace,Financial Services,Startup,29500.0,2,Discovery,0.6,0,1,0,0,0,1,4,6.3,0.48,Discovery
D0647,Skyward Aerospace,Financial Services,Startup,29500.0,3,Discovery,0.48,0,2,0,0,1,3,8,29.7,0.41,Demo
D0647,Skyward Aerospace,Financial Services,Startup,29500.0,4,Demo,0.43,0,2,0,0,1,1,5,52.7,0.38,Lost
D0648,Frontier FinCorp,Education,Mid-Market,139400.0,1,Discovery,0.63,0,0,1,0,1,2,2,15.5,0.62,Demo
D0648,Frontier FinCorp,Education,Mid-Market,139400.0,2,Demo,0.63,1,0,1,0,1,3,2,2.0,0.62,Evaluation
D0648,Frontier FinCorp,Education,Mid-Market,139400.0,3,Evaluation,0.64,1,0,1,1,1,4,10,2.0,0.63,Negotiation
D0648,Frontier FinCorp,Education,Mid-Market,139400.0,4,Negotiation,0.73,2,0,1,1,1,4,4,9.9,0.68,Proposal
D0648,Frontier FinCorp,Education,Mid-Market,139400.0,5,Proposal,0.83,2,0,1,1,1,3,4,58.4,0.74,Closed Won
D0649,Pulse Dynamics,Technology,SMB,49700.0,1,Discovery,0.51,0,1,0,0,0,4,5,6.9,0.5,Discovery
D0649,Pulse Dynamics,Technology,SMB,49700.0,2,Discovery,0.4,1,1,0,0,0,3,12,26.8,0.43,Discovery
D0649,Pulse Dynamics,Technology,SMB,49700.0,3,Discovery,0.27,1,1,0,0,1,3,1,6.7,0.35,Lost
D0650,Helix Diagnostics,Logistics,Startup,13000.0,1,Discovery,0.67,0,0,1,0,0,4,5,9.9,0.6,Discovery
D0650,Helix Diagnostics,Logistics,Startup,13000.0,2,Discovery,0.63,0,1,1,0,0,4,7,48.0,0.58,Discovery
D0651,Frontier FinCorp,Financial Services,Enterprise,291800.0,1,Discovery,0.64,0,0,0,0,1,1,5,3.7,0.5,Demo
D0651,Frontier FinCorp,Financial Services,Enterprise,291800.0,2,Demo,0.51,0,0,0,1,1,1,5,20.7,0.42,Evaluation
D0651,Frontier FinCorp,Financial Services,Enterprise,291800.0,3,Evaluation,0.4,1,1,0,1,1,2,8,2.0,0.35,Negotiation
D0651,Frontier FinCorp,Financial Services,Enterprise,291800.0,4,Negotiation,0.34,1,1,0,1,1,1,2,24.2,0.32,Lost
D0652,Synthetix Labs,Retail,SMB,47400.0,1,Discovery,0.63,0,0,0,0,0,4,3,25.5,0.61,Discovery
D0652,Synthetix Labs,Retail,SMB,47400.0,2,Discovery,0.75,0,0,1,1,1,2,14,3.0,0.68,Demo
D0652,Synthetix Labs,Retail,SMB,47400.0,3,Demo,0.76,0,0,1,1,1,1,6,8.0,0.68,Evaluation
D0652,Synthetix Labs,Retail,SMB,47400.0,4,Evaluation,0.68,0,1,1,1,1,3,11,11.9,0.64,Negotiation
D0652,Synthetix Labs,Retail,SMB,47400.0,5,Negotiation,0.74,0,1,1,1,1,4,10,59.1,0.67,Proposal
D0652,Synthetix Labs,Retail,SMB,47400.0,6,Proposal,0.84,0,2,1,1,1,4,13,117.2,0.73,Closed Won
D0653,Synthetix Labs,Healthcare,SMB,59500.0,1,Discovery,0.72,0,1,1,0,0,4,1,2.0,0.65,Demo
D0653,Synthetix Labs,Healthcare,SMB,59500.0,2,Demo,0.77,0,2,1,1,1,1,14,34.2,0.68,Evaluation
D0653,Synthetix Labs,Healthcare,SMB,59500.0,3,Evaluation,0.7,0,2,1,1,1,1,3,11.1,0.64,Negotiation
D0653,Synthetix Labs,Healthcare,SMB,59500.0,4,Negotiation,0.61,0,2,1,1,1,2,14,11.9,0.59,Proposal
D0653,Synthetix Labs,Healthcare,SMB,59500.0,5,Proposal,0.64,1,2,1,1,1,1,14,33.5,0.61,Closed Won
D0654,Aegis Software,Manufacturing,SMB,42100.0,1,Discovery,0.55,0,1,1,0,0,1,5,69.1,0.51,Lost
D0655,Solstice Media,Education,Enterprise,198700.0,1,Discovery,0.42,1,0,1,0,0,2,5,81.9,0.44,Discovery
D0655,Solstice Media,Education,Enterprise,198700.0,2,Discovery,0.4,1,0,1,1,1,2,2,23.4,0.43,Demo
D0655,Solstice Media,Education,Enterprise,198700.0,3,Demo,0.32,1,0,1,1,1,3,5,12.0,0.38,Evaluation
D0655,Solstice Media,Education,Enterprise,198700.0,4,Evaluation,0.35,1,1,1,1,1,3,2,42.1,0.4,Negotiation
D0656,Frontier FinCorp,Education,SMB,48200.0,1,Discovery,0.48,0,0,0,0,1,2,5,19.2,0.52,Demo
D0656,Frontier FinCorp,Education,SMB,48200.0,2,Demo,0.52,0,1,0,1,1,1,13,10.3,0.54,Evaluation
D0656,Frontier FinCorp,Education,SMB,48200.0,3,Evaluation,0.53,0,2,0,1,1,4,4,24.7,0.55,Negotiation
D0656,Frontier FinCorp,Education,SMB,48200.0,4,Negotiation,0.46,0,3,0,1,1,3,4,6.4,0.51,Proposal
D0656,Frontier FinCorp,Education,SMB,48200.0,5,Proposal,0.5,0,3,0,1,1,2,3,4.9,0.53,Proposal
D0656,Frontier FinCorp,Education,SMB,48200.0,6,Proposal,0.45,0,3,0,1,1,2,14,57.9,0.5,Lost
D0657,Zenith Textiles,Technology,Enterprise,143000.0,1,Discovery,0.66,1,1,1,0,0,3,3,2.2,0.67,Discovery
D0657,Zenith Textiles,Technology,Enterprise,143000.0,2,Discovery,0.59,1,1,1,1,1,1,6,14.5,0.62,Demo
D0657,Zenith Textiles,Technology,Enterprise,143000.0,3,Demo,0.62,1,1,1,1,1,4,12,5.1,0.64,Evaluation
D0657,Zenith Textiles,Technology,Enterprise,143000.0,4,Evaluation,0.62,1,1,1,1,1,3,10,2.0,0.64,Negotiation
D0658,Veritas Analytics,Technology,SMB,66200.0,1,Discovery,0.53,1,1,0,0,1,1,1,5.5,0.49,Demo
D0658,Veritas Analytics,Technology,SMB,66200.0,2,Demo,0.48,1,1,0,1,1,1,3,57.5,0.46,Evaluation
D0658,Veritas Analytics,Technology,SMB,66200.0,3,Evaluation,0.45,1,2,0,1,1,2,7,9.5,0.44,Lost
D0659,Vanguard Supply,Technology,Mid-Market,122500.0,1,Discovery,0.66,0,0,0,0,1,2,1,74.6,0.61,Demo
D0659,Vanguard Supply,Technology,Mid-Market,122500.0,2,Demo,0.63,0,1,0,1,1,2,11,21.6,0.59,Evaluation
D0659,Vanguard Supply,Technology,Mid-Market,122500.0,3,Evaluation,0.74,1,1,0,1,1,2,9,14.2,0.65,Negotiation
D0660,Aegis Software,Education,SMB,39400.0,1,Discovery,0.56,0,1,0,0,1,2,4,22.9,0.48,Demo
D0660,Aegis Software,Education,SMB,39400.0,2,Demo,0.53,0,1,0,1,1,3,1,44.9,0.47,Evaluation
D0660,Aegis Software,Education,SMB,39400.0,3,Evaluation,0.57,0,1,0,1,1,3,10,10.5,0.49,Negotiation
D0660,Aegis Software,Education,SMB,39400.0,4,Negotiation,0.62,0,1,0,1,1,1,14,13.7,0.52,Proposal
D0660,Aegis Software,Education,SMB,39400.0,5,Proposal,0.58,0,1,0,1,1,3,7,70.8,0.5,Closed Won
D0661,Vanguard Supply,Retail,Startup,22800.0,1,Discovery,0.49,0,1,1,0,0,3,5,101.2,0.42,Lost
D0662,Novus Capital,Financial Services,Mid-Market,126700.0,1,Discovery,0.72,0,0,1,0,1,3,5,56.6,0.64,Demo
D0662,Novus Capital,Financial Services,Mid-Market,126700.0,2,Demo,0.63,0,1,1,1,1,1,7,13.8,0.58,Evaluation
D0662,Novus Capital,Financial Services,Mid-Market,126700.0,3,Evaluation,0.74,0,1,1,1,1,2,13,38.4,0.65,Negotiation
D0662,Novus Capital,Financial Services,Mid-Market,126700.0,4,Negotiation,0.64,0,1,1,1,1,3,2,16.4,0.59,Proposal
D0662,Novus Capital,Financial Services,Mid-Market,126700.0,5,Proposal,0.62,0,1,1,1,1,1,6,17.5,0.58,Proposal
D0663,Atlas Energy,Financial Services,SMB,69100.0,1,Discovery,0.55,0,0,0,0,1,3,1,16.2,0.65,Demo
D0663,Atlas Energy,Financial Services,SMB,69100.0,2,Demo,0.49,0,0,0,1,1,3,6,3.7,0.61,Evaluation
D0663,Atlas Energy,Financial Services,SMB,69100.0,3,Evaluation,0.43,0,0,0,1,1,4,9,7.3,0.58,Negotiation
D0663,Atlas Energy,Financial Services,SMB,69100.0,4,Negotiation,0.4,0,0,0,1,1,4,6,34.9,0.56,Proposal
D0663,Atlas Energy,Financial Services,SMB,69100.0,5,Proposal,0.39,0,0,0,1,1,2,14,4.2,0.55,Closed Won
D0664,BlueShift AI,Education,Mid-Market,111400.0,1,Discovery,0.53,0,0,1,0,0,3,2,2.0,0.59,Discovery
D0664,BlueShift AI,Education,Mid-Market,111400.0,2,Discovery,0.45,0,1,1,1,1,2,7,2.0,0.54,Demo
D0664,BlueShift AI,Education,Mid-Market,111400.0,3,Demo,0.53,0,2,1,1,1,2,13,58.2,0.59,Evaluation
D0664,BlueShift AI,Education,Mid-Market,111400.0,4,Evaluation,0.46,0,2,1,1,1,2,11,14.6,0.55,Negotiation
D0664,BlueShift AI,Education,Mid-Market,111400.0,5,Negotiation,0.41,0,3,1,1,1,4,14,10.8,0.52,Lost
D0665,Apex Cloud Systems,Technology,Enterprise,291900.0,1,Discovery,0.46,0,0,1,0,0,3,2,56.6,0.41,Lost
D0666,BrightPath Logistics,Logistics,Enterprise,165100.0,1,Discovery,0.53,1,0,1,0,1,1,4,52.2,0.49,Discovery
D0666,BrightPath Logistics,Logistics,Enterprise,165100.0,2,Discovery,0.48,1,0,1,1,1,4,8,11.7,0.46,Demo
D0666,BrightPath Logistics,Logistics,Enterprise,165100.0,3,Demo,0.44,1,0,1,1,1,1,6,34.2,0.43,Evaluation
D0666,BrightPath Logistics,Logistics,Enterprise,165100.0,4,Evaluation,0.45,1,0,1,1,1,3,8,42.6,0.44,Negotiation
D0666,BrightPath Logistics,Logistics,Enterprise,165100.0,5,Negotiation,0.38,1,1,1,1,1,2,11,30.7,0.4,Lost
D0667,Novus Capital,Retail,Mid-Market,147800.0,1,Discovery,0.73,0,1,1,0,1,4,4,3.2,0.73,Demo
D0667,Novus Capital,Retail,Mid-Market,147800.0,2,Demo,0.65,0,2,1,1,1,4,7,40.8,0.68,Evaluation
D0667,Novus Capital,Retail,Mid-Market,147800.0,3,Evaluation,0.69,0,2,1,1,1,4,6,15.1,0.7,Negotiation
D0668,Pulse Dynamics,Logistics,SMB,38200.0,1,Discovery,0.43,0,0,1,0,0,3,4,18.2,0.4,Discovery
D0668,Pulse Dynamics,Logistics,SMB,38200.0,2,Discovery,0.5,0,1,1,0,0,4,7,2.0,0.44,Discovery
D0668,Pulse Dynamics,Logistics,SMB,38200.0,3,Discovery,0.48,0,1,1,0,0,4,5,4.5,0.43,Discovery
D0668,Pulse Dynamics,Logistics,SMB,38200.0,4,Discovery,0.47,0,1,1,1,0,3,13,47.8,0.42,Demo
D0669,Cobalt Freight,Education,Enterprise,212400.0,1,Discovery,0.4,0,0,0,0,0,4,4,21.8,0.34,Lost
D0670,Novus Capital,Retail,Mid-Market,101200.0,1,Discovery,0.69,0,0,0,0,0,1,2,16.6,0.66,Discovery
D0670,Novus Capital,Retail,Mid-Market,101200.0,2,Discovery,0.59,0,0,1,1,1,1,6,2.0,0.6,Demo
D0670,Novus Capital,Retail,Mid-Market,101200.0,3,Demo,0.67,0,0,1,1,1,2,3,81.1,0.64,Evaluation
D0670,Novus Capital,Retail,Mid-Market,101200.0,4,Evaluation,0.58,0,1,1,1,1,2,11,5.7,0.59,Negotiation
D0670,Novus Capital,Retail,Mid-Market,101200.0,5,Negotiation,0.55,0,1,1,1,1,2,2,8.1,0.57,Proposal
D0670,Novus Capital,Retail,Mid-Market,101200.0,6,Proposal,0.56,1,1,1,1,1,2,14,8.1,0.58,Closed Won
D0671,Cobalt Freight,Manufacturing,Enterprise,310400.0,1,Discovery,0.55,0,1,1,0,0,1,3,11.7,0.41,Discovery
D0671,Cobalt Freight,Manufacturing,Enterprise,310400.0,2,Discovery,0.56,0,1,1,0,0,4,13,2.0,0.42,Discovery
D0671,Cobalt Freight,Manufacturing,Enterprise,310400.0,3,Discovery,0.43,0,2,1,0,0,4,14,58.6,0.34,Lost
D0672,Frontier FinCorp,Technology,SMB,34400.0,1,Discovery,0.53,0,0,0,0,0,4,3,126.5,0.43,Discovery
D0672,Frontier FinCorp,Technology,SMB,34400.0,2,Discovery,0.57,0,0,1,0,1,1,3,9.4,0.46,Demo
D0672,Frontier FinCorp,Technology,SMB,34400.0,3,Demo,0.64,0,0,1,0,1,3,9,40.4,0.5,Evaluation
D0672,Frontier FinCorp,Technology,SMB,34400.0,4,Evaluation,0.52,0,0,1,1,1,4,9,50.3,0.43,Negotiation
D0672,Frontier FinCorp,Technology,SMB,34400.0,5,Negotiation,0.39,0,0,1,1,1,3,8,70.0,0.35,Proposal
D0672,Frontier FinCorp,Technology,SMB,34400.0,6,Proposal,0.47,0,0,1,1,1,3,4,20.4,0.4,Proposal
D0673,Frontier FinCorp,Financial Services,SMB,67100.0,1,Discovery,0.67,0,1,1,0,1,2,1,7.2,0.72,Demo
D0673,Frontier FinCorp,Financial Services,SMB,67100.0,2,Demo,0.65,1,1,1,1,1,3,2,22.7,0.7,Evaluation
D0674,Cobalt Freight,Retail,SMB,58600.0,1,Discovery,0.47,0,0,0,0,1,3,4,7.8,0.39,Demo
D0674,Cobalt Freight,Retail,SMB,58600.0,2,Demo,0.45,1,1,0,1,1,4,14,18.1,0.37,Evaluation
D0674,Cobalt Freight,Retail,SMB,58600.0,3,Evaluation,0.44,1,1,0,1,1,1,3,90.9,0.37,Lost
D0675,Coastal Foods Ltd,Retail,SMB,29100.0,1,Discovery,0.72,0,0,0,0,0,4,1,38.4,0.66,Discovery
D0675,Coastal Foods Ltd,Retail,SMB,29100.0,2,Discovery,0.76,0,0,1,0,0,1,10,97.8,0.68,Discovery
D0675,Coastal Foods Ltd,Retail,SMB,29100.0,3,Discovery,0.68,0,1,1,0,1,3,3,32.8,0.64,Demo
D0675,Coastal Foods Ltd,Retail,SMB,29100.0,4,Demo,0.71,1,1,1,1,1,4,13,11.7,0.65,Evaluation
D0675,Coastal Foods Ltd,Retail,SMB,29100.0,5,Evaluation,0.61,1,1,1,1,1,2,7,20.9,0.59,Negotiation
D0675,Coastal Foods Ltd,Retail,SMB,29100.0,6,Negotiation,0.65,1,1,1,1,1,2,10,25.3,0.62,Proposal
D0675,Coastal Foods Ltd,Retail,SMB,29100.0,7,Proposal,0.58,1,1,1,1,1,2,8,2.0,0.58,Closed Won
D0676,Helix Diagnostics,Logistics,SMB,67300.0,1,Discovery,0.63,0,1,0,0,0,3,2,19.2,0.59,Discovery
D0676,Helix Diagnostics,Logistics,SMB,67300.0,2,Discovery,0.73,0,1,1,0,1,3,5,30.2,0.65,Demo
D0676,Helix Diagnostics,Logistics,SMB,67300.0,3,Demo,0.63,0,1,1,0,1,1,11,4.5,0.59,Evaluation
D0676,Helix Diagnostics,Logistics,SMB,67300.0,4,Evaluation,0.59,0,1,1,1,1,1,7,37.1,0.57,Negotiation
D0676,Helix Diagnostics,Logistics,SMB,67300.0,5,Negotiation,0.62,1,1,1,1,1,3,7,21.5,0.59,Proposal
D0676,Helix Diagnostics,Logistics,SMB,67300.0,6,Proposal,0.73,1,1,1,1,1,1,6,74.4,0.65,Closed Won
D0677,Solstice Media,Retail,SMB,59400.0,1,Discovery,0.59,0,0,1,0,1,3,3,2.0,0.48,Demo
D0677,Solstice Media,Retail,SMB,59400.0,2,Demo,0.66,0,0,1,0,1,4,9,10.6,0.53,Evaluation
D0678,Apex Cloud Systems,Education,SMB,69200.0,1,Discovery,0.83,0,0,1,0,1,4,5,6.4,0.82,Demo
D0678,Apex Cloud Systems,Education,SMB,69200.0,2,Demo,0.89,0,0,1,1,1,1,2,22.7,0.85,Evaluation
D0678,Apex Cloud Systems,Education,SMB,69200.0,3,Evaluation,0.86,0,0,1,1,1,3,14,25.7,0.83,Negotiation
D0678,Apex Cloud Systems,Education,SMB,69200.0,4,Negotiation,0.81,0,0,1,1,1,1,10,2.0,0.8,Proposal
D0678,Apex Cloud Systems,Education,SMB,69200.0,5,Proposal,0.8,0,0,1,1,1,2,8,13.0,0.8,Closed Won
D0679,Coastal Foods Ltd,Education,SMB,61400.0,1,Discovery,0.49,0,0,0,0,0,3,1,26.9,0.4,Discovery
D0679,Coastal Foods Ltd,Education,SMB,61400.0,2,Discovery,0.38,0,0,1,0,0,3,7,17.4,0.34,Discovery
D0679,Coastal Foods Ltd,Education,SMB,61400.0,3,Discovery,0.44,0,1,1,1,1,1,12,102.2,0.37,Demo
D0679,Coastal Foods Ltd,Education,SMB,61400.0,4,Demo,0.4,0,1,1,1,1,3,7,66.5,0.35,Evaluation
D0679,Coastal Foods Ltd,Education,SMB,61400.0,5,Evaluation,0.38,1,1,1,1,1,4,1,45.2,0.34,Negotiation
D0679,Coastal Foods Ltd,Education,SMB,61400.0,6,Negotiation,0.34,1,2,1,1,1,3,8,47.4,0.31,Proposal
D0679,Coastal Foods Ltd,Education,SMB,61400.0,7,Proposal,0.25,1,2,1,1,1,3,11,23.4,0.26,Proposal
D0679,Coastal Foods Ltd,Education,SMB,61400.0,8,Proposal,0.33,1,2,1,1,1,1,2,96.1,0.31,Lost
D0680,Cobalt Freight,Manufacturing,Mid-Market,143900.0,1,Discovery,0.61,0,0,1,0,1,3,4,27.0,0.6,Demo
D0680,Cobalt Freight,Manufacturing,Mid-Market,143900.0,2,Demo,0.6,0,0,1,1,1,4,6,29.7,0.6,Evaluation
D0680,Cobalt Freight,Manufacturing,Mid-Market,143900.0,3,Evaluation,0.61,0,0,1,1,1,1,12,45.0,0.6,Negotiation
D0680,Cobalt Freight,Manufacturing,Mid-Market,143900.0,4,Negotiation,0.67,0,1,1,1,1,1,3,7.3,0.64,Proposal
D0680,Cobalt Freight,Manufacturing,Mid-Market,143900.0,5,Proposal,0.69,0,2,1,1,1,4,10,37.4,0.65,Proposal
D0680,Cobalt Freight,Manufacturing,Mid-Market,143900.0,6,Proposal,0.6,1,2,1,1,1,2,13,4.9,0.6,Closed Won
D0681,Aegis Software,Manufacturing,SMB,59700.0,1,Discovery,0.68,0,0,1,0,1,3,1,7.8,0.72,Demo
D0681,Aegis Software,Manufacturing,SMB,59700.0,2,Demo,0.74,1,0,1,0,1,3,14,7.6,0.75,Evaluation
D0681,Aegis Software,Manufacturing,SMB,59700.0,3,Evaluation,0.77,1,0,1,1,1,3,2,71.1,0.77,Negotiation
D0681,Aegis Software,Manufacturing,SMB,59700.0,4,Negotiation,0.85,1,0,1,1,1,1,7,35.9,0.82,Proposal
D0681,Aegis Software,Manufacturing,SMB,59700.0,5,Proposal,0.95,1,1,1,1,1,2,7,22.3,0.88,Proposal
D0681,Aegis Software,Manufacturing,SMB,59700.0,6,Proposal,0.93,1,1,1,1,1,1,5,24.0,0.87,Closed Won
D0682,Helix Diagnostics,Logistics,Startup,21500.0,1,Discovery,0.81,0,0,0,0,0,3,3,17.6,0.74,Demo
D0682,Helix Diagnostics,Logistics,Startup,21500.0,2,Demo,0.73,0,0,0,1,1,1,14,62.8,0.7,Evaluation
D0682,Helix Diagnostics,Logistics,Startup,21500.0,3,Evaluation,0.77,1,0,0,1,1,4,3,14.6,0.72,Negotiation
D0683,BrightPath Logistics,Logistics,Mid-Market,116300.0,1,Discovery,0.75,1,0,1,0,1,4,1,4.3,0.67,Demo
D0683,BrightPath Logistics,Logistics,Mid-Market,116300.0,2,Demo,0.77,1,0,1,1,1,2,10,37.4,0.68,Evaluation
D0684,Acuity Networks,Manufacturing,SMB,41000.0,1,Discovery,0.59,0,1,0,0,1,3,3,9.3,0.65,Demo
D0684,Acuity Networks,Manufacturing,SMB,41000.0,2,Demo,0.53,1,1,0,1,1,4,4,2.0,0.61,Evaluation
D0684,Acuity Networks,Manufacturing,SMB,41000.0,3,Evaluation,0.63,1,1,0,1,1,1,3,35.0,0.67,Negotiation
D0684,Acuity Networks,Manufacturing,SMB,41000.0,4,Negotiation,0.55,1,1,0,1,1,4,8,2.0,0.63,Proposal
D0684,Acuity Networks,Manufacturing,SMB,41000.0,5,Proposal,0.6,1,1,0,1,1,3,4,23.3,0.66,Closed Won
D0685,Solstice Media,Logistics,SMB,47700.0,1,Discovery,0.49,0,0,0,0,0,2,3,117.8,0.43,Lost
D0686,Frontier FinCorp,Retail,Enterprise,197500.0,1,Discovery,0.35,0,0,1,0,0,3,4,18.7,0.35,Discovery
D0686,Frontier FinCorp,Retail,Enterprise,197500.0,2,Discovery,0.36,0,0,1,1,0,2,3,8.7,0.36,Demo
D0686,Frontier FinCorp,Retail,Enterprise,197500.0,3,Demo,0.33,0,0,1,1,0,3,10,39.7,0.34,Demo
D0687,Helix Diagnostics,Logistics,Startup,13200.0,1,Discovery,0.65,1,0,1,0,1,4,3,28.4,0.51,Demo
D0687,Helix Diagnostics,Logistics,Startup,13200.0,2,Demo,0.69,1,0,1,1,1,1,8,122.7,0.53,Evaluation
D0687,Helix Diagnostics,Logistics,Startup,13200.0,3,Evaluation,0.66,2,0,1,1,1,3,4,2.0,0.52,Negotiation
D0687,Helix Diagnostics,Logistics,Startup,13200.0,4,Negotiation,0.62,2,1,1,1,1,4,4,25.3,0.49,Lost
D0688,Synthetix Labs,Retail,Startup,10100.0,1,Discovery,0.36,0,0,1,0,1,1,1,37.5,0.38,Discovery
D0688,Synthetix Labs,Retail,Startup,10100.0,2,Discovery,0.37,0,0,1,1,1,1,10,58.7,0.39,Demo
D0688,Synthetix Labs,Retail,Startup,10100.0,3,Demo,0.37,0,0,1,1,1,2,7,5.8,0.39,Evaluation
D0688,Synthetix Labs,Retail,Startup,10100.0,4,Evaluation,0.32,0,1,1,1,1,4,13,47.6,0.36,Negotiation
D0688,Synthetix Labs,Retail,Startup,10100.0,5,Negotiation,0.18,0,1,1,1,1,3,4,23.8,0.27,Proposal
D0688,Synthetix Labs,Retail,Startup,10100.0,6,Proposal,0.12,0,1,1,1,1,4,1,14.9,0.24,Closed Won
D0689,Everline Retail,Education,Startup,8200.0,1,Discovery,0.58,0,0,1,0,1,2,3,4.5,0.49,Demo
D0689,Everline Retail,Education,Startup,8200.0,2,Demo,0.62,0,0,1,1,1,3,4,64.1,0.52,Evaluation
D0690,Zenith Textiles,Logistics,Startup,20300.0,1,Discovery,0.84,0,0,1,0,1,3,4,8.0,0.76,Demo
D0690,Zenith Textiles,Logistics,Startup,20300.0,2,Demo,0.95,1,0,1,0,1,2,6,7.4,0.82,Evaluation
D0690,Zenith Textiles,Logistics,Startup,20300.0,3,Evaluation,0.96,1,0,1,1,1,1,12,44.3,0.83,Negotiation
D0690,Zenith Textiles,Logistics,Startup,20300.0,4,Negotiation,0.9,1,0,1,1,1,1,2,24.1,0.79,Proposal
D0691,Beacon Robotics,Financial Services,Mid-Market,74700.0,1,Discovery,0.55,0,0,1,0,1,3,4,8.7,0.49,Demo
D0691,Beacon Robotics,Financial Services,Mid-Market,74700.0,2,Demo,0.42,0,1,1,1,1,2,4,29.4,0.41,Evaluation
D0691,Beacon Robotics,Financial Services,Mid-Market,74700.0,3,Evaluation,0.27,0,1,1,1,1,3,13,25.4,0.32,Negotiation
D0691,Beacon Robotics,Financial Services,Mid-Market,74700.0,4,Negotiation,0.28,0,1,1,1,1,2,6,53.7,0.33,Lost
D0692,Synthetix Labs,Logistics,SMB,40000.0,1,Discovery,0.58,0,0,1,0,1,3,1,92.6,0.45,Discovery
D0692,Synthetix Labs,Logistics,SMB,40000.0,2,Discovery,0.48,1,1,1,0,1,2,4,2.0,0.39,Discovery
D0692,Synthetix Labs,Logistics,SMB,40000.0,3,Discovery,0.54,1,1,1,1,1,1,7,43.9,0.43,Demo
D0692,Synthetix Labs,Logistics,SMB,40000.0,4,Demo,0.51,1,2,1,1,1,1,1,2.1,0.41,Evaluation
D0693,Helix Diagnostics,Retail,Startup,10500.0,1,Discovery,0.41,1,0,0,0,0,4,5,12.5,0.36,Lost
D0694,Synthetix Labs,Logistics,Startup,30800.0,1,Discovery,0.68,0,0,1,0,0,4,4,8.3,0.65,Demo
D0694,Synthetix Labs,Logistics,Startup,30800.0,2,Demo,0.76,0,0,1,1,1,2,13,9.9,0.69,Evaluation
D0694,Synthetix Labs,Logistics,Startup,30800.0,3,Evaluation,0.79,0,0,1,1,1,4,1,22.1,0.71,Negotiation
D0694,Synthetix Labs,Logistics,Startup,30800.0,4,Negotiation,0.71,0,0,1,1,1,1,11,9.2,0.66,Proposal
D0694,Synthetix Labs,Logistics,Startup,30800.0,5,Proposal,0.82,1,1,1,1,1,2,7,30.0,0.73,Proposal
D0694,Synthetix Labs,Logistics,Startup,30800.0,6,Proposal,0.81,2,1,1,1,1,2,2,11.8,0.72,Closed Won
D0695,NexGen Health,Technology,SMB,61700.0,1,Discovery,0.83,0,1,0,0,1,3,4,2.0,0.76,Demo
D0695,NexGen Health,Technology,SMB,61700.0,2,Demo,0.81,0,2,0,0,1,2,9,32.3,0.75,Evaluation
D0695,NexGen Health,Technology,SMB,61700.0,3,Evaluation,0.77,0,2,0,0,1,3,4,7.1,0.72,Negotiation
D0695,NexGen Health,Technology,SMB,61700.0,4,Negotiation,0.86,0,3,0,0,1,2,10,11.9,0.78,Proposal
D0695,NexGen Health,Technology,SMB,61700.0,5,Proposal,0.79,0,3,0,0,1,1,12,24.4,0.74,Closed Won
D0696,Summit BioPharma,Technology,SMB,43400.0,1,Discovery,0.63,0,0,0,0,1,1,5,7.5,0.69,Demo
D0696,Summit BioPharma,Technology,SMB,43400.0,2,Demo,0.63,1,0,0,0,1,1,8,2.0,0.69,Evaluation
D0696,Summit BioPharma,Technology,SMB,43400.0,3,Evaluation,0.55,2,1,0,0,1,3,1,8.7,0.64,Evaluation
D0696,Summit BioPharma,Technology,SMB,43400.0,4,Evaluation,0.5,2,1,0,0,1,2,9,53.6,0.61,Evaluation
D0696,Summit BioPharma,Technology,SMB,43400.0,5,Evaluation,0.49,2,1,0,0,1,3,9,19.0,0.6,Evaluation
D0696,Summit BioPharma,Technology,SMB,43400.0,6,Evaluation,0.46,3,2,0,0,1,4,11,20.6,0.58,Evaluation
D0697,Coastal Foods Ltd,Healthcare,Startup,15100.0,1,Discovery,0.84,0,0,0,0,0,3,4,4.6,0.77,Demo
D0697,Coastal Foods Ltd,Healthcare,Startup,15100.0,2,Demo,0.81,0,1,0,1,1,1,2,11.2,0.76,Evaluation
D0697,Coastal Foods Ltd,Healthcare,Startup,15100.0,3,Evaluation,0.93,0,1,0,1,1,4,14,28.6,0.83,Negotiation
D0697,Coastal Foods Ltd,Healthcare,Startup,15100.0,4,Negotiation,0.84,0,2,0,1,1,1,7,2.2,0.77,Proposal
D0697,Coastal Foods Ltd,Healthcare,Startup,15100.0,5,Proposal,0.85,0,2,0,1,1,3,10,6.7,0.78,Proposal
D0697,Coastal Foods Ltd,Healthcare,Startup,15100.0,6,Proposal,0.84,0,2,0,1,1,1,2,6.7,0.77,Proposal
D0697,Coastal Foods Ltd,Healthcare,Startup,15100.0,7,Proposal,0.77,0,2,0,1,1,3,6,11.6,0.73,Closed Won
D0698,Cobalt Freight,Healthcare,Startup,26400.0,1,Discovery,0.38,1,0,0,0,0,2,1,134.5,0.36,Discovery
D0698,Cobalt Freight,Healthcare,Startup,26400.0,2,Discovery,0.28,1,0,0,0,0,2,7,2.4,0.3,Lost
D0699,Acuity Networks,Education,SMB,26700.0,1,Discovery,0.78,0,1,1,0,1,4,4,15.3,0.73,Demo
D0699,Acuity Networks,Education,SMB,26700.0,2,Demo,0.84,0,2,1,1,1,4,14,4.1,0.77,Evaluation
D0699,Acuity Networks,Education,SMB,26700.0,3,Evaluation,0.96,1,2,1,1,1,4,13,73.8,0.84,Negotiation
D0699,Acuity Networks,Education,SMB,26700.0,4,Negotiation,0.96,1,2,1,1,1,2,2,2.5,0.84,Proposal
D0699,Acuity Networks,Education,SMB,26700.0,5,Proposal,0.89,1,3,1,1,1,2,11,10.8,0.8,Closed Won
D0700,Pulse Dynamics,Manufacturing,SMB,26100.0,1,Discovery,0.51,1,0,0,0,0,3,4,37.6,0.48,Discovery
D0700,Pulse Dynamics,Manufacturing,SMB,26100.0,2,Discovery,0.52,2,1,0,0,0,3,7,34.3,0.49,Lost
D0701,Kestrel Instruments,Retail,Enterprise,180900.0,1,Discovery,0.58,0,0,0,0,1,4,5,13.8,0.56,Demo
D0701,Kestrel Instruments,Retail,Enterprise,180900.0,2,Demo,0.7,1,0,0,1,1,2,5,10.7,0.63,Evaluation
D0701,Kestrel Instruments,Retail,Enterprise,180900.0,3,Evaluation,0.74,2,0,0,1,1,3,3,12.7,0.65,Negotiation
D0701,Kestrel Instruments,Retail,Enterprise,180900.0,4,Negotiation,0.85,2,0,0,1,1,4,8,7.7,0.72,Proposal
D0701,Kestrel Instruments,Retail,Enterprise,180900.0,5,Proposal,0.95,3,1,0,1,1,1,3,5.8,0.78,Closed Won
D0702,OmniCommerce,Manufacturing,SMB,73200.0,1,Discovery,0.81,1,1,1,0,0,4,2,12.5,0.79,Discovery
D0702,OmniCommerce,Manufacturing,SMB,73200.0,2,Discovery,0.89,1,2,1,0,1,3,2,5.9,0.84,Demo
D0702,OmniCommerce,Manufacturing,SMB,73200.0,3,Demo,0.91,1,2,1,1,1,4,8,6.4,0.85,Evaluation
D0702,OmniCommerce,Manufacturing,SMB,73200.0,4,Evaluation,0.92,1,3,1,1,1,1,9,20.2,0.85,Negotiation
D0702,OmniCommerce,Manufacturing,SMB,73200.0,5,Negotiation,0.96,1,3,1,1,1,1,6,65.3,0.88,Lost
D0703,Novus Capital,Retail,SMB,43300.0,1,Discovery,0.31,1,0,0,0,0,2,4,29.6,0.33,Discovery
D0703,Novus Capital,Retail,SMB,43300.0,2,Discovery,0.35,1,0,1,1,0,1,1,2.6,0.36,Discovery
D0703,Novus Capital,Retail,SMB,43300.0,3,Discovery,0.33,1,1,1,1,0,4,4,2.5,0.34,Discovery
D0703,Novus Capital,Retail,SMB,43300.0,4,Discovery,0.28,1,1,1,1,1,2,8,96.7,0.31,Discovery
D0703,Novus Capital,Retail,SMB,43300.0,5,Discovery,0.3,2,2,1,1,1,3,14,11.3,0.33,Demo
D0704,Vector Mobility,Retail,Mid-Market,62800.0,1,Discovery,0.42,0,0,0,0,1,1,1,34.5,0.36,Discovery
D0704,Vector Mobility,Retail,Mid-Market,62800.0,2,Discovery,0.47,1,0,0,0,1,2,12,36.8,0.39,Discovery
D0705,Frontier FinCorp,Manufacturing,Mid-Market,67700.0,1,Discovery,0.77,0,0,1,0,0,3,1,6.2,0.74,Demo
D0705,Frontier FinCorp,Manufacturing,Mid-Market,67700.0,2,Demo,0.71,0,0,1,1,1,3,8,2.0,0.71,Evaluation
D0705,Frontier FinCorp,Manufacturing,Mid-Market,67700.0,3,Evaluation,0.63,0,0,1,1,1,4,9,66.7,0.66,Negotiation
D0705,Frontier FinCorp,Manufacturing,Mid-Market,67700.0,4,Negotiation,0.74,0,0,1,1,1,2,9,5.7,0.73,Proposal
D0705,Frontier FinCorp,Manufacturing,Mid-Market,67700.0,5,Proposal,0.75,0,0,1,1,1,4,8,22.4,0.73,Proposal
D0705,Frontier FinCorp,Manufacturing,Mid-Market,67700.0,6,Proposal,0.72,0,0,1,1,1,3,5,24.4,0.71,Proposal
D0705,Frontier FinCorp,Manufacturing,Mid-Market,67700.0,7,Proposal,0.69,0,0,1,1,1,4,9,18.7,0.7,Closed Won
D0706,OmniCommerce,Education,SMB,69700.0,1,Discovery,0.55,0,0,0,0,1,1,2,7.3,0.62,Demo
D0706,OmniCommerce,Education,SMB,69700.0,2,Demo,0.61,0,0,0,1,1,3,3,6.2,0.65,Evaluation
D0706,OmniCommerce,Education,SMB,69700.0,3,Evaluation,0.62,1,0,0,1,1,3,10,17.8,0.66,Negotiation
D0706,OmniCommerce,Education,SMB,69700.0,4,Negotiation,0.73,1,0,0,1,1,3,3,39.3,0.73,Proposal
D0706,OmniCommerce,Education,SMB,69700.0,5,Proposal,0.68,1,0,0,1,1,2,14,57.4,0.7,Proposal
D0706,OmniCommerce,Education,SMB,69700.0,6,Proposal,0.72,2,0,0,1,1,1,4,2.2,0.72,Closed Won
D0707,Everline Retail,Logistics,SMB,48300.0,1,Discovery,0.45,0,0,0,0,1,2,4,6.5,0.38,Demo
D0707,Everline Retail,Logistics,SMB,48300.0,2,Demo,0.42,0,0,0,1,1,4,6,112.0,0.36,Lost
D0708,Veritas Analytics,Education,Startup,34400.0,1,Discovery,0.63,1,0,1,0,1,2,3,31.3,0.6,Demo
D0708,Veritas Analytics,Education,Startup,34400.0,2,Demo,0.66,2,1,1,0,1,4,12,50.4,0.62,Demo
D0708,Veritas Analytics,Education,Startup,34400.0,3,Demo,0.56,2,1,1,0,1,4,3,5.3,0.56,Demo
D0708,Veritas Analytics,Education,Startup,34400.0,4,Demo,0.65,2,1,1,1,1,1,3,20.8,0.62,Evaluation
D0708,Veritas Analytics,Education,Startup,34400.0,5,Evaluation,0.6,3,1,1,1,1,1,7,28.4,0.59,Negotiation
D0708,Veritas Analytics,Education,Startup,34400.0,6,Negotiation,0.64,3,1,1,1,1,3,6,26.8,0.61,Lost
D0709,Veritas Analytics,Retail,SMB,61200.0,1,Discovery,0.62,0,0,0,0,1,3,3,11.1,0.63,Demo
D0709,Veritas Analytics,Retail,SMB,61200.0,2,Demo,0.56,0,0,0,1,1,3,1,2.0,0.6,Evaluation
D0709,Veritas Analytics,Retail,SMB,61200.0,3,Evaluation,0.53,0,0,0,1,1,3,12,18.5,0.58,Negotiation
D0709,Veritas Analytics,Retail,SMB,61200.0,4,Negotiation,0.48,0,1,0,1,1,2,4,6.2,0.55,Proposal
D0709,Veritas Analytics,Retail,SMB,61200.0,5,Proposal,0.56,0,1,0,1,1,4,1,12.7,0.6,Closed Won
D0710,NexGen Health,Healthcare,SMB,30100.0,1,Discovery,0.49,1,1,0,0,0,1,3,112.1,0.42,Lost
D0711,Solstice Media,Technology,SMB,31300.0,1,Discovery,0.54,0,0,0,0,1,4,1,10.3,0.6,Demo
D0711,Solstice Media,Technology,SMB,31300.0,2,Demo,0.62,0,0,0,1,1,3,13,36.9,0.65,Evaluation
D0711,Solstice Media,Technology,SMB,31300.0,3,Evaluation,0.65,0,1,0,1,1,3,11,4.2,0.67,Negotiation
D0711,Solstice Media,Technology,SMB,31300.0,4,Negotiation,0.6,0,2,0,1,1,3,3,22.5,0.64,Proposal
D0711,Solstice Media,Technology,SMB,31300.0,5,Proposal,0.52,0,3,0,1,1,1,13,76.1,0.59,Lost
D0712,Novus Capital,Manufacturing,Enterprise,200300.0,1,Discovery,0.63,0,0,0,0,0,3,5,2.3,0.64,Discovery
D0712,Novus Capital,Manufacturing,Enterprise,200300.0,2,Discovery,0.74,0,1,0,0,1,4,12,2.0,0.7,Demo
D0712,Novus Capital,Manufacturing,Enterprise,200300.0,3,Demo,0.73,0,1,0,1,1,2,7,12.1,0.7,Evaluation
D0712,Novus Capital,Manufacturing,Enterprise,200300.0,4,Evaluation,0.65,0,1,0,1,1,4,1,2.1,0.65,Negotiation
D0712,Novus Capital,Manufacturing,Enterprise,200300.0,5,Negotiation,0.58,0,2,0,1,1,3,11,29.4,0.61,Proposal
D0712,Novus Capital,Manufacturing,Enterprise,200300.0,6,Proposal,0.54,0,2,0,1,1,1,14,52.4,0.58,Closed Won
D0713,Veritas Analytics,Financial Services,Mid-Market,110100.0,1,Discovery,0.43,0,0,0,0,1,4,4,16.7,0.42,Demo
D0713,Veritas Analytics,Financial Services,Mid-Market,110100.0,2,Demo,0.46,0,0,0,0,1,1,9,8.8,0.44,Evaluation
D0713,Veritas Analytics,Financial Services,Mid-Market,110100.0,3,Evaluation,0.42,0,0,0,0,1,1,7,16.7,0.42,Negotiation
D0713,Veritas Analytics,Financial Services,Mid-Market,110100.0,4,Negotiation,0.48,1,0,0,0,1,1,9,37.6,0.45,Negotiation
D0713,Veritas Analytics,Financial Services,Mid-Market,110100.0,5,Negotiation,0.45,1,0,0,0,1,1,11,2.0,0.44,Negotiation
D0713,Veritas Analytics,Financial Services,Mid-Market,110100.0,6,Negotiation,0.4,1,0,0,0,1,3,12,26.1,0.41,Negotiation
D0713,Veritas Analytics,Financial Services,Mid-Market,110100.0,7,Negotiation,0.34,1,0,0,0,1,1,10,27.8,0.37,Negotiation
D0714,NexGen Health,Education,Startup,25200.0,1,Discovery,0.7,1,0,1,0,1,4,3,6.8,0.63,Demo
D0714,NexGen Health,Education,Startup,25200.0,2,Demo,0.81,1,0,1,0,1,1,4,30.8,0.7,Evaluation
D0714,NexGen Health,Education,Startup,25200.0,3,Evaluation,0.75,1,0,1,1,1,3,9,2.4,0.66,Negotiation
D0714,NexGen Health,Education,Startup,25200.0,4,Negotiation,0.73,1,0,1,1,1,1,8,5.5,0.65,Proposal
D0714,NexGen Health,Education,Startup,25200.0,5,Proposal,0.83,1,0,1,1,1,4,9,51.6,0.71,Closed Won
D0715,Trident Tech,Manufacturing,SMB,42600.0,1,Discovery,0.79,0,0,1,0,0,3,2,31.6,0.7,Demo
D0715,Trident Tech,Manufacturing,SMB,42600.0,2,Demo,0.77,0,0,1,1,1,2,4,2.0,0.69,Evaluation
D0715,Trident Tech,Manufacturing,SMB,42600.0,3,Evaluation,0.67,0,0,1,1,1,2,6,6.7,0.63,Negotiation
D0715,Trident Tech,Manufacturing,SMB,42600.0,4,Negotiation,0.61,0,0,1,1,1,1,4,5.7,0.59,Proposal
D0715,Trident Tech,Manufacturing,SMB,42600.0,5,Proposal,0.53,0,1,1,1,1,1,7,7.4,0.54,Closed Won
D0716,Coastal Foods Ltd,Healthcare,Enterprise,339700.0,1,Discovery,0.22,0,0,1,0,0,3,1,8.9,0.28,Discovery
D0716,Coastal Foods Ltd,Healthcare,Enterprise,339700.0,2,Discovery,0.16,1,1,1,1,0,2,9,2.0,0.25,Discovery
D0716,Coastal Foods Ltd,Healthcare,Enterprise,339700.0,3,Discovery,0.14,1,2,1,1,1,2,1,19.3,0.23,Lost
D0717,Solstice Media,Healthcare,Mid-Market,121800.0,1,Discovery,0.58,0,0,1,0,0,1,3,44.3,0.48,Discovery
D0717,Solstice Media,Healthcare,Mid-Market,121800.0,2,Discovery,0.51,1,1,1,0,0,4,7,31.4,0.44,Discovery
D0718,Vector Mobility,Education,Enterprise,143500.0,1,Discovery,0.49,0,0,0,0,1,1,5,2.5,0.46,Demo
D0718,Vector Mobility,Education,Enterprise,143500.0,2,Demo,0.52,0,0,0,1,1,1,9,88.5,0.48,Evaluation
D0718,Vector Mobility,Education,Enterprise,143500.0,3,Evaluation,0.48,1,0,0,1,1,2,14,53.3,0.45,Negotiation
D0718,Vector Mobility,Education,Enterprise,143500.0,4,Negotiation,0.35,1,1,0,1,1,1,10,47.8,0.38,Lost
D0719,BlueShift AI,Financial Services,SMB,52600.0,1,Discovery,0.61,0,0,1,0,0,1,2,35.1,0.64,Discovery
D0719,BlueShift AI,Financial Services,SMB,52600.0,2,Discovery,0.52,0,0,1,1,1,2,7,54.8,0.59,Demo
D0719,BlueShift AI,Financial Services,SMB,52600.0,3,Demo,0.6,1,0,1,1,1,1,2,15.9,0.63,Evaluation
D0719,BlueShift AI,Financial Services,SMB,52600.0,4,Evaluation,0.52,1,1,1,1,1,1,5,4.5,0.59,Negotiation
D0720,Synthetix Labs,Technology,Mid-Market,140400.0,1,Discovery,0.66,0,0,0,0,0,2,4,31.8,0.62,Discovery
D0720,Synthetix Labs,Technology,Mid-Market,140400.0,2,Discovery,0.58,0,1,0,0,1,1,5,31.3,0.58,Demo
D0720,Synthetix Labs,Technology,Mid-Market,140400.0,3,Demo,0.48,0,2,0,0,1,1,2,17.2,0.52,Evaluation
D0720,Synthetix Labs,Technology,Mid-Market,140400.0,4,Evaluation,0.48,1,2,0,0,1,1,6,2.0,0.52,Negotiation
D0720,Synthetix Labs,Technology,Mid-Market,140400.0,5,Negotiation,0.47,1,2,0,0,1,1,10,10.9,0.51,Negotiation
D0720,Synthetix Labs,Technology,Mid-Market,140400.0,6,Negotiation,0.44,1,2,0,0,1,1,5,59.3,0.49,Negotiation
D0720,Synthetix Labs,Technology,Mid-Market,140400.0,7,Negotiation,0.42,2,2,0,0,1,2,8,20.5,0.48,Negotiation
D0721,Veritas Analytics,Manufacturing,Mid-Market,105500.0,1,Discovery,0.36,0,0,1,0,0,3,4,10.1,0.36,Discovery
D0721,Veritas Analytics,Manufacturing,Mid-Market,105500.0,2,Discovery,0.28,0,0,1,1,1,2,10,14.8,0.31,Demo
D0721,Veritas Analytics,Manufacturing,Mid-Market,105500.0,3,Demo,0.17,0,1,1,1,1,4,3,72.5,0.25,Evaluation
D0722,Pulse Dynamics,Technology,Mid-Market,63600.0,1,Discovery,0.59,1,1,1,0,1,3,3,67.0,0.44,Lost
D0723,Vanguard Supply,Retail,SMB,51100.0,1,Discovery,0.52,0,0,1,0,0,3,4,16.1,0.5,Discovery
D0723,Vanguard Supply,Retail,SMB,51100.0,2,Discovery,0.39,0,1,1,1,0,1,13,26.4,0.43,Demo
D0723,Vanguard Supply,Retail,SMB,51100.0,3,Demo,0.43,0,1,1,1,1,2,8,7.6,0.45,Evaluation
D0723,Vanguard Supply,Retail,SMB,51100.0,4,Evaluation,0.3,0,2,1,1,1,1,14,32.4,0.37,Negotiation
D0724,Kestrel Instruments,Manufacturing,SMB,54600.0,1,Discovery,0.36,0,0,0,0,0,3,5,15.7,0.4,Discovery
D0724,Kestrel Instruments,Manufacturing,SMB,54600.0,2,Discovery,0.29,0,0,1,1,0,2,3,28.2,0.36,Discovery
D0724,Kestrel Instruments,Manufacturing,SMB,54600.0,3,Discovery,0.19,1,0,1,1,0,1,1,74.1,0.3,Lost
D0725,Novus Capital,Financial Services,SMB,66600.0,1,Discovery,0.3,1,0,0,0,0,3,5,2.2,0.32,Discovery
D0725,Novus Capital,Financial Services,SMB,66600.0,2,Discovery,0.19,1,0,0,0,1,3,13,57.9,0.25,Discovery
D0725,Novus Capital,Financial Services,SMB,66600.0,3,Discovery,0.12,1,0,0,0,1,4,9,11.5,0.21,Lost
D0726,Aegis Software,Retail,Enterprise,209800.0,1,Discovery,0.43,0,0,1,0,1,1,3,11.0,0.56,Demo
D0726,Aegis Software,Retail,Enterprise,209800.0,2,Demo,0.45,0,0,1,1,1,1,12,2.0,0.57,Evaluation
D0726,Aegis Software,Retail,Enterprise,209800.0,3,Evaluation,0.47,0,0,1,1,1,3,4,6.7,0.59,Negotiation
D0726,Aegis Software,Retail,Enterprise,209800.0,4,Negotiation,0.44,0,0,1,1,1,4,10,13.1,0.57,Proposal
D0726,Aegis Software,Retail,Enterprise,209800.0,5,Proposal,0.37,0,0,1,1,1,1,8,2.0,0.53,Proposal
D0727,Helix Diagnostics,Technology,SMB,56100.0,1,Discovery,0.3,1,0,0,0,0,1,1,93.5,0.3,Discovery
D0727,Helix Diagnostics,Technology,SMB,56100.0,2,Discovery,0.17,1,0,0,0,0,3,9,4.0,0.22,Discovery
D0728,Veritas Analytics,Technology,Mid-Market,128700.0,1,Discovery,0.71,0,0,1,0,0,4,4,10.2,0.72,Demo
D0728,Veritas Analytics,Technology,Mid-Market,128700.0,2,Demo,0.75,0,0,1,1,0,4,2,20.5,0.74,Evaluation
D0728,Veritas Analytics,Technology,Mid-Market,128700.0,3,Evaluation,0.67,0,1,1,1,0,3,7,5.8,0.7,Negotiation
D0728,Veritas Analytics,Technology,Mid-Market,128700.0,4,Negotiation,0.79,0,1,1,1,1,2,9,3.3,0.77,Proposal
D0728,Veritas Analytics,Technology,Mid-Market,128700.0,5,Proposal,0.85,0,1,1,1,1,3,14,3.4,0.8,Proposal
D0728,Veritas Analytics,Technology,Mid-Market,128700.0,6,Proposal,0.8,0,1,1,1,1,2,3,2.0,0.77,Closed Won
D0729,Solstice Media,Logistics,Mid-Market,66600.0,1,Discovery,0.7,0,0,1,0,1,2,2,4.1,0.7,Demo
D0729,Solstice Media,Logistics,Mid-Market,66600.0,2,Demo,0.62,0,0,1,0,1,2,3,21.6,0.66,Evaluation
D0729,Solstice Media,Logistics,Mid-Market,66600.0,3,Evaluation,0.71,0,0,1,1,1,2,7,42.3,0.71,Negotiation
D0729,Solstice Media,Logistics,Mid-Market,66600.0,4,Negotiation,0.68,0,0,1,1,1,2,3,33.3,0.69,Proposal
D0729,Solstice Media,Logistics,Mid-Market,66600.0,5,Proposal,0.75,0,0,1,1,1,3,9,22.9,0.73,Proposal
D0729,Solstice Media,Logistics,Mid-Market,66600.0,6,Proposal,0.74,0,1,1,1,1,1,7,2.3,0.73,Closed Won
D0730,OmniCommerce,Financial Services,Startup,23200.0,1,Discovery,0.41,0,1,0,0,0,1,3,8.9,0.44,Discovery
D0730,OmniCommerce,Financial Services,Startup,23200.0,2,Discovery,0.48,1,1,1,1,1,1,8,9.7,0.48,Demo
D0730,OmniCommerce,Financial Services,Startup,23200.0,3,Demo,0.5,1,1,1,1,1,2,8,7.5,0.49,Evaluation
D0730,OmniCommerce,Financial Services,Startup,23200.0,4,Evaluation,0.42,1,2,1,1,1,2,4,19.0,0.45,Negotiation
D0731,Frontier FinCorp,Retail,Enterprise,192600.0,1,Discovery,0.54,0,0,0,0,1,3,2,13.1,0.49,Demo
D0731,Frontier FinCorp,Retail,Enterprise,192600.0,2,Demo,0.48,0,0,0,1,1,4,7,12.9,0.45,Evaluation
D0731,Frontier FinCorp,Retail,Enterprise,192600.0,3,Evaluation,0.46,0,0,0,1,1,4,11,52.2,0.44,Negotiation
D0731,Frontier FinCorp,Retail,Enterprise,192600.0,4,Negotiation,0.39,0,0,0,1,1,2,12,46.1,0.4,Proposal
D0731,Frontier FinCorp,Retail,Enterprise,192600.0,5,Proposal,0.46,0,1,0,1,1,1,4,10.9,0.44,Closed Won
D0732,Helix Diagnostics,Financial Services,Startup,20600.0,1,Discovery,0.69,0,0,1,0,1,4,1,45.2,0.72,Demo
D0732,Helix Diagnostics,Financial Services,Startup,20600.0,2,Demo,0.69,0,1,1,1,1,3,7,56.3,0.72,Evaluation
D0732,Helix Diagnostics,Financial Services,Startup,20600.0,3,Evaluation,0.69,0,2,1,1,1,1,1,7.3,0.72,Negotiation
D0733,Summit BioPharma,Logistics,SMB,28300.0,1,Discovery,0.51,0,0,0,0,1,1,3,16.4,0.54,Demo
D0733,Summit BioPharma,Logistics,SMB,28300.0,2,Demo,0.6,0,1,0,1,1,3,2,65.8,0.59,Evaluation
D0733,Summit BioPharma,Logistics,SMB,28300.0,3,Evaluation,0.53,0,1,0,1,1,1,4,48.6,0.55,Negotiation
D0733,Summit BioPharma,Logistics,SMB,28300.0,4,Negotiation,0.43,0,1,0,1,1,3,4,2.5,0.49,Proposal
D0733,Summit BioPharma,Logistics,SMB,28300.0,5,Proposal,0.37,0,1,0,1,1,3,4,11.6,0.45,Closed Won
D0734,Kestrel Instruments,Healthcare,SMB,74000.0,1,Discovery,0.68,0,0,0,0,1,1,5,16.9,0.67,Demo
D0734,Kestrel Instruments,Healthcare,SMB,74000.0,2,Demo,0.58,0,0,0,1,1,4,14,14.6,0.61,Evaluation
D0734,Kestrel Instruments,Healthcare,SMB,74000.0,3,Evaluation,0.48,1,1,0,1,1,1,4,4.5,0.55,Negotiation
D0734,Kestrel Instruments,Healthcare,SMB,74000.0,4,Negotiation,0.53,1,2,0,1,1,4,2,41.0,0.58,Lost
D0735,Kestrel Instruments,Logistics,SMB,26400.0,1,Discovery,0.23,0,1,1,0,0,3,4,34.0,0.3,Lost
D0736,Everline Retail,Technology,SMB,40900.0,1,Discovery,0.65,1,0,1,0,0,4,4,79.7,0.47,Discovery
D0736,Everline Retail,Technology,SMB,40900.0,2,Discovery,0.65,1,0,1,0,0,2,12,85.7,0.47,Lost
D0737,Vanguard Supply,Logistics,Startup,26900.0,1,Discovery,0.72,0,1,0,0,0,3,2,30.0,0.68,Discovery
D0737,Vanguard Supply,Logistics,Startup,26900.0,2,Discovery,0.8,0,1,0,0,0,3,2,12.6,0.73,Demo
D0737,Vanguard Supply,Logistics,Startup,26900.0,3,Demo,0.92,0,2,0,1,1,4,8,20.5,0.8,Evaluation
D0737,Vanguard Supply,Logistics,Startup,26900.0,4,Evaluation,0.94,1,2,0,1,1,1,5,3.8,0.82,Negotiation
D0737,Vanguard Supply,Logistics,Startup,26900.0,5,Negotiation,0.96,1,3,0,1,1,1,13,24.3,0.83,Proposal
D0738,Aegis Software,Manufacturing,Mid-Market,96400.0,1,Discovery,0.52,0,0,1,0,1,4,3,23.0,0.6,Demo
D0738,Aegis Software,Manufacturing,Mid-Market,96400.0,2,Demo,0.58,0,1,1,0,1,2,11,5.1,0.64,Evaluation
D0739,Skyward Aerospace,Technology,Startup,18500.0,1,Discovery,0.84,0,0,0,0,1,4,5,4.5,0.72,Demo
D0739,Skyward Aerospace,Technology,Startup,18500.0,2,Demo,0.91,0,0,0,1,1,2,3,2.0,0.76,Evaluation
D0739,Skyward Aerospace,Technology,Startup,18500.0,3,Evaluation,0.96,1,0,0,1,1,1,1,31.3,0.79,Negotiation
D0739,Skyward Aerospace,Technology,Startup,18500.0,4,Negotiation,0.95,1,0,0,1,1,2,3,32.5,0.78,Proposal
D0739,Skyward Aerospace,Technology,Startup,18500.0,5,Proposal,0.96,1,0,0,1,1,1,2,17.8,0.79,Closed Won
D0740,Vector Mobility,Education,SMB,48300.0,1,Discovery,0.76,0,0,1,0,0,2,1,4.1,0.69,Demo
D0740,Vector Mobility,Education,SMB,48300.0,2,Demo,0.8,0,0,1,1,0,2,14,2.0,0.71,Evaluation
D0740,Vector Mobility,Education,SMB,48300.0,3,Evaluation,0.8,0,0,1,1,0,1,7,2.0,0.71,Negotiation
D0740,Vector Mobility,Education,SMB,48300.0,4,Negotiation,0.8,0,0,1,1,0,2,12,4.2,0.71,Proposal
D0740,Vector Mobility,Education,SMB,48300.0,5,Proposal,0.84,0,0,1,1,0,3,8,51.1,0.74,Closed Won
D0741,Vanguard Supply,Manufacturing,SMB,70000.0,1,Discovery,0.62,1,1,1,0,0,4,1,6.3,0.61,Discovery
D0741,Vanguard Supply,Manufacturing,SMB,70000.0,2,Discovery,0.67,1,1,1,1,1,3,6,9.9,0.64,Demo
D0741,Vanguard Supply,Manufacturing,SMB,70000.0,3,Demo,0.7,1,2,1,1,1,3,1,2.5,0.66,Evaluation
D0741,Vanguard Supply,Manufacturing,SMB,70000.0,4,Evaluation,0.68,1,2,1,1,1,1,6,5.7,0.65,Negotiation
D0742,Kestrel Instruments,Financial Services,Startup,20900.0,1,Discovery,0.52,1,0,0,0,0,4,1,28.8,0.47,Discovery
D0742,Kestrel Instruments,Financial Services,Startup,20900.0,2,Discovery,0.41,1,0,0,0,1,4,8,8.7,0.4,Discovery
D0742,Kestrel Instruments,Financial Services,Startup,20900.0,3,Discovery,0.39,1,1,0,0,1,1,11,2.0,0.39,Discovery
D0743,Solstice Media,Healthcare,Enterprise,196600.0,1,Discovery,0.56,0,1,0,0,0,2,1,5.6,0.6,Discovery
D0743,Solstice Media,Healthcare,Enterprise,196600.0,2,Discovery,0.61,0,1,0,0,1,3,6,5.2,0.63,Demo
D0743,Solstice Media,Healthcare,Enterprise,196600.0,3,Demo,0.6,0,2,0,0,1,2,4,67.3,0.62,Evaluation
D0743,Solstice Media,Healthcare,Enterprise,196600.0,4,Evaluation,0.57,0,2,0,0,1,3,10,20.1,0.61,Negotiation
D0743,Solstice Media,Healthcare,Enterprise,196600.0,5,Negotiation,0.56,0,3,0,0,1,4,6,17.0,0.6,Proposal
D0743,Solstice Media,Healthcare,Enterprise,196600.0,6,Proposal,0.67,0,3,0,0,1,3,8,11.3,0.67,Proposal
D0743,Solstice Media,Healthcare,Enterprise,196600.0,7,Proposal,0.61,0,3,0,0,1,3,10,11.7,0.63,Closed Won
D0744,Pulse Dynamics,Logistics,SMB,72800.0,1,Discovery,0.46,0,0,1,0,0,4,1,28.7,0.39,Discovery
D0744,Pulse Dynamics,Logistics,SMB,72800.0,2,Discovery,0.39,1,0,1,0,1,2,3,43.9,0.35,Discovery
D0744,Pulse Dynamics,Logistics,SMB,72800.0,3,Discovery,0.25,1,0,1,1,1,1,11,44.6,0.27,Demo
D0744,Pulse Dynamics,Logistics,SMB,72800.0,4,Demo,0.28,1,0,1,1,1,3,4,6.9,0.28,Evaluation
D0744,Pulse Dynamics,Logistics,SMB,72800.0,5,Evaluation,0.26,1,0,1,1,1,2,5,25.5,0.27,Negotiation
D0744,Pulse Dynamics,Logistics,SMB,72800.0,6,Negotiation,0.3,1,0,1,1,1,1,10,19.6,0.3,Proposal
D0744,Pulse Dynamics,Logistics,SMB,72800.0,7,Proposal,0.25,1,0,1,1,1,4,7,75.3,0.27,Proposal
D0744,Pulse Dynamics,Logistics,SMB,72800.0,8,Proposal,0.18,2,0,1,1,1,2,1,36.8,0.22,Lost
D0745,Everline Retail,Retail,Mid-Market,63700.0,1,Discovery,0.54,0,0,0,0,1,3,1,17.4,0.56,Demo
D0745,Everline Retail,Retail,Mid-Market,63700.0,2,Demo,0.6,0,0,0,1,1,4,8,2.8,0.59,Evaluation
D0745,Everline Retail,Retail,Mid-Market,63700.0,3,Evaluation,0.63,0,0,0,1,1,2,9,21.3,0.61,Negotiation
D0745,Everline Retail,Retail,Mid-Market,63700.0,4,Negotiation,0.66,1,0,0,1,1,1,11,2.9,0.63,Proposal
D0745,Everline Retail,Retail,Mid-Market,63700.0,5,Proposal,0.6,2,1,0,1,1,1,2,9.4,0.59,Closed Won
D0746,Vector Mobility,Technology,Enterprise,149000.0,1,Discovery,0.52,1,0,1,0,0,3,4,5.7,0.43,Discovery
D0746,Vector Mobility,Technology,Enterprise,149000.0,2,Discovery,0.49,1,0,1,0,1,2,13,43.5,0.41,Discovery
D0746,Vector Mobility,Technology,Enterprise,149000.0,3,Discovery,0.55,1,0,1,0,1,1,12,8.5,0.44,Demo
D0747,Prime Packaging,Retail,Startup,23300.0,1,Discovery,0.63,0,0,1,0,0,4,3,45.7,0.65,Discovery
D0747,Prime Packaging,Retail,Startup,23300.0,2,Discovery,0.59,0,0,1,1,1,2,8,4.6,0.63,Demo
D0748,Vector Mobility,Technology,Enterprise,139900.0,1,Discovery,0.58,0,0,1,0,1,2,4,10.4,0.65,Demo
D0748,Vector Mobility,Technology,Enterprise,139900.0,2,Demo,0.58,1,0,1,0,1,2,13,2.0,0.65,Evaluation
D0748,Vector Mobility,Technology,Enterprise,139900.0,3,Evaluation,0.49,1,0,1,1,1,3,1,30.0,0.59,Negotiation
D0748,Vector Mobility,Technology,Enterprise,139900.0,4,Negotiation,0.61,2,0,1,1,1,4,7,2.0,0.66,Proposal
D0748,Vector Mobility,Technology,Enterprise,139900.0,5,Proposal,0.54,2,1,1,1,1,3,14,12.3,0.62,Lost
D0749,Aegis Software,Manufacturing,Startup,26500.0,1,Discovery,0.53,0,0,0,0,0,1,3,27.3,0.46,Discovery
D0749,Aegis Software,Manufacturing,Startup,26500.0,2,Discovery,0.56,0,0,1,1,0,1,5,32.8,0.47,Demo
D0749,Aegis Software,Manufacturing,Startup,26500.0,3,Demo,0.52,0,1,1,1,0,4,11,38.7,0.45,Evaluation
D0749,Aegis Software,Manufacturing,Startup,26500.0,4,Evaluation,0.5,0,1,1,1,1,1,2,9.7,0.44,Negotiation
D0750,Solstice Media,Technology,Startup,33000.0,1,Discovery,0.46,0,1,0,0,1,1,4,31.2,0.49,Demo
D0750,Solstice Media,Technology,Startup,33000.0,2,Demo,0.53,0,2,0,1,1,1,6,18.6,0.53,Evaluation
D0751,Veritas Analytics,Retail,SMB,56200.0,1,Discovery,0.69,0,0,0,0,1,2,3,40.7,0.64,Demo
D0751,Veritas Analytics,Retail,SMB,56200.0,2,Demo,0.63,1,0,0,0,1,3,5,43.8,0.6,Evaluation
D0751,Veritas Analytics,Retail,SMB,56200.0,3,Evaluation,0.54,1,0,0,0,1,1,5,15.7,0.55,Negotiation
D0751,Veritas Analytics,Retail,SMB,56200.0,4,Negotiation,0.54,1,1,0,0,1,3,13,9.6,0.55,Proposal
D0752,Atlas Energy,Education,Mid-Market,120800.0,1,Discovery,0.6,0,1,0,0,1,1,4,17.2,0.53,Demo
D0752,Atlas Energy,Education,Mid-Market,120800.0,2,Demo,0.57,0,1,0,0,1,1,5,5.8,0.51,Evaluation
D0753,Solstice Media,Financial Services,SMB,39200.0,1,Discovery,0.39,0,1,1,0,0,3,3,90.3,0.32,Discovery
D0753,Solstice Media,Financial Services,SMB,39200.0,2,Discovery,0.44,1,1,1,1,0,1,8,26.5,0.35,Discovery
D0753,Solstice Media,Financial Services,SMB,39200.0,3,Discovery,0.43,1,1,1,1,0,4,5,3.3,0.35,Discovery
D0753,Solstice Media,Financial Services,SMB,39200.0,4,Discovery,0.43,1,2,1,1,1,2,2,20.7,0.35,Demo
D0754,Vanguard Supply,Healthcare,SMB,73400.0,1,Discovery,0.41,0,0,1,0,1,3,3,59.9,0.44,Discovery
D0754,Vanguard Supply,Healthcare,SMB,73400.0,2,Discovery,0.48,0,0,1,1,1,1,13,5.9,0.49,Demo
D0754,Vanguard Supply,Healthcare,SMB,73400.0,3,Demo,0.55,0,0,1,1,1,3,5,2.0,0.53,Evaluation
D0755,Cobalt Freight,Healthcare,SMB,51800.0,1,Discovery,0.75,0,0,1,0,0,2,5,10.0,0.72,Demo
D0755,Cobalt Freight,Healthcare,SMB,51800.0,2,Demo,0.71,0,0,1,1,1,4,11,15.9,0.7,Evaluation
D0755,Cobalt Freight,Healthcare,SMB,51800.0,3,Evaluation,0.61,0,1,1,1,1,3,6,70.0,0.64,Negotiation
D0755,Cobalt Freight,Healthcare,SMB,51800.0,4,Negotiation,0.73,0,2,1,1,1,2,10,2.0,0.71,Proposal
D0756,Atlas Energy,Healthcare,SMB,69800.0,1,Discovery,0.63,1,0,0,0,1,3,3,2.0,0.58,Demo
D0756,Atlas Energy,Healthcare,SMB,69800.0,2,Demo,0.58,1,0,0,1,1,3,2,11.9,0.55,Evaluation
D0757,Vector Mobility,Manufacturing,Enterprise,143500.0,1,Discovery,0.43,0,0,1,0,1,2,3,24.3,0.35,Demo
D0757,Vector Mobility,Manufacturing,Enterprise,143500.0,2,Demo,0.39,0,0,1,1,1,4,11,251.0,0.32,Demo
D0757,Vector Mobility,Manufacturing,Enterprise,143500.0,3,Demo,0.4,0,1,1,1,1,2,7,35.0,0.33,Evaluation
D0757,Vector Mobility,Manufacturing,Enterprise,143500.0,4,Evaluation,0.34,0,2,1,1,1,2,8,16.6,0.29,Negotiation
D0757,Vector Mobility,Manufacturing,Enterprise,143500.0,5,Negotiation,0.31,0,2,1,1,1,3,2,10.6,0.27,Proposal
D0757,Vector Mobility,Manufacturing,Enterprise,143500.0,6,Proposal,0.37,0,3,1,1,1,2,7,18.4,0.31,Lost
D0758,Vector Mobility,Financial Services,Mid-Market,77600.0,1,Discovery,0.61,0,0,1,0,1,4,5,17.3,0.48,Demo
D0758,Vector Mobility,Financial Services,Mid-Market,77600.0,2,Demo,0.47,1,0,1,1,1,3,7,2.6,0.4,Evaluation
D0758,Vector Mobility,Financial Services,Mid-Market,77600.0,3,Evaluation,0.46,1,1,1,1,1,1,3,17.2,0.39,Negotiation
D0758,Vector Mobility,Financial Services,Mid-Market,77600.0,4,Negotiation,0.35,1,2,1,1,1,4,9,23.2,0.32,Lost
D0759,Vector Mobility,Retail,Enterprise,240300.0,1,Discovery,0.68,0,0,1,0,0,4,4,23.4,0.72,Discovery
D0759,Vector Mobility,Retail,Enterprise,240300.0,2,Discovery,0.63,1,0,1,0,0,4,3,19.5,0.69,Discovery
D0759,Vector Mobility,Retail,Enterprise,240300.0,3,Discovery,0.59,1,0,1,0,1,4,5,22.5,0.67,Demo
D0760,Pulse Dynamics,Manufacturing,Enterprise,159900.0,1,Discovery,0.78,1,1,1,0,0,4,4,4.5,0.78,Discovery
D0760,Pulse Dynamics,Manufacturing,Enterprise,159900.0,2,Discovery,0.76,1,2,1,0,0,4,12,20.1,0.76,Discovery
D0760,Pulse Dynamics,Manufacturing,Enterprise,159900.0,3,Discovery,0.73,1,2,1,1,1,1,8,12.2,0.75,Demo
D0761,Atlas Energy,Education,SMB,70800.0,1,Discovery,0.47,0,1,1,0,0,4,1,43.5,0.47,Discovery
D0761,Atlas Energy,Education,SMB,70800.0,2,Discovery,0.52,0,1,1,1,1,3,7,39.5,0.5,Demo
D0762,Skyward Aerospace,Retail,SMB,36400.0,1,Discovery,0.49,1,0,1,0,0,2,1,2.4,0.42,Lost
D0763,Vector Mobility,Retail,Enterprise,175000.0,1,Discovery,0.69,1,1,0,0,1,3,5,34.0,0.64,Demo
D0763,Vector Mobility,Retail,Enterprise,175000.0,2,Demo,0.8,1,2,0,1,1,2,6,20.5,0.71,Evaluation
D0763,Vector Mobility,Retail,Enterprise,175000.0,3,Evaluation,0.87,2,3,0,1,1,1,10,35.7,0.75,Lost
D0764,Pulse Dynamics,Healthcare,SMB,52500.0,1,Discovery,0.49,0,1,0,0,1,1,1,58.1,0.39,Discovery
D0764,Pulse Dynamics,Healthcare,SMB,52500.0,2,Discovery,0.46,0,1,1,1,1,2,13,67.7,0.37,Demo
D0764,Pulse Dynamics,Healthcare,SMB,52500.0,3,Demo,0.39,1,1,1,1,1,1,8,30.4,0.33,Evaluation
D0764,Pulse Dynamics,Healthcare,SMB,52500.0,4,Evaluation,0.33,1,1,1,1,1,3,10,6.3,0.29,Negotiation
D0764,Pulse Dynamics,Healthcare,SMB,52500.0,5,Negotiation,0.27,1,1,1,1,1,1,6,46.3,0.25,Proposal
D0764,Pulse Dynamics,Healthcare,SMB,52500.0,6,Proposal,0.25,2,1,1,1,1,1,11,40.4,0.24,Proposal
D0765,Skyward Aerospace,Education,SMB,73800.0,1,Discovery,0.51,0,1,0,0,0,1,3,6.7,0.43,Discovery
D0765,Skyward Aerospace,Education,SMB,73800.0,2,Discovery,0.55,0,2,1,1,1,4,6,7.8,0.45,Demo
D0766,Beacon Robotics,Healthcare,SMB,27800.0,1,Discovery,0.66,1,0,0,0,1,2,2,27.9,0.67,Demo
D0766,Beacon Robotics,Healthcare,SMB,27800.0,2,Demo,0.74,1,0,0,1,1,2,12,48.1,0.72,Evaluation
D0766,Beacon Robotics,Healthcare,SMB,27800.0,3,Evaluation,0.84,1,0,0,1,1,1,13,28.6,0.78,Negotiation
D0766,Beacon Robotics,Healthcare,SMB,27800.0,4,Negotiation,0.75,1,0,0,1,1,2,6,18.3,0.73,Proposal
D0767,Helix Diagnostics,Healthcare,Enterprise,194700.0,1,Discovery,0.54,1,0,0,0,0,1,5,61.5,0.5,Lost
D0768,Kestrel Instruments,Financial Services,Mid-Market,107300.0,1,Discovery,0.47,0,0,0,0,0,4,5,29.9,0.41,Discovery
D0768,Kestrel Instruments,Financial Services,Mid-Market,107300.0,2,Discovery,0.46,0,0,0,0,1,3,4,34.6,0.4,Demo
D0768,Kestrel Instruments,Financial Services,Mid-Market,107300.0,3,Demo,0.38,1,0,0,1,1,2,12,5.9,0.36,Evaluation
D0768,Kestrel Instruments,Financial Services,Mid-Market,107300.0,4,Evaluation,0.36,1,1,0,1,1,2,1,22.2,0.34,Negotiation
D0768,Kestrel Instruments,Financial Services,Mid-Market,107300.0,5,Negotiation,0.24,2,2,0,1,1,4,2,43.5,0.27,Negotiation
D0768,Kestrel Instruments,Financial Services,Mid-Market,107300.0,6,Negotiation,0.18,2,3,0,1,1,1,11,10.9,0.24,Negotiation
D0769,BlueShift AI,Retail,Startup,16100.0,1,Discovery,0.72,0,0,1,0,0,1,4,7.1,0.73,Demo
D0769,BlueShift AI,Retail,Startup,16100.0,2,Demo,0.78,0,1,1,1,1,4,2,5.2,0.77,Evaluation
D0769,BlueShift AI,Retail,Startup,16100.0,3,Evaluation,0.77,1,1,1,1,1,2,13,4.6,0.76,Negotiation
D0769,BlueShift AI,Retail,Startup,16100.0,4,Negotiation,0.85,1,1,1,1,1,1,8,10.4,0.81,Proposal
D0769,BlueShift AI,Retail,Startup,16100.0,5,Proposal,0.85,1,1,1,1,1,4,8,44.9,0.81,Closed Won
D0770,Synthetix Labs,Retail,Mid-Market,80900.0,1,Discovery,0.41,0,0,1,0,0,1,5,20.0,0.42,Discovery
D0770,Synthetix Labs,Retail,Mid-Market,80900.0,2,Discovery,0.35,0,0,1,0,0,4,13,5.9,0.38,Discovery
D0770,Synthetix Labs,Retail,Mid-Market,80900.0,3,Discovery,0.34,1,0,1,1,1,2,13,2.3,0.38,Demo
D0770,Synthetix Labs,Retail,Mid-Market,80900.0,4,Demo,0.37,1,1,1,1,1,4,14,33.7,0.4,Lost
D0771,Cobalt Freight,Technology,Startup,10900.0,1,Discovery,0.69,0,0,0,0,1,4,1,10.7,0.66,Demo
D0771,Cobalt Freight,Technology,Startup,10900.0,2,Demo,0.79,0,0,0,1,1,2,3,38.4,0.72,Evaluation
D0771,Cobalt Freight,Technology,Startup,10900.0,3,Evaluation,0.81,0,0,0,1,1,4,13,24.0,0.73,Negotiation
D0771,Cobalt Freight,Technology,Startup,10900.0,4,Negotiation,0.89,0,0,0,1,1,2,4,35.4,0.78,Proposal
D0771,Cobalt Freight,Technology,Startup,10900.0,5,Proposal,0.91,0,0,0,1,1,2,8,7.1,0.79,Proposal
D0771,Cobalt Freight,Technology,Startup,10900.0,6,Proposal,0.88,0,0,0,1,1,3,11,26.2,0.77,Proposal
D0772,Cascade Security,Education,Startup,28300.0,1,Discovery,0.59,0,1,1,0,0,4,2,76.7,0.54,Discovery
D0772,Cascade Security,Education,Startup,28300.0,2,Discovery,0.65,0,1,1,1,1,3,1,27.7,0.57,Demo
D0772,Cascade Security,Education,Startup,28300.0,3,Demo,0.68,1,2,1,1,1,4,5,10.7,0.59,Evaluation
D0772,Cascade Security,Education,Startup,28300.0,4,Evaluation,0.64,1,2,1,1,1,1,3,8.6,0.57,Negotiation
D0772,Cascade Security,Education,Startup,28300.0,5,Negotiation,0.67,1,3,1,1,1,1,1,5.8,0.58,Lost
D0773,BrightPath Logistics,Manufacturing,SMB,52200.0,1,Discovery,0.47,1,0,1,0,1,1,4,25.9,0.53,Discovery
D0773,BrightPath Logistics,Manufacturing,SMB,52200.0,2,Discovery,0.44,1,1,1,1,1,4,4,5.4,0.51,Demo
D0773,BrightPath Logistics,Manufacturing,SMB,52200.0,3,Demo,0.39,2,1,1,1,1,3,6,19.8,0.48,Evaluation
D0773,BrightPath Logistics,Manufacturing,SMB,52200.0,4,Evaluation,0.48,2,2,1,1,1,2,5,6.7,0.54,Negotiation
D0773,BrightPath Logistics,Manufacturing,SMB,52200.0,5,Negotiation,0.55,2,2,1,1,1,3,11,23.7,0.58,Lost
D0774,Pulse Dynamics,Technology,Enterprise,141300.0,1,Discovery,0.82,0,0,0,0,0,4,2,31.2,0.8,Demo
D0774,Pulse Dynamics,Technology,Enterprise,141300.0,2,Demo,0.88,0,0,0,1,0,2,5,27.8,0.84,Evaluation
D0774,Pulse Dynamics,Technology,Enterprise,141300.0,3,Evaluation,0.92,0,0,0,1,1,2,13,26.5,0.86,Negotiation
D0774,Pulse Dynamics,Technology,Enterprise,141300.0,4,Negotiation,0.92,0,0,0,1,1,1,14,3.8,0.86,Proposal
D0774,Pulse Dynamics,Technology,Enterprise,141300.0,5,Proposal,0.84,0,0,0,1,1,2,13,2.0,0.81,Proposal
D0774,Pulse Dynamics,Technology,Enterprise,141300.0,6,Proposal,0.91,1,0,0,1,1,1,6,22.2,0.86,Proposal
D0774,Pulse Dynamics,Technology,Enterprise,141300.0,7,Proposal,0.93,1,0,0,1,1,1,13,8.5,0.87,Closed Won
D0775,Novus Capital,Retail,Mid-Market,63400.0,1,Discovery,0.82,0,1,0,0,1,3,5,12.5,0.74,Demo
D0775,Novus Capital,Retail,Mid-Market,63400.0,2,Demo,0.78,0,1,0,1,1,3,10,2.0,0.71,Evaluation
D0775,Novus Capital,Retail,Mid-Market,63400.0,3,Evaluation,0.83,0,1,0,1,1,1,14,6.6,0.74,Negotiation
D0776,Everline Retail,Retail,Enterprise,290800.0,1,Discovery,0.83,0,0,1,0,1,2,4,38.1,0.82,Demo
D0776,Everline Retail,Retail,Enterprise,290800.0,2,Demo,0.85,0,0,1,1,1,2,10,5.0,0.83,Evaluation
D0776,Everline Retail,Retail,Enterprise,290800.0,3,Evaluation,0.77,0,0,1,1,1,2,14,14.7,0.78,Negotiation
D0776,Everline Retail,Retail,Enterprise,290800.0,4,Negotiation,0.69,0,0,1,1,1,1,11,2.0,0.73,Proposal
D0776,Everline Retail,Retail,Enterprise,290800.0,5,Proposal,0.75,0,1,1,1,1,3,11,19.8,0.77,Closed Won
D0777,Vanguard Supply,Education,Enterprise,337700.0,1,Discovery,0.55,0,0,0,0,0,2,3,9.5,0.55,Discovery
D0777,Vanguard Supply,Education,Enterprise,337700.0,2,Discovery,0.5,0,1,0,0,0,2,6,55.5,0.52,Lost
D0778,Beacon Robotics,Education,SMB,43000.0,1,Discovery,0.52,1,0,0,0,1,1,5,61.3,0.49,Discovery
D0778,Beacon Robotics,Education,SMB,43000.0,2,Discovery,0.57,1,0,1,1,1,4,12,11.0,0.52,Demo
D0778,Beacon Robotics,Education,SMB,43000.0,3,Demo,0.59,1,1,1,1,1,1,8,64.7,0.53,Lost
D0779,Novus Capital,Financial Services,Startup,34700.0,1,Discovery,0.68,0,0,1,0,0,3,3,212.3,0.52,Lost
D0780,Aegis Software,Financial Services,SMB,65000.0,1,Discovery,0.66,0,0,0,0,0,2,4,62.4,0.52,Discovery
D0780,Aegis Software,Financial Services,SMB,65000.0,2,Discovery,0.62,0,0,0,0,1,3,13,66.6,0.49,Demo
D0780,Aegis Software,Financial Services,SMB,65000.0,3,Demo,0.62,0,0,0,1,1,4,5,10.2,0.49,Evaluation
D0780,Aegis Software,Financial Services,SMB,65000.0,4,Evaluation,0.64,0,1,0,1,1,2,6,30.7,0.51,Negotiation
D0781,Atlas Energy,Technology,Mid-Market,126600.0,1,Discovery,0.37,0,1,0,0,0,3,4,2.8,0.4,Discovery
D0781,Atlas Energy,Technology,Mid-Market,126600.0,2,Discovery,0.24,0,2,1,1,0,4,6,189.3,0.32,Discovery
D0782,Aegis Software,Technology,SMB,50600.0,1,Discovery,0.62,0,0,1,0,1,2,4,29.6,0.63,Demo
D0782,Aegis Software,Technology,SMB,50600.0,2,Demo,0.59,1,0,1,1,1,2,9,35.2,0.61,Evaluation
D0782,Aegis Software,Technology,SMB,50600.0,3,Evaluation,0.59,1,1,1,1,1,4,8,41.8,0.61,Negotiation
D0782,Aegis Software,Technology,SMB,50600.0,4,Negotiation,0.58,1,1,1,1,1,3,5,129.5,0.6,Proposal
D0782,Aegis Software,Technology,SMB,50600.0,5,Proposal,0.61,1,1,1,1,1,2,2,5.9,0.62,Closed Won
D0783,Kestrel Instruments,Technology,Startup,17000.0,1,Discovery,0.39,0,1,1,0,0,2,4,2.0,0.35,Discovery
D0783,Kestrel Instruments,Technology,Startup,17000.0,2,Discovery,0.38,0,2,1,0,1,3,11,19.9,0.34,Discovery
D0783,Kestrel Instruments,Technology,Startup,17000.0,3,Discovery,0.28,0,2,1,1,1,1,12,5.2,0.28,Demo
D0783,Kestrel Instruments,Technology,Startup,17000.0,4,Demo,0.24,1,2,1,1,1,4,2,2.0,0.26,Lost
D0784,Solstice Media,Logistics,SMB,49100.0,1,Discovery,0.79,0,0,0,0,0,3,1,10.3,0.71,Demo
D0784,Solstice Media,Logistics,SMB,49100.0,2,Demo,0.81,1,1,0,1,1,2,4,35.3,0.72,Evaluation
D0784,Solstice Media,Logistics,SMB,49100.0,3,Evaluation,0.81,1,1,0,1,1,4,6,19.3,0.72,Negotiation
D0784,Solstice Media,Logistics,SMB,49100.0,4,Negotiation,0.76,2,1,0,1,1,2,13,8.7,0.69,Proposal
D0784,Solstice Media,Logistics,SMB,49100.0,5,Proposal,0.82,2,1,0,1,1,2,1,24.5,0.72,Proposal
D0784,Solstice Media,Logistics,SMB,49100.0,6,Proposal,0.77,2,2,0,1,1,1,1,6.1,0.69,Proposal
D0784,Solstice Media,Logistics,SMB,49100.0,7,Proposal,0.87,2,3,0,1,1,2,1,2.0,0.75,Lost
D0785,Everline Retail,Logistics,Mid-Market,148700.0,1,Discovery,0.48,0,0,1,0,0,1,4,36.7,0.49,Discovery
D0785,Everline Retail,Logistics,Mid-Market,148700.0,2,Discovery,0.59,0,0,1,1,0,2,8,24.8,0.56,Demo
D0785,Everline Retail,Logistics,Mid-Market,148700.0,3,Demo,0.69,0,0,1,1,1,1,11,36.5,0.62,Evaluation
D0785,Everline Retail,Logistics,Mid-Market,148700.0,4,Evaluation,0.77,0,0,1,1,1,4,11,2.0,0.67,Negotiation
D0785,Everline Retail,Logistics,Mid-Market,148700.0,5,Negotiation,0.81,0,1,1,1,1,1,3,46.1,0.69,Proposal
D0785,Everline Retail,Logistics,Mid-Market,148700.0,6,Proposal,0.81,0,1,1,1,1,4,3,24.5,0.69,Closed Won
D0786,Veritas Analytics,Retail,SMB,43100.0,1,Discovery,0.63,1,0,0,0,0,2,5,28.5,0.51,Discovery
D0786,Veritas Analytics,Retail,SMB,43100.0,2,Discovery,0.5,1,1,0,0,1,2,11,33.8,0.43,Discovery
D0786,Veritas Analytics,Retail,SMB,43100.0,3,Discovery,0.43,1,1,0,0,1,3,9,68.8,0.39,Lost
D0787,Skyward Aerospace,Logistics,Startup,17000.0,1,Discovery,0.69,0,0,0,0,0,4,5,25.0,0.59,Discovery
D0787,Skyward Aerospace,Logistics,Startup,17000.0,2,Discovery,0.6,0,0,1,0,0,4,8,24.6,0.54,Discovery
D0787,Skyward Aerospace,Logistics,Startup,17000.0,3,Discovery,0.48,1,1,1,1,0,3,9,132.0,0.46,Lost
D0788,Everline Retail,Manufacturing,SMB,63000.0,1,Discovery,0.4,0,0,1,0,0,4,2,46.7,0.38,Lost
D0789,Atlas Energy,Manufacturing,SMB,62200.0,1,Discovery,0.46,0,1,1,0,1,2,3,16.2,0.46,Demo
D0789,Atlas Energy,Manufacturing,SMB,62200.0,2,Demo,0.36,0,1,1,1,1,1,14,34.1,0.4,Evaluation
D0789,Atlas Energy,Manufacturing,SMB,62200.0,3,Evaluation,0.32,1,1,1,1,1,4,11,13.7,0.37,Negotiation
D0789,Atlas Energy,Manufacturing,SMB,62200.0,4,Negotiation,0.22,2,1,1,1,1,2,14,7.2,0.31,Negotiation
D0789,Atlas Energy,Manufacturing,SMB,62200.0,5,Negotiation,0.19,2,1,1,1,1,4,7,25.2,0.29,Negotiation
D0790,Cobalt Freight,Education,Mid-Market,148700.0,1,Discovery,0.77,1,0,1,0,0,3,5,61.3,0.69,Discovery
D0790,Cobalt Freight,Education,Mid-Market,148700.0,2,Discovery,0.79,2,0,1,1,0,1,13,9.7,0.7,Demo
D0790,Cobalt Freight,Education,Mid-Market,148700.0,3,Demo,0.9,3,0,1,1,1,3,1,17.4,0.77,Evaluation
D0791,Coastal Foods Ltd,Logistics,Mid-Market,149200.0,1,Discovery,0.67,0,0,0,0,1,1,5,118.3,0.65,Demo
D0791,Coastal Foods Ltd,Logistics,Mid-Market,149200.0,2,Demo,0.69,0,0,0,0,1,3,8,86.4,0.66,Evaluation
D0791,Coastal Foods Ltd,Logistics,Mid-Market,149200.0,3,Evaluation,0.72,0,0,0,0,1,4,4,22.8,0.68,Negotiation
D0792,Coastal Foods Ltd,Healthcare,Startup,21800.0,1,Discovery,0.7,0,0,1,0,0,3,4,30.4,0.64,Discovery
D0792,Coastal Foods Ltd,Healthcare,Startup,21800.0,2,Discovery,0.62,0,1,1,1,0,2,13,21.8,0.59,Demo
D0792,Coastal Foods Ltd,Healthcare,Startup,21800.0,3,Demo,0.64,0,2,1,1,1,4,6,2.0,0.6,Evaluation
D0792,Coastal Foods Ltd,Healthcare,Startup,21800.0,4,Evaluation,0.61,1,3,1,1,1,3,4,14.7,0.58,Negotiation
D0792,Coastal Foods Ltd,Healthcare,Startup,21800.0,5,Negotiation,0.64,1,3,1,1,1,4,4,27.2,0.6,Proposal
D0792,Coastal Foods Ltd,Healthcare,Startup,21800.0,6,Proposal,0.71,1,3,1,1,1,4,2,27.4,0.64,Proposal
D0792,Coastal Foods Ltd,Healthcare,Startup,21800.0,7,Proposal,0.81,1,3,1,1,1,3,7,11.3,0.7,Closed Won
D0793,Atlas Energy,Logistics,Startup,29300.0,1,Discovery,0.51,0,0,1,0,1,2,2,88.0,0.46,Discovery
D0793,Atlas Energy,Logistics,Startup,29300.0,2,Discovery,0.44,0,1,1,1,1,1,1,5.7,0.42,Demo
D0793,Atlas Energy,Logistics,Startup,29300.0,3,Demo,0.49,0,2,1,1,1,4,14,21.5,0.45,Evaluation
D0793,Atlas Energy,Logistics,Startup,29300.0,4,Evaluation,0.47,0,2,1,1,1,3,13,36.3,0.43,Negotiation
D0794,Novus Capital,Manufacturing,Startup,17600.0,1,Discovery,0.5,0,1,0,0,0,2,5,39.8,0.41,Discovery
D0794,Novus Capital,Manufacturing,Startup,17600.0,2,Discovery,0.4,0,1,1,1,1,4,11,12.3,0.35,Demo
D0795,Atlas Energy,Healthcare,Startup,11800.0,1,Discovery,0.58,0,0,1,0,0,2,2,21.2,0.61,Discovery
D0795,Atlas Energy,Healthcare,Startup,11800.0,2,Discovery,0.6,0,0,1,1,0,2,1,19.2,0.62,Demo
D0795,Atlas Energy,Healthcare,Startup,11800.0,3,Demo,0.65,1,1,1,1,1,2,7,4.1,0.65,Evaluation
D0795,Atlas Energy,Healthcare,Startup,11800.0,4,Evaluation,0.75,1,1,1,1,1,4,3,25.6,0.71,Negotiation
D0796,Beacon Robotics,Retail,Startup,25400.0,1,Discovery,0.61,0,1,0,0,0,2,2,27.3,0.58,Discovery
D0796,Beacon Robotics,Retail,Startup,25400.0,2,Discovery,0.52,0,1,1,0,0,3,6,45.1,0.52,Discovery
D0797,Cascade Security,Logistics,Mid-Market,144600.0,1,Discovery,0.54,0,0,0,0,1,1,4,2.0,0.43,Demo
D0797,Cascade Security,Logistics,Mid-Market,144600.0,2,Demo,0.39,0,0,0,1,1,2,6,58.7,0.34,Evaluation
D0798,Aegis Software,Technology,SMB,62400.0,1,Discovery,0.71,0,0,0,0,1,4,1,24.5,0.7,Demo
D0798,Aegis Software,Technology,SMB,62400.0,2,Demo,0.61,0,0,0,1,1,3,7,37.1,0.64,Evaluation
D0799,OmniCommerce,Retail,SMB,44900.0,1,Discovery,0.64,1,1,1,0,1,3,5,77.1,0.61,Discovery
D0799,OmniCommerce,Retail,SMB,44900.0,2,Discovery,0.58,1,1,1,1,1,3,1,18.3,0.57,Demo
D0799,OmniCommerce,Retail,SMB,44900.0,3,Demo,0.61,2,1,1,1,1,2,14,16.0,0.59,Evaluation
D0800,Cascade Security,Logistics,SMB,48500.0,1,Discovery,0.4,0,0,0,0,1,3,5,5.2,0.39,Demo
D0800,Cascade Security,Logistics,SMB,48500.0,2,Demo,0.43,0,0,0,0,1,4,10,26.6,0.41,Evaluation
D0800,Cascade Security,Logistics,SMB,48500.0,3,Evaluation,0.4,0,0,0,0,1,4,9,10.1,0.39,Negotiation
D0800,Cascade Security,Logistics,SMB,48500.0,4,Negotiation,0.43,0,0,0,0,1,4,5,79.4,0.41,Negotiation
D0800,Cascade Security,Logistics,SMB,48500.0,5,Negotiation,0.47,1,0,0,0,1,4,7,27.3,0.43,Negotiation
D0800,Cascade Security,Logistics,SMB,48500.0,6,Negotiation,0.4,1,1,0,0,1,4,12,28.1,0.39,Negotiation
D0800,Cascade Security,Logistics,SMB,48500.0,7,Negotiation,0.31,1,1,0,0,1,2,3,13.7,0.34,Negotiation
D0800,Cascade Security,Logistics,SMB,48500.0,8,Negotiation,0.16,1,1,0,0,1,2,6,2.0,0.25,Lost
D0801,Synthetix Labs,Financial Services,Mid-Market,90900.0,1,Discovery,0.42,0,1,0,0,1,3,1,2.0,0.43,Demo
D0801,Synthetix Labs,Financial Services,Mid-Market,90900.0,2,Demo,0.36,0,1,0,1,1,2,12,15.6,0.39,Evaluation
D0802,Apex Cloud Systems,Healthcare,Startup,27600.0,1,Discovery,0.64,0,0,0,0,0,3,2,20.3,0.63,Discovery
D0802,Apex Cloud Systems,Healthcare,Startup,27600.0,2,Discovery,0.59,0,0,1,1,0,1,12,46.3,0.6,Demo
D0803,Apex Cloud Systems,Logistics,Enterprise,130400.0,1,Discovery,0.49,0,0,1,0,1,2,5,39.6,0.41,Demo
D0803,Apex Cloud Systems,Logistics,Enterprise,130400.0,2,Demo,0.47,0,0,1,1,1,1,12,8.7,0.4,Evaluation
D0804,Kestrel Instruments,Retail,Mid-Market,127900.0,1,Discovery,0.46,0,0,0,0,1,3,3,63.4,0.44,Discovery
D0804,Kestrel Instruments,Retail,Mid-Market,127900.0,2,Discovery,0.38,0,0,1,0,1,2,9,6.4,0.39,Demo
D0804,Kestrel Instruments,Retail,Mid-Market,127900.0,3,Demo,0.39,1,0,1,1,1,2,3,39.0,0.4,Evaluation
D0804,Kestrel Instruments,Retail,Mid-Market,127900.0,4,Evaluation,0.32,1,0,1,1,1,2,13,9.8,0.36,Negotiation
D0804,Kestrel Instruments,Retail,Mid-Market,127900.0,5,Negotiation,0.28,2,0,1,1,1,2,9,47.3,0.33,Negotiation
D0805,Novus Capital,Logistics,Startup,24900.0,1,Discovery,0.43,0,0,0,0,0,4,2,2.0,0.41,Discovery
D0805,Novus Capital,Logistics,Startup,24900.0,2,Discovery,0.43,1,1,1,1,0,1,11,69.7,0.41,Lost
D0806,Kestrel Instruments,Retail,Startup,32900.0,1,Discovery,0.49,0,0,0,0,1,4,5,28.6,0.46,Demo
D0806,Kestrel Instruments,Retail,Startup,32900.0,2,Demo,0.53,0,1,0,1,1,4,2,106.4,0.48,Evaluation
D0806,Kestrel Instruments,Retail,Startup,32900.0,3,Evaluation,0.39,0,1,0,1,1,4,13,18.4,0.4,Negotiation
D0806,Kestrel Instruments,Retail,Startup,32900.0,4,Negotiation,0.31,0,1,0,1,1,1,1,55.2,0.35,Proposal
D0806,Kestrel Instruments,Retail,Startup,32900.0,5,Proposal,0.35,0,1,0,1,1,4,10,2.0,0.38,Proposal
D0806,Kestrel Instruments,Retail,Startup,32900.0,6,Proposal,0.41,0,2,0,1,1,1,11,12.0,0.41,Closed Won
D0807,Coastal Foods Ltd,Logistics,Enterprise,306100.0,1,Discovery,0.49,0,0,0,0,1,4,2,2.6,0.41,Demo
D0807,Coastal Foods Ltd,Logistics,Enterprise,306100.0,2,Demo,0.38,0,1,0,1,1,3,8,139.3,0.34,Lost
D0808,Vector Mobility,Financial Services,SMB,52800.0,1,Discovery,0.59,0,0,1,0,0,2,4,31.9,0.66,Discovery
D0808,Vector Mobility,Financial Services,SMB,52800.0,2,Discovery,0.55,0,0,1,1,1,2,9,36.0,0.63,Demo
D0808,Vector Mobility,Financial Services,SMB,52800.0,3,Demo,0.53,0,0,1,1,1,1,8,52.3,0.62,Evaluation
D0808,Vector Mobility,Financial Services,SMB,52800.0,4,Evaluation,0.62,0,1,1,1,1,1,1,2.0,0.68,Negotiation
D0808,Vector Mobility,Financial Services,SMB,52800.0,5,Negotiation,0.55,0,1,1,1,1,2,9,9.2,0.63,Proposal
D0809,Aegis Software,Retail,Startup,15100.0,1,Discovery,0.59,0,0,0,0,1,3,1,4.9,0.62,Demo
D0809,Aegis Software,Retail,Startup,15100.0,2,Demo,0.55,0,1,0,0,1,1,11,5.4,0.6,Evaluation
D0809,Aegis Software,Retail,Startup,15100.0,3,Evaluation,0.52,1,2,0,0,1,2,6,13.0,0.58,Negotiation
D0809,Aegis Software,Retail,Startup,15100.0,4,Negotiation,0.61,1,2,0,0,1,1,5,6.4,0.64,Proposal
D0809,Aegis Software,Retail,Startup,15100.0,5,Proposal,0.52,1,3,0,0,1,3,7,2.2,0.58,Closed Won
D0810,Beacon Robotics,Logistics,Startup,28400.0,1,Discovery,0.54,1,0,1,0,0,4,2,8.0,0.41,Discovery
D0810,Beacon Robotics,Logistics,Startup,28400.0,2,Discovery,0.44,1,0,1,1,1,3,12,7.0,0.35,Demo
D0810,Beacon Robotics,Logistics,Startup,28400.0,3,Demo,0.38,2,1,1,1,1,4,14,158.2,0.31,Demo
D0810,Beacon Robotics,Logistics,Startup,28400.0,4,Demo,0.42,2,2,1,1,1,3,8,62.3,0.34,Lost
D0811,Prime Packaging,Manufacturing,Enterprise,136800.0,1,Discovery,0.35,0,1,1,0,0,3,5,101.7,0.37,Lost
D0812,Kestrel Instruments,Retail,Mid-Market,71500.0,1,Discovery,0.49,0,1,1,0,1,2,1,11.3,0.58,Demo
D0812,Kestrel Instruments,Retail,Mid-Market,71500.0,2,Demo,0.45,0,1,1,1,1,2,12,6.4,0.56,Evaluation
D0813,BlueShift AI,Education,Mid-Market,142300.0,1,Discovery,0.71,0,0,1,0,0,1,3,7.9,0.7,Demo
D0813,BlueShift AI,Education,Mid-Market,142300.0,2,Demo,0.74,0,0,1,1,1,4,10,7.2,0.72,Evaluation
D0813,BlueShift AI,Education,Mid-Market,142300.0,3,Evaluation,0.69,0,0,1,1,1,1,7,5.3,0.69,Negotiation
D0813,BlueShift AI,Education,Mid-Market,142300.0,4,Negotiation,0.62,0,0,1,1,1,1,3,2.8,0.65,Proposal
D0813,BlueShift AI,Education,Mid-Market,142300.0,5,Proposal,0.6,0,0,1,1,1,3,5,6.0,0.64,Proposal
D0813,BlueShift AI,Education,Mid-Market,142300.0,6,Proposal,0.65,0,1,1,1,1,2,8,8.8,0.67,Closed Won
D0814,Veritas Analytics,Technology,Mid-Market,106700.0,1,Discovery,0.57,0,0,0,0,0,1,4,28.8,0.54,Discovery
D0814,Veritas Analytics,Technology,Mid-Market,106700.0,2,Discovery,0.56,0,0,0,0,1,4,9,2.0,0.54,Demo
D0814,Veritas Analytics,Technology,Mid-Market,106700.0,3,Demo,0.62,0,0,0,1,1,3,4,6.1,0.57,Evaluation
D0814,Veritas Analytics,Technology,Mid-Market,106700.0,4,Evaluation,0.7,0,0,0,1,1,3,10,42.6,0.62,Negotiation
D0814,Veritas Analytics,Technology,Mid-Market,106700.0,5,Negotiation,0.6,0,1,0,1,1,3,7,4.1,0.56,Proposal
D0814,Veritas Analytics,Technology,Mid-Market,106700.0,6,Proposal,0.63,0,1,0,1,1,4,8,10.8,0.58,Closed Won
D0815,BlueShift AI,Education,Enterprise,180700.0,1,Discovery,0.57,0,0,0,0,0,4,4,59.9,0.5,Discovery
D0815,BlueShift AI,Education,Enterprise,180700.0,2,Discovery,0.62,1,0,0,0,0,3,6,5.0,0.53,Discovery
D0815,BlueShift AI,Education,Enterprise,180700.0,3,Discovery,0.58,2,1,0,0,1,1,11,2.6,0.51,Discovery
D0815,BlueShift AI,Education,Enterprise,180700.0,4,Discovery,0.63,2,1,1,1,1,1,10,19.9,0.54,Demo
D0815,BlueShift AI,Education,Enterprise,180700.0,5,Demo,0.61,2,1,1,1,1,3,5,10.8,0.53,Evaluation
D0816,Atlas Energy,Healthcare,Startup,24400.0,1,Discovery,0.42,0,0,0,0,1,1,5,53.4,0.39,Discovery
D0816,Atlas Energy,Healthcare,Startup,24400.0,2,Discovery,0.34,1,0,1,1,1,3,1,4.8,0.34,Demo
D0816,Atlas Energy,Healthcare,Startup,24400.0,3,Demo,0.32,1,0,1,1,1,2,1,28.5,0.33,Evaluation
D0816,Atlas Energy,Healthcare,Startup,24400.0,4,Evaluation,0.23,1,0,1,1,1,2,4,23.1,0.28,Negotiation
D0816,Atlas Energy,Healthcare,Startup,24400.0,5,Negotiation,0.13,1,0,1,1,1,4,13,5.1,0.22,Proposal
D0816,Atlas Energy,Healthcare,Startup,24400.0,6,Proposal,0.15,1,0,1,1,1,4,13,32.1,0.23,Lost
D0817,Synthetix Labs,Technology,Startup,10400.0,1,Discovery,0.39,1,0,0,0,0,1,4,11.3,0.36,Discovery
D0817,Synthetix Labs,Technology,Startup,10400.0,2,Discovery,0.3,1,0,1,1,1,4,8,23.7,0.3,Demo
D0817,Synthetix Labs,Technology,Startup,10400.0,3,Demo,0.2,2,0,1,1,1,3,4,3.0,0.24,Lost
D0818,Kestrel Instruments,Manufacturing,Mid-Market,136900.0,1,Discovery,0.51,0,0,0,0,0,1,4,13.6,0.55,Discovery
D0818,Kestrel Instruments,Manufacturing,Mid-Market,136900.0,2,Discovery,0.54,0,0,1,0,1,1,8,8.1,0.57,Demo
D0818,Kestrel Instruments,Manufacturing,Mid-Market,136900.0,3,Demo,0.55,0,1,1,0,1,4,4,38.3,0.57,Evaluation
D0818,Kestrel Instruments,Manufacturing,Mid-Market,136900.0,4,Evaluation,0.47,0,1,1,1,1,3,5,2.0,0.53,Negotiation
D0818,Kestrel Instruments,Manufacturing,Mid-Market,136900.0,5,Negotiation,0.37,0,1,1,1,1,2,12,12.0,0.47,Proposal
D0819,Synthetix Labs,Retail,SMB,49800.0,1,Discovery,0.46,0,1,1,0,0,3,5,23.7,0.59,Discovery
D0819,Synthetix Labs,Retail,SMB,49800.0,2,Discovery,0.36,0,1,1,1,0,3,5,15.7,0.53,Demo
D0819,Synthetix Labs,Retail,SMB,49800.0,3,Demo,0.3,0,1,1,1,1,3,5,20.2,0.49,Evaluation
D0819,Synthetix Labs,Retail,SMB,49800.0,4,Evaluation,0.26,1,1,1,1,1,4,14,27.6,0.47,Negotiation
D0819,Synthetix Labs,Retail,SMB,49800.0,5,Negotiation,0.22,1,1,1,1,1,4,2,36.4,0.44,Lost
D0820,Vanguard Supply,Technology,SMB,57900.0,1,Discovery,0.77,1,0,0,0,0,2,1,7.2,0.76,Discovery
D0820,Vanguard Supply,Technology,SMB,57900.0,2,Discovery,0.85,2,1,1,1,0,3,14,14.8,0.81,Demo
D0820,Vanguard Supply,Technology,SMB,57900.0,3,Demo,0.83,2,1,1,1,1,1,11,35.1,0.79,Evaluation
D0820,Vanguard Supply,Technology,SMB,57900.0,4,Evaluation,0.94,2,1,1,1,1,1,4,87.1,0.86,Negotiation
D0820,Vanguard Supply,Technology,SMB,57900.0,5,Negotiation,0.9,2,1,1,1,1,2,1,42.2,0.84,Proposal
D0820,Vanguard Supply,Technology,SMB,57900.0,6,Proposal,0.83,2,2,1,1,1,1,13,8.9,0.79,Proposal
D0820,Vanguard Supply,Technology,SMB,57900.0,7,Proposal,0.79,2,3,1,1,1,3,10,4.2,0.77,Lost
D0821,Skyward Aerospace,Financial Services,Startup,9100.0,1,Discovery,0.73,0,1,1,0,0,1,2,12.1,0.76,Demo
D0821,Skyward Aerospace,Financial Services,Startup,9100.0,2,Demo,0.71,0,1,1,1,1,3,1,24.4,0.75,Evaluation
D0821,Skyward Aerospace,Financial Services,Startup,9100.0,3,Evaluation,0.77,0,1,1,1,1,4,13,12.2,0.78,Negotiation
D0821,Skyward Aerospace,Financial Services,Startup,9100.0,4,Negotiation,0.86,0,2,1,1,1,3,5,11.9,0.84,Proposal
D0821,Skyward Aerospace,Financial Services,Startup,9100.0,5,Proposal,0.82,0,2,1,1,1,2,9,32.9,0.81,Closed Won
D0822,Frontier FinCorp,Education,Enterprise,236000.0,1,Discovery,0.52,0,1,0,0,0,4,4,15.8,0.44,Discovery
D0822,Frontier FinCorp,Education,Enterprise,236000.0,2,Discovery,0.56,0,1,1,0,1,1,10,69.2,0.46,Demo
D0822,Frontier FinCorp,Education,Enterprise,236000.0,3,Demo,0.49,0,1,1,1,1,3,6,18.4,0.42,Evaluation
D0822,Frontier FinCorp,Education,Enterprise,236000.0,4,Evaluation,0.53,0,1,1,1,1,3,14,14.0,0.44,Negotiation
D0823,Solstice Media,Technology,SMB,67500.0,1,Discovery,0.61,0,0,1,0,1,2,3,34.2,0.59,Demo
D0823,Solstice Media,Technology,SMB,67500.0,2,Demo,0.68,0,0,1,1,1,2,12,3.2,0.63,Evaluation
D0823,Solstice Media,Technology,SMB,67500.0,3,Evaluation,0.64,0,1,1,1,1,4,8,5.2,0.61,Negotiation
D0823,Solstice Media,Technology,SMB,67500.0,4,Negotiation,0.72,1,1,1,1,1,1,12,71.9,0.65,Proposal
D0824,Veritas Analytics,Manufacturing,SMB,40500.0,1,Discovery,0.63,0,0,1,0,1,1,3,18.6,0.62,Demo
D0824,Veritas Analytics,Manufacturing,SMB,40500.0,2,Demo,0.54,0,0,1,1,1,4,14,19.2,0.57,Evaluation
D0824,Veritas Analytics,Manufacturing,SMB,40500.0,3,Evaluation,0.51,0,1,1,1,1,4,3,14.9,0.55,Negotiation
D0824,Veritas Analytics,Manufacturing,SMB,40500.0,4,Negotiation,0.5,0,1,1,1,1,2,13,22.9,0.55,Proposal
D0824,Veritas Analytics,Manufacturing,SMB,40500.0,5,Proposal,0.44,0,1,1,1,1,1,4,5.8,0.51,Closed Won
D0825,Helix Diagnostics,Education,Startup,17200.0,1,Discovery,0.67,0,0,1,0,0,3,3,14.8,0.71,Demo
D0825,Helix Diagnostics,Education,Startup,17200.0,2,Demo,0.65,0,1,1,1,1,1,3,8.6,0.7,Evaluation
D0825,Helix Diagnostics,Education,Startup,17200.0,3,Evaluation,0.67,0,1,1,1,1,4,11,20.0,0.71,Negotiation
D0825,Helix Diagnostics,Education,Startup,17200.0,4,Negotiation,0.58,0,1,1,1,1,3,13,2.8,0.66,Proposal
D0826,BrightPath Logistics,Logistics,Mid-Market,105700.0,1,Discovery,0.59,0,0,0,0,0,2,1,6.8,0.49,Discovery
D0826,BrightPath Logistics,Logistics,Mid-Market,105700.0,2,Discovery,0.62,1,0,0,0,1,3,9,10.9,0.51,Demo
D0826,BrightPath Logistics,Logistics,Mid-Market,105700.0,3,Demo,0.54,1,1,0,1,1,1,4,8.2,0.46,Evaluation
D0826,BrightPath Logistics,Logistics,Mid-Market,105700.0,4,Evaluation,0.61,1,1,0,1,1,2,1,6.7,0.5,Negotiation
D0826,BrightPath Logistics,Logistics,Mid-Market,105700.0,5,Negotiation,0.66,1,1,0,1,1,2,7,58.4,0.53,Proposal
D0826,BrightPath Logistics,Logistics,Mid-Market,105700.0,6,Proposal,0.52,1,1,0,1,1,4,9,11.2,0.45,Closed Won
D0827,Summit BioPharma,Financial Services,SMB,72600.0,1,Discovery,0.62,0,0,1,0,1,4,4,70.4,0.56,Demo
D0827,Summit BioPharma,Financial Services,SMB,72600.0,2,Demo,0.51,0,1,1,1,1,1,12,94.2,0.49,Evaluation
D0828,Vanguard Supply,Retail,Mid-Market,79400.0,1,Discovery,0.65,0,0,1,0,1,4,5,3.4,0.63,Demo
D0828,Vanguard Supply,Retail,Mid-Market,79400.0,2,Demo,0.67,0,0,1,1,1,4,12,10.4,0.65,Evaluation
D0828,Vanguard Supply,Retail,Mid-Market,79400.0,3,Evaluation,0.79,0,0,1,1,1,1,11,35.5,0.72,Negotiation
D0829,Apex Cloud Systems,Healthcare,Mid-Market,61000.0,1,Discovery,0.66,0,0,0,0,0,1,5,3.3,0.51,Discovery
D0829,Apex Cloud Systems,Healthcare,Mid-Market,61000.0,2,Discovery,0.74,0,1,1,0,0,4,7,29.8,0.56,Discovery
D0829,Apex Cloud Systems,Healthcare,Mid-Market,61000.0,3,Discovery,0.79,0,1,1,0,1,2,3,68.3,0.59,Demo
D0829,Apex Cloud Systems,Healthcare,Mid-Market,61000.0,4,Demo,0.69,0,2,1,1,1,3,3,58.2,0.53,Evaluation
D0829,Apex Cloud Systems,Healthcare,Mid-Market,61000.0,5,Evaluation,0.64,0,3,1,1,1,3,8,7.0,0.5,Negotiation
D0830,Kestrel Instruments,Manufacturing,Mid-Market,104900.0,1,Discovery,0.67,1,0,1,0,0,4,3,7.0,0.58,Discovery
D0830,Kestrel Instruments,Manufacturing,Mid-Market,104900.0,2,Discovery,0.58,1,0,1,1,1,4,3,6.9,0.52,Demo
D0830,Kestrel Instruments,Manufacturing,Mid-Market,104900.0,3,Demo,0.53,1,0,1,1,1,2,7,58.3,0.49,Evaluation
D0830,Kestrel Instruments,Manufacturing,Mid-Market,104900.0,4,Evaluation,0.54,1,1,1,1,1,3,4,8.1,0.5,Negotiation
D0830,Kestrel Instruments,Manufacturing,Mid-Market,104900.0,5,Negotiation,0.45,1,2,1,1,1,4,7,8.6,0.45,Lost
D0831,Atlas Energy,Technology,SMB,51400.0,1,Discovery,0.43,1,1,1,0,1,4,3,2.0,0.5,Discovery
D0831,Atlas Energy,Technology,SMB,51400.0,2,Discovery,0.53,1,1,1,0,1,2,5,45.9,0.56,Discovery
D0831,Atlas Energy,Technology,SMB,51400.0,3,Discovery,0.46,1,1,1,1,1,2,7,35.3,0.52,Lost
D0832,Everline Retail,Technology,SMB,71000.0,1,Discovery,0.66,0,0,1,0,1,4,1,21.0,0.65,Demo
D0832,Everline Retail,Technology,SMB,71000.0,2,Demo,0.63,0,0,1,1,1,3,14,29.5,0.64,Evaluation
D0832,Everline Retail,Technology,SMB,71000.0,3,Evaluation,0.74,0,0,1,1,1,4,3,3.5,0.7,Negotiation
D0832,Everline Retail,Technology,SMB,71000.0,4,Negotiation,0.71,0,1,1,1,1,3,13,13.0,0.68,Proposal
D0832,Everline Retail,Technology,SMB,71000.0,5,Proposal,0.64,0,1,1,1,1,1,14,9.2,0.64,Closed Won
D0833,BrightPath Logistics,Technology,SMB,32700.0,1,Discovery,0.65,1,1,1,0,0,4,5,2.0,0.68,Discovery
D0833,BrightPath Logistics,Technology,SMB,32700.0,2,Discovery,0.57,1,2,1,1,1,2,4,12.8,0.64,Demo
D0833,BrightPath Logistics,Technology,SMB,32700.0,3,Demo,0.49,1,3,1,1,1,4,7,48.9,0.59,Evaluation
D0834,Apex Cloud Systems,Technology,Mid-Market,100500.0,1,Discovery,0.61,0,0,1,0,1,3,4,6.6,0.66,Demo
D0834,Apex Cloud Systems,Technology,Mid-Market,100500.0,2,Demo,0.72,0,0,1,1,1,4,11,4.5,0.73,Evaluation
D0834,Apex Cloud Systems,Technology,Mid-Market,100500.0,3,Evaluation,0.72,0,0,1,1,1,1,13,5.2,0.73,Negotiation
D0834,Apex Cloud Systems,Technology,Mid-Market,100500.0,4,Negotiation,0.75,0,0,1,1,1,2,12,46.0,0.74,Proposal
D0834,Apex Cloud Systems,Technology,Mid-Market,100500.0,5,Proposal,0.78,0,0,1,1,1,2,4,12.2,0.76,Closed Won
D0835,BrightPath Logistics,Education,Enterprise,196100.0,1,Discovery,0.66,0,0,0,0,0,2,2,12.7,0.67,Discovery
D0835,BrightPath Logistics,Education,Enterprise,196100.0,2,Discovery,0.72,0,0,0,0,0,4,5,28.9,0.71,Discovery
D0835,BrightPath Logistics,Education,Enterprise,196100.0,3,Discovery,0.69,0,0,1,1,1,1,10,3.4,0.69,Demo
D0835,BrightPath Logistics,Education,Enterprise,196100.0,4,Demo,0.68,0,1,1,1,1,1,5,13.5,0.68,Evaluation
D0835,BrightPath Logistics,Education,Enterprise,196100.0,5,Evaluation,0.69,0,2,1,1,1,2,6,11.4,0.69,Negotiation
D0836,Beacon Robotics,Manufacturing,Startup,28800.0,1,Discovery,0.58,0,0,1,0,0,2,1,249.1,0.49,Lost
D0837,NexGen Health,Manufacturing,Mid-Market,147400.0,1,Discovery,0.55,0,0,0,0,0,2,2,52.6,0.45,Discovery
D0837,NexGen Health,Manufacturing,Mid-Market,147400.0,2,Discovery,0.54,0,1,1,1,1,3,14,18.2,0.44,Demo
D0837,NexGen Health,Manufacturing,Mid-Market,147400.0,3,Demo,0.55,0,1,1,1,1,2,8,63.1,0.45,Evaluation
D0837,NexGen Health,Manufacturing,Mid-Market,147400.0,4,Evaluation,0.53,0,1,1,1,1,3,12,6.7,0.44,Negotiation
D0837,NexGen Health,Manufacturing,Mid-Market,147400.0,5,Negotiation,0.49,0,1,1,1,1,1,4,2.0,0.41,Proposal
D0837,NexGen Health,Manufacturing,Mid-Market,147400.0,6,Proposal,0.54,1,1,1,1,1,3,9,8.2,0.44,Proposal
D0837,NexGen Health,Manufacturing,Mid-Market,147400.0,7,Proposal,0.59,1,1,1,1,1,3,12,14.9,0.47,Proposal
D0837,NexGen Health,Manufacturing,Mid-Market,147400.0,8,Proposal,0.64,1,1,1,1,1,3,14,25.6,0.5,Closed Won
D0838,Apex Cloud Systems,Logistics,Enterprise,161900.0,1,Discovery,0.63,0,0,0,0,0,1,4,36.9,0.48,Discovery
D0838,Apex Cloud Systems,Logistics,Enterprise,161900.0,2,Discovery,0.62,0,1,1,1,0,1,14,93.2,0.48,Demo
D0838,Apex Cloud Systems,Logistics,Enterprise,161900.0,3,Demo,0.47,1,1,1,1,0,4,4,27.5,0.39,Demo
D0838,Apex Cloud Systems,Logistics,Enterprise,161900.0,4,Demo,0.41,1,1,1,1,0,4,11,26.8,0.35,Lost
D0839,Zenith Textiles,Manufacturing,Enterprise,304500.0,1,Discovery,0.69,0,0,0,0,1,4,4,2.0,0.65,Demo
D0839,Zenith Textiles,Manufacturing,Enterprise,304500.0,2,Demo,0.73,0,0,0,0,1,2,9,2.0,0.68,Evaluation
D0839,Zenith Textiles,Manufacturing,Enterprise,304500.0,3,Evaluation,0.77,1,0,0,0,1,4,12,18.0,0.7,Negotiation
D0839,Zenith Textiles,Manufacturing,Enterprise,304500.0,4,Negotiation,0.89,1,0,0,0,1,3,10,13.0,0.77,Proposal
D0839,Zenith Textiles,Manufacturing,Enterprise,304500.0,5,Proposal,0.96,1,0,0,0,1,2,14,41.1,0.82,Proposal
D0839,Zenith Textiles,Manufacturing,Enterprise,304500.0,6,Proposal,0.96,1,0,0,0,1,4,6,3.9,0.82,Proposal
D0839,Zenith Textiles,Manufacturing,Enterprise,304500.0,7,Proposal,0.94,1,0,0,0,1,3,13,2.0,0.8,Closed Won
D0840,Frontier FinCorp,Technology,SMB,62400.0,1,Discovery,0.67,0,0,1,0,1,2,4,11.6,0.69,Demo
D0840,Frontier FinCorp,Technology,SMB,62400.0,2,Demo,0.76,0,1,1,0,1,4,9,5.3,0.75,Evaluation
D0840,Frontier FinCorp,Technology,SMB,62400.0,3,Evaluation,0.79,0,1,1,1,1,3,10,2.0,0.77,Negotiation
D0840,Frontier FinCorp,Technology,SMB,62400.0,4,Negotiation,0.82,0,1,1,1,1,4,10,25.0,0.78,Proposal
D0840,Frontier FinCorp,Technology,SMB,62400.0,5,Proposal,0.9,0,2,1,1,1,4,1,2.3,0.83,Closed Won
D0841,BrightPath Logistics,Financial Services,SMB,54300.0,1,Discovery,0.28,0,0,0,0,1,2,1,32.9,0.29,Discovery
D0841,BrightPath Logistics,Financial Services,SMB,54300.0,2,Discovery,0.22,0,0,0,0,1,4,11,11.6,0.26,Discovery
D0841,BrightPath Logistics,Financial Services,SMB,54300.0,3,Discovery,0.21,0,1,0,0,1,3,4,6.7,0.25,Discovery
D0841,BrightPath Logistics,Financial Services,SMB,54300.0,4,Discovery,0.26,0,1,1,1,1,4,5,16.7,0.28,Demo
D0841,BrightPath Logistics,Financial Services,SMB,54300.0,5,Demo,0.15,0,1,1,1,1,2,10,56.7,0.22,Lost
D0842,Atlas Energy,Healthcare,Startup,25400.0,1,Discovery,0.75,0,0,1,0,1,2,1,12.7,0.65,Demo
D0842,Atlas Energy,Healthcare,Startup,25400.0,2,Demo,0.76,0,0,1,1,1,1,13,35.4,0.66,Evaluation
D0842,Atlas Energy,Healthcare,Startup,25400.0,3,Evaluation,0.71,0,0,1,1,1,1,14,3.4,0.63,Negotiation
D0842,Atlas Energy,Healthcare,Startup,25400.0,4,Negotiation,0.76,0,1,1,1,1,3,11,37.8,0.66,Proposal
D0842,Atlas Energy,Healthcare,Startup,25400.0,5,Proposal,0.67,0,1,1,1,1,3,8,6.9,0.6,Closed Won
D0843,Coastal Foods Ltd,Logistics,Mid-Market,98100.0,1,Discovery,0.62,0,0,1,0,0,4,3,24.8,0.62,Discovery
D0843,Coastal Foods Ltd,Logistics,Mid-Market,98100.0,2,Discovery,0.69,0,0,1,0,1,4,14,18.3,0.66,Demo
D0843,Coastal Foods Ltd,Logistics,Mid-Market,98100.0,3,Demo,0.66,0,1,1,1,1,3,4,58.0,0.64,Evaluation
D0843,Coastal Foods Ltd,Logistics,Mid-Market,98100.0,4,Evaluation,0.75,0,1,1,1,1,4,14,10.7,0.7,Negotiation
D0844,Helix Diagnostics,Financial Services,SMB,69700.0,1,Discovery,0.64,0,0,1,0,0,2,2,2.0,0.61,Discovery
D0844,Helix Diagnostics,Financial Services,SMB,69700.0,2,Discovery,0.62,0,0,1,1,1,1,11,40.8,0.6,Demo
D0845,Solstice Media,Manufacturing,SMB,74500.0,1,Discovery,0.52,0,0,0,0,0,3,2,66.8,0.39,Lost
D0846,Trident Tech,Technology,SMB,68000.0,1,Discovery,0.8,0,0,1,0,0,3,2,5.7,0.74,Demo
D0846,Trident Tech,Technology,SMB,68000.0,2,Demo,0.88,0,0,1,1,1,3,14,9.0,0.79,Evaluation
D0846,Trident Tech,Technology,SMB,68000.0,3,Evaluation,0.82,0,1,1,1,1,1,4,2.0,0.75,Negotiation
D0847,Trident Tech,Logistics,Startup,17100.0,1,Discovery,0.25,1,0,1,0,0,3,5,45.0,0.25,Discovery
D0847,Trident Tech,Logistics,Startup,17100.0,2,Discovery,0.31,1,1,1,1,0,1,6,110.6,0.28,Discovery
D0847,Trident Tech,Logistics,Startup,17100.0,3,Discovery,0.29,1,1,1,1,0,1,9,12.6,0.27,Discovery
D0847,Trident Tech,Logistics,Startup,17100.0,4,Discovery,0.16,1,1,1,1,0,3,3,38.6,0.19,Lost
D0848,Atlas Energy,Financial Services,Enterprise,182200.0,1,Discovery,0.42,0,0,0,0,0,2,1,43.7,0.36,Lost
D0849,Everline Retail,Manufacturing,Enterprise,214800.0,1,Discovery,0.55,1,0,1,0,0,1,1,14.0,0.45,Discovery
D0849,Everline Retail,Manufacturing,Enterprise,214800.0,2,Discovery,0.44,1,1,1,0,0,4,9,68.9,0.38,Lost
D0850,Skyward Aerospace,Retail,SMB,58400.0,1,Discovery,0.71,0,0,1,0,1,3,3,54.6,0.73,Demo
D0850,Skyward Aerospace,Retail,SMB,58400.0,2,Demo,0.68,0,1,1,1,1,1,3,40.1,0.72,Evaluation
D0851,Pulse Dynamics,Manufacturing,Startup,14800.0,1,Discovery,0.67,0,1,1,0,0,3,2,7.1,0.65,Demo
D0851,Pulse Dynamics,Manufacturing,Startup,14800.0,2,Demo,0.69,1,2,1,1,1,2,13,7.2,0.67,Evaluation
D0852,Helix Diagnostics,Logistics,Mid-Market,135100.0,1,Discovery,0.68,0,0,0,0,1,4,4,2.0,0.61,Demo
D0852,Helix Diagnostics,Logistics,Mid-Market,135100.0,2,Demo,0.71,0,0,0,0,1,4,8,32.6,0.62,Evaluation
D0852,Helix Diagnostics,Logistics,Mid-Market,135100.0,3,Evaluation,0.76,0,0,0,0,1,1,14,31.7,0.65,Negotiation
D0852,Helix Diagnostics,Logistics,Mid-Market,135100.0,4,Negotiation,0.75,0,0,0,0,1,1,6,25.2,0.65,Proposal
D0852,Helix Diagnostics,Logistics,Mid-Market,135100.0,5,Proposal,0.63,1,0,0,0,1,4,14,119.4,0.58,Lost
D0853,Acuity Networks,Manufacturing,SMB,28200.0,1,Discovery,0.91,0,0,1,0,1,2,5,7.9,0.8,Demo
D0853,Acuity Networks,Manufacturing,SMB,28200.0,2,Demo,0.85,0,0,1,1,1,2,12,8.8,0.77,Evaluation
D0853,Acuity Networks,Manufacturing,SMB,28200.0,3,Evaluation,0.92,0,0,1,1,1,2,9,2.0,0.81,Negotiation
D0853,Acuity Networks,Manufacturing,SMB,28200.0,4,Negotiation,0.88,0,0,1,1,1,4,8,12.4,0.79,Proposal
D0853,Acuity Networks,Manufacturing,SMB,28200.0,5,Proposal,0.89,0,1,1,1,1,2,11,6.4,0.79,Closed Won
D0854,Atlas Energy,Healthcare,Startup,10200.0,1,Discovery,0.38,0,1,1,0,1,2,1,11.5,0.41,Demo
D0854,Atlas Energy,Healthcare,Startup,10200.0,2,Demo,0.41,0,1,1,1,1,1,8,49.4,0.43,Evaluation
D0854,Atlas Energy,Healthcare,Startup,10200.0,3,Evaluation,0.44,0,1,1,1,1,3,5,75.2,0.45,Negotiation
D0854,Atlas Energy,Healthcare,Startup,10200.0,4,Negotiation,0.34,0,1,1,1,1,4,8,5.6,0.39,Proposal
D0854,Atlas Energy,Healthcare,Startup,10200.0,5,Proposal,0.32,0,1,1,1,1,3,1,12.8,0.37,Proposal
D0854,Atlas Energy,Healthcare,Startup,10200.0,6,Proposal,0.36,0,2,1,1,1,2,5,72.5,0.4,Lost
D0855,Coastal Foods Ltd,Logistics,SMB,28400.0,1,Discovery,0.41,0,1,0,0,0,1,3,2.0,0.4,Discovery
D0855,Coastal Foods Ltd,Logistics,SMB,28400.0,2,Discovery,0.43,0,2,1,1,0,3,5,3.0,0.41,Demo
D0855,Coastal Foods Ltd,Logistics,SMB,28400.0,3,Demo,0.39,0,2,1,1,1,1,12,5.5,0.38,Evaluation
D0855,Coastal Foods Ltd,Logistics,SMB,28400.0,4,Evaluation,0.36,0,2,1,1,1,2,3,28.2,0.37,Negotiation
D0855,Coastal Foods Ltd,Logistics,SMB,28400.0,5,Negotiation,0.43,0,3,1,1,1,4,13,5.1,0.41,Proposal
D0855,Coastal Foods Ltd,Logistics,SMB,28400.0,6,Proposal,0.48,0,3,1,1,1,2,11,107.5,0.44,Proposal
D0855,Coastal Foods Ltd,Logistics,SMB,28400.0,7,Proposal,0.53,0,3,1,1,1,2,11,18.5,0.47,Closed Won
D0856,Apex Cloud Systems,Education,Startup,32400.0,1,Discovery,0.55,0,1,0,0,1,2,4,18.9,0.52,Demo
D0856,Apex Cloud Systems,Education,Startup,32400.0,2,Demo,0.52,0,1,0,1,1,2,14,7.7,0.5,Evaluation
D0856,Apex Cloud Systems,Education,Startup,32400.0,3,Evaluation,0.55,0,1,0,1,1,2,3,17.2,0.52,Negotiation
D0856,Apex Cloud Systems,Education,Startup,32400.0,4,Negotiation,0.52,0,1,0,1,1,3,10,29.4,0.5,Proposal
D0856,Apex Cloud Systems,Education,Startup,32400.0,5,Proposal,0.46,0,1,0,1,1,1,9,37.7,0.46,Closed Won
D0857,Coastal Foods Ltd,Technology,Startup,21500.0,1,Discovery,0.43,1,1,1,0,1,1,5,43.3,0.41,Discovery
D0857,Coastal Foods Ltd,Technology,Startup,21500.0,2,Discovery,0.48,1,1,1,1,1,2,8,26.6,0.44,Demo
D0857,Coastal Foods Ltd,Technology,Startup,21500.0,3,Demo,0.39,1,1,1,1,1,2,4,72.5,0.39,Evaluation
D0857,Coastal Foods Ltd,Technology,Startup,21500.0,4,Evaluation,0.43,1,1,1,1,1,3,5,52.5,0.41,Lost
D0858,BlueShift AI,Technology,Startup,25000.0,1,Discovery,0.44,0,0,0,0,0,3,3,54.6,0.37,Discovery
D0858,BlueShift AI,Technology,Startup,25000.0,2,Discovery,0.31,1,1,0,0,0,2,11,2.2,0.29,Discovery
D0859,BrightPath Logistics,Healthcare,SMB,48200.0,1,Discovery,0.5,0,1,0,0,0,2,1,9.6,0.4,Discovery
D0859,BrightPath Logistics,Healthcare,SMB,48200.0,2,Discovery,0.54,1,1,1,1,1,1,4,44.0,0.42,Demo
D0859,BrightPath Logistics,Healthcare,SMB,48200.0,3,Demo,0.61,1,1,1,1,1,4,2,21.4,0.46,Evaluation
D0860,Solstice Media,Financial Services,SMB,34600.0,1,Discovery,0.72,0,0,0,0,1,4,2,52.4,0.65,Demo
D0860,Solstice Media,Financial Services,SMB,34600.0,2,Demo,0.63,0,0,0,1,1,2,13,54.9,0.59,Evaluation
D0860,Solstice Media,Financial Services,SMB,34600.0,3,Evaluation,0.53,0,0,0,1,1,2,7,58.3,0.53,Negotiation
D0860,Solstice Media,Financial Services,SMB,34600.0,4,Negotiation,0.55,1,1,0,1,1,4,1,9.1,0.55,Proposal
D0860,Solstice Media,Financial Services,SMB,34600.0,5,Proposal,0.59,1,1,0,1,1,2,5,28.5,0.57,Proposal
D0860,Solstice Media,Financial Services,SMB,34600.0,6,Proposal,0.7,1,1,0,1,1,2,13,7.7,0.64,Closed Won
D0861,Atlas Energy,Logistics,SMB,48400.0,1,Discovery,0.57,0,0,1,0,0,2,5,3.9,0.65,Discovery
D0861,Atlas Energy,Logistics,SMB,48400.0,2,Discovery,0.61,0,0,1,1,1,4,1,3.7,0.68,Demo
D0861,Atlas Energy,Logistics,SMB,48400.0,3,Demo,0.61,0,1,1,1,1,1,8,7.7,0.68,Evaluation
D0861,Atlas Energy,Logistics,SMB,48400.0,4,Evaluation,0.71,0,2,1,1,1,4,11,10.3,0.74,Negotiation
D0861,Atlas Energy,Logistics,SMB,48400.0,5,Negotiation,0.67,1,2,1,1,1,3,12,32.6,0.71,Proposal
D0861,Atlas Energy,Logistics,SMB,48400.0,6,Proposal,0.72,1,2,1,1,1,2,7,2.3,0.74,Closed Won
D0862,Acuity Networks,Retail,Startup,29700.0,1,Discovery,0.69,0,0,1,0,1,2,1,24.2,0.73,Demo
D0862,Acuity Networks,Retail,Startup,29700.0,2,Demo,0.76,0,0,1,1,1,1,4,13.8,0.77,Evaluation
D0862,Acuity Networks,Retail,Startup,29700.0,3,Evaluation,0.83,0,0,1,1,1,4,10,6.2,0.81,Negotiation
D0862,Acuity Networks,Retail,Startup,29700.0,4,Negotiation,0.83,0,1,1,1,1,1,11,12.4,0.81,Proposal
D0862,Acuity Networks,Retail,Startup,29700.0,5,Proposal,0.92,1,2,1,1,1,2,10,6.5,0.87,Closed Won
D0863,Skyward Aerospace,Healthcare,Startup,21800.0,1,Discovery,0.49,0,0,0,0,0,1,2,19.0,0.56,Discovery
D0863,Skyward Aerospace,Healthcare,Startup,21800.0,2,Discovery,0.44,0,1,1,1,1,1,13,11.9,0.53,Demo
D0863,Skyward Aerospace,Healthcare,Startup,21800.0,3,Demo,0.44,1,1,1,1,1,4,4,3.8,0.53,Evaluation
D0863,Skyward Aerospace,Healthcare,Startup,21800.0,4,Evaluation,0.36,1,2,1,1,1,3,1,2.6,0.48,Lost
D0864,Everline Retail,Logistics,Startup,24000.0,1,Discovery,0.63,0,0,1,0,1,4,1,15.0,0.68,Demo
D0864,Everline Retail,Logistics,Startup,24000.0,2,Demo,0.67,1,0,1,1,1,1,13,44.0,0.7,Evaluation
D0865,Vanguard Supply,Logistics,Startup,28900.0,1,Discovery,0.29,0,1,1,0,1,3,3,50.4,0.28,Discovery
D0865,Vanguard Supply,Logistics,Startup,28900.0,2,Discovery,0.18,0,1,1,1,1,3,14,41.0,0.22,Demo
D0865,Vanguard Supply,Logistics,Startup,28900.0,3,Demo,0.23,0,1,1,1,1,3,12,102.3,0.25,Lost
D0866,Coastal Foods Ltd,Healthcare,Mid-Market,73400.0,1,Discovery,0.58,0,0,0,0,0,1,3,50.9,0.51,Discovery
D0866,Coastal Foods Ltd,Healthcare,Mid-Market,73400.0,2,Discovery,0.55,1,0,1,0,0,1,3,24.7,0.49,Discovery
D0866,Coastal Foods Ltd,Healthcare,Mid-Market,73400.0,3,Discovery,0.48,1,0,1,1,0,4,11,31.7,0.45,Discovery
D0866,Coastal Foods Ltd,Healthcare,Mid-Market,73400.0,4,Discovery,0.39,1,0,1,1,1,4,5,67.6,0.4,Demo
D0867,Cascade Security,Healthcare,SMB,52300.0,1,Discovery,0.59,0,0,0,0,0,3,3,15.0,0.46,Discovery
D0867,Cascade Security,Healthcare,SMB,52300.0,2,Discovery,0.57,0,0,0,0,0,3,9,2.0,0.45,Discovery
D0867,Cascade Security,Healthcare,SMB,52300.0,3,Discovery,0.64,1,0,1,0,1,1,3,66.3,0.49,Discovery
D0867,Cascade Security,Healthcare,SMB,52300.0,4,Discovery,0.64,1,1,1,1,1,2,12,61.1,0.49,Demo
D0867,Cascade Security,Healthcare,SMB,52300.0,5,Demo,0.64,1,2,1,1,1,4,5,4.2,0.49,Evaluation
D0867,Cascade Security,Healthcare,SMB,52300.0,6,Evaluation,0.54,2,2,1,1,1,1,13,32.6,0.43,Negotiation
D0867,Cascade Security,Healthcare,SMB,52300.0,7,Negotiation,0.55,2,2,1,1,1,2,11,23.6,0.44,Proposal
D0867,Cascade Security,Healthcare,SMB,52300.0,8,Proposal,0.44,2,2,1,1,1,3,9,4.8,0.37,Closed Won
D0868,Kestrel Instruments,Education,SMB,70500.0,1,Discovery,0.51,0,0,0,0,1,3,3,95.6,0.52,Discovery
D0868,Kestrel Instruments,Education,SMB,70500.0,2,Discovery,0.6,0,0,0,0,1,2,8,5.9,0.58,Demo
D0868,Kestrel Instruments,Education,SMB,70500.0,3,Demo,0.56,0,0,0,1,1,2,13,2.0,0.55,Evaluation
D0868,Kestrel Instruments,Education,SMB,70500.0,4,Evaluation,0.61,0,0,0,1,1,2,1,21.9,0.58,Negotiation
D0868,Kestrel Instruments,Education,SMB,70500.0,5,Negotiation,0.57,0,0,0,1,1,4,3,32.6,0.56,Proposal
D0868,Kestrel Instruments,Education,SMB,70500.0,6,Proposal,0.55,1,0,0,1,1,3,1,2.0,0.55,Closed Won
D0869,Beacon Robotics,Retail,Startup,10100.0,1,Discovery,0.39,1,0,0,0,0,2,2,40.9,0.34,Discovery
D0869,Beacon Robotics,Retail,Startup,10100.0,2,Discovery,0.29,1,0,1,0,1,2,9,28.9,0.28,Discovery
D0870,Novus Capital,Education,Startup,19900.0,1,Discovery,0.53,0,1,1,0,0,2,5,3.5,0.63,Discovery
D0870,Novus Capital,Education,Startup,19900.0,2,Discovery,0.56,1,1,1,1,1,2,8,15.4,0.65,Demo
D0870,Novus Capital,Education,Startup,19900.0,3,Demo,0.48,1,1,1,1,1,4,13,6.5,0.6,Evaluation
D0870,Novus Capital,Education,Startup,19900.0,4,Evaluation,0.5,1,2,1,1,1,4,6,51.3,0.61,Lost
D0871,Beacon Robotics,Retail,Startup,26000.0,1,Discovery,0.44,0,0,0,0,1,2,5,41.5,0.48,Demo
D0871,Beacon Robotics,Retail,Startup,26000.0,2,Demo,0.45,0,0,0,0,1,4,3,99.8,0.49,Demo
D0871,Beacon Robotics,Retail,Startup,26000.0,3,Demo,0.49,0,0,0,1,1,2,1,7.3,0.51,Evaluation
D0871,Beacon Robotics,Retail,Startup,26000.0,4,Evaluation,0.39,0,0,0,1,1,1,12,85.0,0.45,Negotiation
D0872,Cascade Security,Financial Services,Mid-Market,157500.0,1,Discovery,0.59,1,0,0,0,1,4,3,12.6,0.52,Demo
D0872,Cascade Security,Financial Services,Mid-Market,157500.0,2,Demo,0.45,1,0,0,0,1,4,10,2.0,0.43,Demo
D0872,Cascade Security,Financial Services,Mid-Market,157500.0,3,Demo,0.4,1,1,0,1,1,2,3,2.0,0.4,Evaluation
D0873,Everline Retail,Healthcare,Enterprise,130800.0,1,Discovery,0.66,0,0,1,0,0,4,3,15.6,0.6,Discovery
D0873,Everline Retail,Healthcare,Enterprise,130800.0,2,Discovery,0.61,0,1,1,1,0,1,10,6.5,0.57,Demo
D0873,Everline Retail,Healthcare,Enterprise,130800.0,3,Demo,0.53,1,1,1,1,1,3,7,24.2,0.52,Evaluation
D0873,Everline Retail,Healthcare,Enterprise,130800.0,4,Evaluation,0.49,1,1,1,1,1,3,2,7.4,0.5,Negotiation
D0873,Everline Retail,Healthcare,Enterprise,130800.0,5,Negotiation,0.42,1,1,1,1,1,3,11,21.9,0.46,Proposal
D0873,Everline Retail,Healthcare,Enterprise,130800.0,6,Proposal,0.52,1,1,1,1,1,4,8,11.3,0.52,Closed Won
D0874,Kestrel Instruments,Logistics,Mid-Market,97800.0,1,Discovery,0.52,0,0,0,0,0,4,5,56.4,0.45,Discovery
D0874,Kestrel Instruments,Logistics,Mid-Market,97800.0,2,Discovery,0.59,1,0,1,1,0,3,6,55.9,0.5,Discovery
D0875,Beacon Robotics,Financial Services,Enterprise,169800.0,1,Discovery,0.64,0,0,0,0,1,2,3,11.4,0.58,Demo
D0875,Beacon Robotics,Financial Services,Enterprise,169800.0,2,Demo,0.55,1,0,0,0,1,2,9,11.9,0.52,Evaluation
D0876,Synthetix Labs,Retail,SMB,64300.0,1,Discovery,0.52,0,0,0,0,0,2,5,14.1,0.43,Discovery
D0876,Synthetix Labs,Retail,SMB,64300.0,2,Discovery,0.46,0,1,1,1,1,2,12,8.3,0.4,Demo
D0876,Synthetix Labs,Retail,SMB,64300.0,3,Demo,0.39,0,1,1,1,1,2,8,3.1,0.36,Evaluation
D0876,Synthetix Labs,Retail,SMB,64300.0,4,Evaluation,0.42,1,2,1,1,1,3,11,22.3,0.37,Negotiation
D0876,Synthetix Labs,Retail,SMB,64300.0,5,Negotiation,0.36,1,2,1,1,1,1,1,23.4,0.34,Proposal
D0876,Synthetix Labs,Retail,SMB,64300.0,6,Proposal,0.3,1,2,1,1,1,2,12,65.3,0.3,Closed Won
D0877,Cascade Security,Manufacturing,SMB,71800.0,1,Discovery,0.39,0,1,0,0,1,4,4,8.0,0.38,Demo
D0877,Cascade Security,Manufacturing,SMB,71800.0,2,Demo,0.34,0,2,0,0,1,3,8,15.4,0.35,Demo
D0877,Cascade Security,Manufacturing,SMB,71800.0,3,Demo,0.26,0,2,0,0,1,3,1,53.1,0.3,Demo
D0877,Cascade Security,Manufacturing,SMB,71800.0,4,Demo,0.32,0,2,0,1,1,4,4,55.8,0.34,Lost
D0878,OmniCommerce,Retail,SMB,68700.0,1,Discovery,0.7,0,0,0,0,1,1,3,9.3,0.72,Demo
D0878,OmniCommerce,Retail,SMB,68700.0,2,Demo,0.64,0,1,0,1,1,2,9,11.7,0.68,Evaluation
D0878,OmniCommerce,Retail,SMB,68700.0,3,Evaluation,0.7,0,1,0,1,1,3,9,6.9,0.72,Negotiation
D0878,OmniCommerce,Retail,SMB,68700.0,4,Negotiation,0.64,1,1,0,1,1,4,10,51.4,0.68,Proposal
D0878,OmniCommerce,Retail,SMB,68700.0,5,Proposal,0.67,1,1,0,1,1,2,11,2.4,0.7,Proposal
D0878,OmniCommerce,Retail,SMB,68700.0,6,Proposal,0.67,1,2,0,1,1,2,14,51.8,0.7,Closed Won
D0879,Apex Cloud Systems,Logistics,Mid-Market,88900.0,1,Discovery,0.5,1,1,1,0,0,4,3,36.8,0.45,Discovery
D0879,Apex Cloud Systems,Logistics,Mid-Market,88900.0,2,Discovery,0.44,1,1,1,1,0,3,1,24.2,0.41,Discovery
D0879,Apex Cloud Systems,Logistics,Mid-Market,88900.0,3,Discovery,0.46,1,1,1,1,0,3,5,2.0,0.42,Demo
D0879,Apex Cloud Systems,Logistics,Mid-Market,88900.0,4,Demo,0.4,1,1,1,1,1,4,6,20.6,0.39,Evaluation
D0879,Apex Cloud Systems,Logistics,Mid-Market,88900.0,5,Evaluation,0.4,1,1,1,1,1,3,9,16.7,0.39,Negotiation
D0879,Apex Cloud Systems,Logistics,Mid-Market,88900.0,6,Negotiation,0.33,1,2,1,1,1,4,10,5.6,0.34,Lost
D0880,Veritas Analytics,Financial Services,SMB,51500.0,1,Discovery,0.7,0,0,1,0,0,4,2,25.4,0.64,Discovery
D0880,Veritas Analytics,Financial Services,SMB,51500.0,2,Discovery,0.77,0,0,1,1,0,3,9,84.4,0.68,Demo
D0880,Veritas Analytics,Financial Services,SMB,51500.0,3,Demo,0.76,1,1,1,1,1,4,4,19.7,0.68,Evaluation
D0880,Veritas Analytics,Financial Services,SMB,51500.0,4,Evaluation,0.71,1,2,1,1,1,2,7,29.9,0.65,Negotiation
D0880,Veritas Analytics,Financial Services,SMB,51500.0,5,Negotiation,0.66,1,2,1,1,1,1,4,2.0,0.62,Proposal
D0880,Veritas Analytics,Financial Services,SMB,51500.0,6,Proposal,0.56,1,2,1,1,1,1,1,12.9,0.56,Closed Won
D0881,Cascade Security,Financial Services,SMB,51200.0,1,Discovery,0.52,0,0,0,0,1,2,3,3.8,0.47,Demo
D0881,Cascade Security,Financial Services,SMB,51200.0,2,Demo,0.59,0,0,0,1,1,3,5,28.9,0.51,Evaluation
D0881,Cascade Security,Financial Services,SMB,51200.0,3,Evaluation,0.59,0,0,0,1,1,2,9,84.8,0.51,Negotiation
D0882,Pulse Dynamics,Logistics,Enterprise,305800.0,1,Discovery,0.58,0,0,0,0,1,4,5,2.0,0.56,Demo
D0882,Pulse Dynamics,Logistics,Enterprise,305800.0,2,Demo,0.7,0,0,0,0,1,4,11,10.9,0.63,Evaluation
D0882,Pulse Dynamics,Logistics,Enterprise,305800.0,3,Evaluation,0.67,0,0,0,0,1,4,13,19.8,0.61,Negotiation
D0882,Pulse Dynamics,Logistics,Enterprise,305800.0,4,Negotiation,0.76,0,0,0,0,1,4,8,12.8,0.67,Proposal
D0882,Pulse Dynamics,Logistics,Enterprise,305800.0,5,Proposal,0.69,0,0,0,0,1,3,9,44.5,0.62,Proposal
D0882,Pulse Dynamics,Logistics,Enterprise,305800.0,6,Proposal,0.79,0,0,0,0,1,2,8,41.8,0.68,Closed Won
D0883,Synthetix Labs,Technology,Startup,34700.0,1,Discovery,0.79,0,0,0,0,0,1,5,19.1,0.75,Demo
D0883,Synthetix Labs,Technology,Startup,34700.0,2,Demo,0.72,0,1,0,1,0,1,3,9.5,0.71,Evaluation
D0883,Synthetix Labs,Technology,Startup,34700.0,3,Evaluation,0.82,0,1,0,1,0,3,13,6.0,0.77,Negotiation
D0883,Synthetix Labs,Technology,Startup,34700.0,4,Negotiation,0.78,0,1,0,1,1,4,12,2.3,0.74,Proposal
D0883,Synthetix Labs,Technology,Startup,34700.0,5,Proposal,0.73,1,1,0,1,1,2,12,8.9,0.71,Proposal
D0884,BlueShift AI,Healthcare,SMB,58700.0,1,Discovery,0.27,0,0,1,0,0,4,1,44.6,0.26,Discovery
D0884,BlueShift AI,Healthcare,SMB,58700.0,2,Discovery,0.23,0,0,1,1,1,1,3,42.5,0.24,Demo
D0884,BlueShift AI,Healthcare,SMB,58700.0,3,Demo,0.2,0,0,1,1,1,1,6,2.9,0.22,Evaluation
D0884,BlueShift AI,Healthcare,SMB,58700.0,4,Evaluation,0.26,0,1,1,1,1,4,14,19.9,0.26,Negotiation
D0885,Aegis Software,Education,SMB,56500.0,1,Discovery,0.36,0,0,1,0,1,4,3,5.8,0.35,Demo
D0885,Aegis Software,Education,SMB,56500.0,2,Demo,0.42,0,1,1,1,1,3,6,59.4,0.38,Evaluation
D0885,Aegis Software,Education,SMB,56500.0,3,Evaluation,0.4,0,1,1,1,1,4,7,2.0,0.37,Negotiation
D0885,Aegis Software,Education,SMB,56500.0,4,Negotiation,0.47,0,1,1,1,1,2,14,18.4,0.41,Proposal
D0885,Aegis Software,Education,SMB,56500.0,5,Proposal,0.37,0,1,1,1,1,1,6,6.2,0.35,Closed Won
D0886,Coastal Foods Ltd,Retail,Startup,24700.0,1,Discovery,0.78,0,1,0,0,0,2,3,45.1,0.73,Discovery
D0886,Coastal Foods Ltd,Retail,Startup,24700.0,2,Discovery,0.78,0,2,0,0,0,1,10,17.4,0.73,Demo
D0886,Coastal Foods Ltd,Retail,Startup,24700.0,3,Demo,0.85,0,2,0,1,1,1,2,5.6,0.77,Evaluation
D0886,Coastal Foods Ltd,Retail,Startup,24700.0,4,Evaluation,0.77,1,2,0,1,1,4,6,14.9,0.72,Negotiation
D0886,Coastal Foods Ltd,Retail,Startup,24700.0,5,Negotiation,0.68,1,2,0,1,1,1,12,28.0,0.67,Proposal
D0886,Coastal Foods Ltd,Retail,Startup,24700.0,6,Proposal,0.6,1,2,0,1,1,4,12,67.6,0.62,Lost
D0887,Vanguard Supply,Education,SMB,44700.0,1,Discovery,0.61,0,0,0,0,0,2,3,4.8,0.66,Discovery
D0887,Vanguard Supply,Education,SMB,44700.0,2,Discovery,0.54,0,0,1,0,0,2,5,42.2,0.61,Discovery
D0887,Vanguard Supply,Education,SMB,44700.0,3,Discovery,0.55,0,0,1,1,1,4,8,52.9,0.62,Demo
D0887,Vanguard Supply,Education,SMB,44700.0,4,Demo,0.57,0,1,1,1,1,3,8,48.2,0.63,Evaluation
D0887,Vanguard Supply,Education,SMB,44700.0,5,Evaluation,0.52,0,1,1,1,1,2,6,19.6,0.6,Negotiation
D0888,Solstice Media,Manufacturing,SMB,52600.0,1,Discovery,0.42,1,0,0,0,1,4,3,19.7,0.36,Discovery
D0888,Solstice Media,Manufacturing,SMB,52600.0,2,Discovery,0.37,1,0,0,0,1,3,12,53.2,0.33,Discovery
D0888,Solstice Media,Manufacturing,SMB,52600.0,3,Discovery,0.3,2,0,0,0,1,3,14,28.9,0.29,Discovery
D0889,Frontier FinCorp,Financial Services,SMB,64500.0,1,Discovery,0.6,1,0,1,0,1,2,2,24.7,0.44,Discovery
D0889,Frontier FinCorp,Financial Services,SMB,64500.0,2,Discovery,0.62,1,0,1,1,1,2,11,58.1,0.46,Demo
D0889,Frontier FinCorp,Financial Services,SMB,64500.0,3,Demo,0.5,1,0,1,1,1,3,6,76.8,0.38,Evaluation
D0889,Frontier FinCorp,Financial Services,SMB,64500.0,4,Evaluation,0.36,2,0,1,1,1,4,8,7.0,0.3,Negotiation
D0889,Frontier FinCorp,Financial Services,SMB,64500.0,5,Negotiation,0.34,2,1,1,1,1,1,8,79.0,0.29,Lost
D0890,Veritas Analytics,Education,Startup,25200.0,1,Discovery,0.47,1,0,0,0,1,2,2,28.6,0.4,Discovery
D0890,Veritas Analytics,Education,Startup,25200.0,2,Discovery,0.37,1,0,1,0,1,3,9,68.5,0.34,Lost
D0891,Beacon Robotics,Retail,SMB,35600.0,1,Discovery,0.66,0,0,1,0,1,4,4,10.2,0.72,Demo
D0891,Beacon Robotics,Retail,SMB,35600.0,2,Demo,0.61,0,0,1,1,1,4,5,8.6,0.69,Evaluation
D0891,Beacon Robotics,Retail,SMB,35600.0,3,Evaluation,0.62,0,0,1,1,1,1,11,44.4,0.69,Negotiation
D0891,Beacon Robotics,Retail,SMB,35600.0,4,Negotiation,0.59,0,0,1,1,1,3,11,5.2,0.67,Proposal
D0891,Beacon Robotics,Retail,SMB,35600.0,5,Proposal,0.68,1,0,1,1,1,4,11,33.5,0.73,Closed Won
D0892,Aegis Software,Healthcare,SMB,61700.0,1,Discovery,0.61,0,1,0,0,0,4,3,24.0,0.48,Discovery
D0892,Aegis Software,Healthcare,SMB,61700.0,2,Discovery,0.68,1,1,1,1,0,3,12,26.2,0.53,Demo
D0892,Aegis Software,Healthcare,SMB,61700.0,3,Demo,0.7,1,1,1,1,1,4,7,13.4,0.54,Evaluation
D0893,Beacon Robotics,Retail,Mid-Market,134600.0,1,Discovery,0.68,0,0,1,0,1,2,5,8.7,0.65,Demo
D0893,Beacon Robotics,Retail,Mid-Market,134600.0,2,Demo,0.76,0,0,1,1,1,3,4,2.0,0.7,Evaluation
D0893,Beacon Robotics,Retail,Mid-Market,134600.0,3,Evaluation,0.8,0,1,1,1,1,3,4,7.0,0.73,Negotiation
D0893,Beacon Robotics,Retail,Mid-Market,134600.0,4,Negotiation,0.79,0,1,1,1,1,1,14,2.0,0.72,Proposal
D0893,Beacon Robotics,Retail,Mid-Market,134600.0,5,Proposal,0.86,1,1,1,1,1,2,2,84.4,0.76,Closed Won
D0894,Veritas Analytics,Financial Services,Mid-Market,69100.0,1,Discovery,0.45,0,1,1,0,1,1,1,75.5,0.51,Discovery
D0894,Veritas Analytics,Financial Services,Mid-Market,69100.0,2,Discovery,0.53,0,2,1,1,1,2,3,11.3,0.56,Demo
D0894,Veritas Analytics,Financial Services,Mid-Market,69100.0,3,Demo,0.54,0,3,1,1,1,2,11,29.2,0.57,Lost
D0895,Everline Retail,Financial Services,SMB,46300.0,1,Discovery,0.32,1,0,0,0,0,1,3,14.9,0.32,Discovery
D0895,Everline Retail,Financial Services,SMB,46300.0,2,Discovery,0.34,1,0,0,0,0,1,1,39.1,0.33,Lost
D0896,Cobalt Freight,Retail,Enterprise,313900.0,1,Discovery,0.79,0,0,1,0,1,2,3,31.7,0.77,Demo
D0896,Cobalt Freight,Retail,Enterprise,313900.0,2,Demo,0.71,0,0,1,1,1,1,6,56.8,0.72,Evaluation
D0896,Cobalt Freight,Retail,Enterprise,313900.0,3,Evaluation,0.64,0,1,1,1,1,1,11,9.9,0.68,Negotiation
D0897,Cascade Security,Technology,Enterprise,245400.0,1,Discovery,0.78,0,1,1,0,1,1,5,6.7,0.72,Demo
D0897,Cascade Security,Technology,Enterprise,245400.0,2,Demo,0.84,0,2,1,1,1,2,14,99.9,0.76,Evaluation
D0897,Cascade Security,Technology,Enterprise,245400.0,3,Evaluation,0.75,0,2,1,1,1,2,6,2.0,0.7,Negotiation
D0897,Cascade Security,Technology,Enterprise,245400.0,4,Negotiation,0.71,0,2,1,1,1,1,3,19.9,0.68,Proposal
D0897,Cascade Security,Technology,Enterprise,245400.0,5,Proposal,0.78,0,3,1,1,1,2,9,23.2,0.72,Closed Won
D0898,Cascade Security,Technology,Startup,19700.0,1,Discovery,0.73,1,0,1,0,1,1,2,22.0,0.74,Demo
D0898,Cascade Security,Technology,Startup,19700.0,2,Demo,0.78,2,1,1,1,1,4,7,2.4,0.77,Evaluation
D0898,Cascade Security,Technology,Startup,19700.0,3,Evaluation,0.85,2,2,1,1,1,2,6,52.6,0.81,Lost
D0899,Cascade Security,Manufacturing,Mid-Market,66100.0,1,Discovery,0.41,1,0,1,0,0,1,3,5.9,0.41,Lost
D0900,Kestrel Instruments,Retail,SMB,46800.0,1,Discovery,0.8,0,0,0,0,0,2,5,22.9,0.71,Demo
D0900,Kestrel Instruments,Retail,SMB,46800.0,2,Demo,0.8,1,0,0,1,0,2,6,5.9,0.71,Evaluation
D0901,Everline Retail,Education,Mid-Market,150800.0,1,Discovery,0.32,0,1,0,0,1,1,2,29.8,0.3,Discovery
D0901,Everline Retail,Education,Mid-Market,150800.0,2,Discovery,0.26,0,1,0,0,1,1,1,20.3,0.27,Discovery
D0901,Everline Retail,Education,Mid-Market,150800.0,3,Discovery,0.22,0,1,0,0,1,1,2,6.6,0.24,Discovery
D0901,Everline Retail,Education,Mid-Market,150800.0,4,Discovery,0.28,1,1,1,0,1,1,2,7.1,0.28,Discovery
D0901,Everline Retail,Education,Mid-Market,150800.0,5,Discovery,0.28,1,1,1,0,1,1,4,20.4,0.28,Lost
D0902,Helix Diagnostics,Manufacturing,SMB,29000.0,1,Discovery,0.55,0,0,0,0,1,1,5,46.5,0.47,Demo
D0902,Helix Diagnostics,Manufacturing,SMB,29000.0,2,Demo,0.42,0,0,0,1,1,4,6,75.0,0.39,Evaluation
D0902,Helix Diagnostics,Manufacturing,SMB,29000.0,3,Evaluation,0.29,0,0,0,1,1,3,14,2.9,0.31,Negotiation
D0902,Helix Diagnostics,Manufacturing,SMB,29000.0,4,Negotiation,0.16,0,0,0,1,1,2,1,16.4,0.24,Proposal
D0902,Helix Diagnostics,Manufacturing,SMB,29000.0,5,Proposal,0.14,0,0,0,1,1,4,8,3.5,0.22,Closed Won
D0903,Frontier FinCorp,Healthcare,SMB,50200.0,1,Discovery,0.55,0,0,0,0,1,2,3,2.0,0.45,Demo
D0903,Frontier FinCorp,Healthcare,SMB,50200.0,2,Demo,0.52,0,0,0,1,1,3,3,39.2,0.43,Evaluation
D0903,Frontier FinCorp,Healthcare,SMB,50200.0,3,Evaluation,0.41,0,0,0,1,1,4,3,33.4,0.36,Negotiation
D0903,Frontier FinCorp,Healthcare,SMB,50200.0,4,Negotiation,0.3,0,0,0,1,1,3,11,6.4,0.3,Proposal
D0903,Frontier FinCorp,Healthcare,SMB,50200.0,5,Proposal,0.24,0,0,0,1,1,1,5,9.6,0.26,Closed Won
D0904,OmniCommerce,Financial Services,Mid-Market,90800.0,1,Discovery,0.37,1,0,1,0,0,4,2,2.0,0.39,Discovery
D0904,OmniCommerce,Financial Services,Mid-Market,90800.0,2,Discovery,0.26,1,0,1,1,0,1,10,51.4,0.33,Lost
D0905,Vector Mobility,Healthcare,Mid-Market,145700.0,1,Discovery,0.65,0,1,1,0,1,1,1,70.6,0.68,Demo
D0905,Vector Mobility,Healthcare,Mid-Market,145700.0,2,Demo,0.74,1,2,1,1,1,1,3,2.8,0.74,Evaluation
D0905,Vector Mobility,Healthcare,Mid-Market,145700.0,3,Evaluation,0.69,1,3,1,1,1,4,4,5.1,0.71,Negotiation
D0905,Vector Mobility,Healthcare,Mid-Market,145700.0,4,Negotiation,0.79,1,3,1,1,1,3,1,39.0,0.77,Proposal
D0905,Vector Mobility,Healthcare,Mid-Market,145700.0,5,Proposal,0.76,1,3,1,1,1,2,5,50.1,0.75,Closed Won
D0906,Atlas Energy,Manufacturing,SMB,39400.0,1,Discovery,0.61,0,1,1,0,0,3,5,11.4,0.63,Discovery
D0906,Atlas Energy,Manufacturing,SMB,39400.0,2,Discovery,0.65,0,1,1,1,0,1,6,2.0,0.65,Demo
D0907,NexGen Health,Manufacturing,SMB,35200.0,1,Discovery,0.4,0,0,0,0,0,3,4,29.1,0.37,Discovery
D0907,NexGen Health,Manufacturing,SMB,35200.0,2,Discovery,0.36,0,0,1,0,1,3,2,17.0,0.35,Discovery
D0907,NexGen Health,Manufacturing,SMB,35200.0,3,Discovery,0.34,0,0,1,0,1,2,10,2.0,0.34,Demo
D0907,NexGen Health,Manufacturing,SMB,35200.0,4,Demo,0.28,0,1,1,0,1,3,5,29.8,0.3,Demo
D0907,NexGen Health,Manufacturing,SMB,35200.0,5,Demo,0.35,0,1,1,0,1,2,5,2.0,0.34,Evaluation
D0907,NexGen Health,Manufacturing,SMB,35200.0,6,Evaluation,0.35,0,1,1,0,1,2,5,52.7,0.34,Evaluation
D0908,Vector Mobility,Financial Services,Mid-Market,84200.0,1,Discovery,0.47,0,0,1,0,1,1,2,2.0,0.47,Demo
D0908,Vector Mobility,Financial Services,Mid-Market,84200.0,2,Demo,0.32,0,0,1,1,1,4,1,23.9,0.38,Evaluation
D0908,Vector Mobility,Financial Services,Mid-Market,84200.0,3,Evaluation,0.18,0,1,1,1,1,2,2,13.7,0.3,Negotiation
D0908,Vector Mobility,Financial Services,Mid-Market,84200.0,4,Negotiation,0.25,1,1,1,1,1,1,5,98.2,0.34,Negotiation
D0909,Beacon Robotics,Manufacturing,Startup,9000.0,1,Discovery,0.5,0,0,1,0,1,4,5,8.6,0.49,Demo
D0909,Beacon Robotics,Manufacturing,Startup,9000.0,2,Demo,0.46,0,1,1,1,1,3,5,32.8,0.47,Evaluation
D0909,Beacon Robotics,Manufacturing,Startup,9000.0,3,Evaluation,0.47,0,2,1,1,1,4,4,8.4,0.47,Negotiation
D0909,Beacon Robotics,Manufacturing,Startup,9000.0,4,Negotiation,0.39,0,2,1,1,1,3,14,62.4,0.42,Proposal
D0909,Beacon Robotics,Manufacturing,Startup,9000.0,5,Proposal,0.28,0,2,1,1,1,2,7,12.5,0.36,Closed Won
D0910,Solstice Media,Manufacturing,SMB,53700.0,1,Discovery,0.6,0,0,1,0,1,4,2,18.0,0.6,Demo
D0910,Solstice Media,Manufacturing,SMB,53700.0,2,Demo,0.67,0,0,1,1,1,2,10,2.0,0.64,Evaluation
D0910,Solstice Media,Manufacturing,SMB,53700.0,3,Evaluation,0.73,0,0,1,1,1,2,14,12.6,0.68,Negotiation
D0910,Solstice Media,Manufacturing,SMB,53700.0,4,Negotiation,0.84,0,0,1,1,1,2,14,40.4,0.74,Proposal
D0910,Solstice Media,Manufacturing,SMB,53700.0,5,Proposal,0.94,0,0,1,1,1,1,7,37.0,0.8,Closed Won
D0911,Prime Packaging,Manufacturing,Mid-Market,139700.0,1,Discovery,0.47,1,0,1,0,1,4,2,10.1,0.38,Discovery
D0911,Prime Packaging,Manufacturing,Mid-Market,139700.0,2,Discovery,0.46,1,0,1,1,1,2,13,10.2,0.38,Demo
D0912,Novus Capital,Financial Services,SMB,66100.0,1,Discovery,0.86,0,0,1,0,1,3,3,57.5,0.77,Demo
D0912,Novus Capital,Financial Services,SMB,66100.0,2,Demo,0.96,0,1,1,0,1,3,13,2.2,0.83,Evaluation
D0912,Novus Capital,Financial Services,SMB,66100.0,3,Evaluation,0.96,0,2,1,1,1,3,14,12.9,0.83,Negotiation
D0912,Novus Capital,Financial Services,SMB,66100.0,4,Negotiation,0.96,0,2,1,1,1,3,13,8.9,0.83,Proposal
D0912,Novus Capital,Financial Services,SMB,66100.0,5,Proposal,0.9,0,2,1,1,1,3,3,44.2,0.79,Proposal
D0912,Novus Capital,Financial Services,SMB,66100.0,6,Proposal,0.81,0,2,1,1,1,4,7,2.0,0.74,Closed Won
D0913,Pulse Dynamics,Logistics,SMB,38500.0,1,Discovery,0.54,0,0,1,0,1,3,1,6.4,0.51,Demo
D0913,Pulse Dynamics,Logistics,SMB,38500.0,2,Demo,0.44,0,0,1,1,1,3,8,37.9,0.45,Evaluation
D0914,Novus Capital,Retail,Mid-Market,62200.0,1,Discovery,0.28,1,0,1,0,0,2,4,28.0,0.26,Lost
D0915,NexGen Health,Logistics,SMB,42500.0,1,Discovery,0.78,0,0,1,0,0,1,5,13.8,0.69,Demo
D0915,NexGen Health,Logistics,SMB,42500.0,2,Demo,0.83,0,0,1,1,1,4,13,9.6,0.72,Evaluation
D0915,NexGen Health,Logistics,SMB,42500.0,3,Evaluation,0.87,0,1,1,1,1,3,1,11.9,0.75,Negotiation
D0916,Beacon Robotics,Financial Services,Startup,12300.0,1,Discovery,0.74,0,0,0,0,0,4,4,3.4,0.74,Demo
D0916,Beacon Robotics,Financial Services,Startup,12300.0,2,Demo,0.72,0,0,0,0,1,2,8,16.2,0.73,Evaluation
D0917,Veritas Analytics,Manufacturing,Mid-Market,129600.0,1,Discovery,0.47,0,0,1,0,0,1,1,49.3,0.41,Lost
D0918,Veritas Analytics,Logistics,Mid-Market,79200.0,1,Discovery,0.66,1,0,1,0,0,2,1,5.5,0.54,Discovery
D0918,Veritas Analytics,Logistics,Mid-Market,79200.0,2,Discovery,0.6,1,0,1,1,1,1,8,5.3,0.5,Demo
D0918,Veritas Analytics,Logistics,Mid-Market,79200.0,3,Demo,0.64,1,0,1,1,1,1,5,10.2,0.52,Evaluation
D0918,Veritas Analytics,Logistics,Mid-Market,79200.0,4,Evaluation,0.56,1,0,1,1,1,4,8,14.7,0.48,Negotiation
D0918,Veritas Analytics,Logistics,Mid-Market,79200.0,5,Negotiation,0.51,1,0,1,1,1,3,4,17.2,0.45,Proposal
D0918,Veritas Analytics,Logistics,Mid-Market,79200.0,6,Proposal,0.57,1,0,1,1,1,2,1,37.3,0.48,Closed Won
D0919,Skyward Aerospace,Technology,Startup,28000.0,1,Discovery,0.61,0,1,1,0,1,4,2,2.0,0.63,Demo
D0919,Skyward Aerospace,Technology,Startup,28000.0,2,Demo,0.58,0,1,1,1,1,1,13,2.0,0.61,Evaluation
D0919,Skyward Aerospace,Technology,Startup,28000.0,3,Evaluation,0.49,0,1,1,1,1,3,10,10.4,0.56,Negotiation
D0919,Skyward Aerospace,Technology,Startup,28000.0,4,Negotiation,0.46,0,1,1,1,1,3,12,24.9,0.54,Proposal
D0919,Skyward Aerospace,Technology,Startup,28000.0,5,Proposal,0.44,1,2,1,1,1,3,5,4.5,0.53,Lost
D0920,Apex Cloud Systems,Education,Mid-Market,97600.0,1,Discovery,0.65,0,0,1,0,1,1,1,25.5,0.6,Demo
D0920,Apex Cloud Systems,Education,Mid-Market,97600.0,2,Demo,0.72,0,0,1,1,1,3,2,7.5,0.64,Evaluation
D0920,Apex Cloud Systems,Education,Mid-Market,97600.0,3,Evaluation,0.65,0,1,1,1,1,4,7,54.1,0.6,Negotiation
D0920,Apex Cloud Systems,Education,Mid-Market,97600.0,4,Negotiation,0.75,0,1,1,1,1,1,9,56.3,0.66,Proposal
D0920,Apex Cloud Systems,Education,Mid-Market,97600.0,5,Proposal,0.67,0,1,1,1,1,4,1,8.8,0.61,Closed Won
D0921,Skyward Aerospace,Manufacturing,Startup,21200.0,1,Discovery,0.66,1,0,1,0,1,3,4,6.1,0.62,Demo
D0921,Skyward Aerospace,Manufacturing,Startup,21200.0,2,Demo,0.76,1,0,1,0,1,2,9,12.4,0.68,Evaluation
D0921,Skyward Aerospace,Manufacturing,Startup,21200.0,3,Evaluation,0.77,1,0,1,0,1,1,6,6.4,0.69,Negotiation
D0921,Skyward Aerospace,Manufacturing,Startup,21200.0,4,Negotiation,0.76,2,0,1,1,1,1,9,26.1,0.68,Proposal
D0921,Skyward Aerospace,Manufacturing,Startup,21200.0,5,Proposal,0.88,2,0,1,1,1,1,7,40.8,0.76,Closed Won
D0922,Acuity Networks,Logistics,Startup,14800.0,1,Discovery,0.62,0,1,1,0,1,3,3,25.7,0.61,Demo
D0922,Acuity Networks,Logistics,Startup,14800.0,2,Demo,0.63,1,1,1,0,1,4,6,40.0,0.61,Evaluation
D0922,Acuity Networks,Logistics,Startup,14800.0,3,Evaluation,0.62,1,1,1,1,1,4,6,11.6,0.61,Negotiation
D0922,Acuity Networks,Logistics,Startup,14800.0,4,Negotiation,0.71,1,1,1,1,1,4,10,3.9,0.66,Proposal
D0923,Novus Capital,Healthcare,Startup,19500.0,1,Discovery,0.29,0,0,0,0,1,3,1,15.0,0.31,Discovery
D0923,Novus Capital,Healthcare,Startup,19500.0,2,Discovery,0.27,1,0,1,1,1,1,6,37.5,0.3,Demo
D0923,Novus Capital,Healthcare,Startup,19500.0,3,Demo,0.24,1,0,1,1,1,1,1,10.6,0.28,Evaluation
D0923,Novus Capital,Healthcare,Startup,19500.0,4,Evaluation,0.14,2,0,1,1,1,2,7,2.9,0.22,Evaluation
D0924,BlueShift AI,Financial Services,Mid-Market,76600.0,1,Discovery,0.8,0,1,0,0,0,3,1,4.0,0.71,Demo
D0924,BlueShift AI,Financial Services,Mid-Market,76600.0,2,Demo,0.77,0,1,0,1,0,2,8,104.9,0.69,Evaluation
D0924,BlueShift AI,Financial Services,Mid-Market,76600.0,3,Evaluation,0.72,0,1,0,1,0,2,7,89.1,0.66,Negotiation
D0924,BlueShift AI,Financial Services,Mid-Market,76600.0,4,Negotiation,0.65,0,1,0,1,1,4,6,37.2,0.62,Proposal
D0924,BlueShift AI,Financial Services,Mid-Market,76600.0,5,Proposal,0.7,0,1,0,1,1,1,4,25.4,0.65,Closed Won
D0925,Cascade Security,Logistics,Enterprise,342300.0,1,Discovery,0.61,0,1,1,0,0,1,1,19.5,0.6,Discovery
D0925,Cascade Security,Logistics,Enterprise,342300.0,2,Discovery,0.65,0,2,1,1,1,1,10,45.4,0.63,Demo
D0925,Cascade Security,Logistics,Enterprise,342300.0,3,Demo,0.76,0,3,1,1,1,3,10,7.7,0.69,Evaluation
D0925,Cascade Security,Logistics,Enterprise,342300.0,4,Evaluation,0.67,0,3,1,1,1,3,6,14.2,0.64,Negotiation
D0925,Cascade Security,Logistics,Enterprise,342300.0,5,Negotiation,0.71,1,3,1,1,1,3,3,21.8,0.66,Lost
D0926,Novus Capital,Technology,Mid-Market,75500.0,1,Discovery,0.43,0,0,1,0,0,3,4,17.3,0.4,Discovery
D0926,Novus Capital,Technology,Mid-Market,75500.0,2,Discovery,0.48,0,1,1,1,1,2,14,18.2,0.43,Demo
D0926,Novus Capital,Technology,Mid-Market,75500.0,3,Demo,0.47,0,1,1,1,1,3,7,13.1,0.42,Evaluation
D0926,Novus Capital,Technology,Mid-Market,75500.0,4,Evaluation,0.44,0,2,1,1,1,3,9,27.2,0.4,Negotiation
D0927,Pulse Dynamics,Retail,Mid-Market,100800.0,1,Discovery,0.64,0,0,0,0,0,2,2,6.6,0.55,Discovery
D0927,Pulse Dynamics,Retail,Mid-Market,100800.0,2,Discovery,0.69,0,0,0,0,0,3,11,80.2,0.58,Discovery
D0927,Pulse Dynamics,Retail,Mid-Market,100800.0,3,Discovery,0.61,1,0,1,1,0,3,3,34.4,0.53,Demo
D0927,Pulse Dynamics,Retail,Mid-Market,100800.0,4,Demo,0.58,1,0,1,1,1,4,8,51.0,0.51,Evaluation
D0927,Pulse Dynamics,Retail,Mid-Market,100800.0,5,Evaluation,0.44,1,0,1,1,1,3,7,23.9,0.43,Negotiation
D0928,Apex Cloud Systems,Healthcare,SMB,57600.0,1,Discovery,0.83,1,1,1,0,1,2,5,2.0,0.76,Demo
D0928,Apex Cloud Systems,Healthcare,SMB,57600.0,2,Demo,0.74,1,2,1,1,1,4,1,36.3,0.7,Evaluation
D0928,Apex Cloud Systems,Healthcare,SMB,57600.0,3,Evaluation,0.67,1,3,1,1,1,4,9,2.0,0.66,Negotiation
D0928,Apex Cloud Systems,Healthcare,SMB,57600.0,4,Negotiation,0.74,1,3,1,1,1,2,4,47.0,0.7,Proposal
D0928,Apex Cloud Systems,Healthcare,SMB,57600.0,5,Proposal,0.68,1,3,1,1,1,4,7,102.8,0.67,Closed Won
D0929,Vanguard Supply,Financial Services,Startup,32200.0,1,Discovery,0.39,1,0,1,0,0,1,1,10.2,0.4,Discovery
D0929,Vanguard Supply,Financial Services,Startup,32200.0,2,Discovery,0.3,1,1,1,1,0,4,8,6.9,0.35,Discovery
D0929,Vanguard Supply,Financial Services,Startup,32200.0,3,Discovery,0.21,1,1,1,1,0,3,10,42.3,0.29,Discovery
D0929,Vanguard Supply,Financial Services,Startup,32200.0,4,Discovery,0.29,1,1,1,1,0,3,13,8.5,0.34,Lost
D0930,Atlas Energy,Education,Startup,30700.0,1,Discovery,0.48,0,0,0,0,0,1,4,55.4,0.47,Discovery
D0930,Atlas Energy,Education,Startup,30700.0,2,Discovery,0.34,0,0,1,0,0,3,13,3.0,0.38,Discovery
D0930,Atlas Energy,Education,Startup,30700.0,3,Discovery,0.25,0,0,1,0,1,1,2,3.7,0.33,Discovery
D0930,Atlas Energy,Education,Startup,30700.0,4,Discovery,0.15,0,0,1,0,1,2,8,106.9,0.27,Discovery
D0931,Pulse Dynamics,Healthcare,Startup,33900.0,1,Discovery,0.5,0,1,0,0,0,3,5,55.4,0.46,Discovery
D0931,Pulse Dynamics,Healthcare,Startup,33900.0,2,Discovery,0.39,0,1,1,1,1,1,11,11.6,0.4,Demo
D0931,Pulse Dynamics,Healthcare,Startup,33900.0,3,Demo,0.41,0,1,1,1,1,3,10,33.3,0.41,Evaluation
D0932,Cobalt Freight,Logistics,SMB,48400.0,1,Discovery,0.88,0,0,0,0,1,2,4,18.2,0.81,Demo
D0932,Cobalt Freight,Logistics,SMB,48400.0,2,Demo,0.9,0,0,0,1,1,3,4,22.7,0.82,Evaluation
D0933,Everline Retail,Financial Services,Startup,14400.0,1,Discovery,0.64,0,1,0,0,1,4,5,12.4,0.63,Demo
D0933,Everline Retail,Financial Services,Startup,14400.0,2,Demo,0.57,0,1,0,1,1,4,1,7.1,0.59,Evaluation
D0933,Everline Retail,Financial Services,Startup,14400.0,3,Evaluation,0.55,0,1,0,1,1,1,4,32.3,0.58,Negotiation
D0933,Everline Retail,Financial Services,Startup,14400.0,4,Negotiation,0.48,0,2,0,1,1,4,14,5.7,0.53,Proposal
D0933,Everline Retail,Financial Services,Startup,14400.0,5,Proposal,0.41,0,3,0,1,1,2,12,26.1,0.49,Proposal
D0933,Everline Retail,Financial Services,Startup,14400.0,6,Proposal,0.51,0,3,0,1,1,4,6,5.9,0.55,Closed Won
D0934,Synthetix Labs,Technology,Startup,8300.0,1,Discovery,0.41,0,1,1,0,0,2,5,26.7,0.43,Discovery
D0934,Synthetix Labs,Technology,Startup,8300.0,2,Discovery,0.32,0,1,1,0,1,4,13,37.3,0.38,Discovery
D0934,Synthetix Labs,Technology,Startup,8300.0,3,Discovery,0.27,0,2,1,1,1,1,6,6.7,0.35,Demo
D0934,Synthetix Labs,Technology,Startup,8300.0,4,Demo,0.32,0,3,1,1,1,3,5,2.0,0.38,Lost
D0935,Acuity Networks,Logistics,Mid-Market,120400.0,1,Discovery,0.53,0,0,0,0,0,3,5,2.6,0.63,Discovery
D0935,Acuity Networks,Logistics,Mid-Market,120400.0,2,Discovery,0.54,0,0,1,1,1,2,4,17.1,0.64,Demo
D0935,Acuity Networks,Logistics,Mid-Market,120400.0,3,Demo,0.44,0,0,1,1,1,3,1,34.8,0.58,Evaluation
D0935,Acuity Networks,Logistics,Mid-Market,120400.0,4,Evaluation,0.41,0,0,1,1,1,2,10,2.0,0.56,Negotiation
D0935,Acuity Networks,Logistics,Mid-Market,120400.0,5,Negotiation,0.51,0,1,1,1,1,2,1,24.3,0.62,Proposal
D0935,Acuity Networks,Logistics,Mid-Market,120400.0,6,Proposal,0.54,0,1,1,1,1,3,5,7.7,0.64,Closed Won
D0936,Veritas Analytics,Manufacturing,Startup,28800.0,1,Discovery,0.34,0,0,0,0,0,4,3,17.5,0.39,Lost
D0937,Helix Diagnostics,Healthcare,Mid-Market,156200.0,1,Discovery,0.83,0,0,1,0,1,4,2,47.7,0.82,Demo
D0937,Helix Diagnostics,Healthcare,Mid-Market,156200.0,2,Demo,0.89,0,0,1,1,1,4,12,7.3,0.85,Evaluation
D0937,Helix Diagnostics,Healthcare,Mid-Market,156200.0,3,Evaluation,0.96,0,0,1,1,1,2,3,11.3,0.89,Negotiation
D0937,Helix Diagnostics,Healthcare,Mid-Market,156200.0,4,Negotiation,0.96,0,1,1,1,1,4,8,2.0,0.89,Proposal
D0937,Helix Diagnostics,Healthcare,Mid-Market,156200.0,5,Proposal,0.88,0,1,1,1,1,1,4,2.0,0.85,Proposal
D0937,Helix Diagnostics,Healthcare,Mid-Market,156200.0,6,Proposal,0.83,1,2,1,1,1,2,3,5.4,0.82,Closed Won
D0938,Vector Mobility,Logistics,Startup,21500.0,1,Discovery,0.3,0,0,1,0,0,2,5,2.0,0.33,Discovery
D0938,Vector Mobility,Logistics,Startup,21500.0,2,Discovery,0.25,0,0,1,1,1,2,1,31.8,0.3,Demo
D0938,Vector Mobility,Logistics,Startup,21500.0,3,Demo,0.27,1,0,1,1,1,3,4,17.7,0.31,Evaluation
D0938,Vector Mobility,Logistics,Startup,21500.0,4,Evaluation,0.22,1,0,1,1,1,3,7,25.3,0.28,Negotiation
D0939,Acuity Networks,Financial Services,SMB,39600.0,1,Discovery,0.57,0,0,1,0,0,2,1,8.1,0.57,Discovery
D0939,Acuity Networks,Financial Services,SMB,39600.0,2,Discovery,0.51,0,1,1,0,0,3,10,25.3,0.54,Discovery
D0939,Acuity Networks,Financial Services,SMB,39600.0,3,Discovery,0.52,0,1,1,1,1,3,1,78.1,0.54,Demo
D0939,Acuity Networks,Financial Services,SMB,39600.0,4,Demo,0.53,0,1,1,1,1,2,1,2.0,0.55,Evaluation
D0940,Pulse Dynamics,Manufacturing,Enterprise,282700.0,1,Discovery,0.49,0,1,0,0,0,1,1,16.9,0.58,Discovery
D0940,Pulse Dynamics,Manufacturing,Enterprise,282700.0,2,Discovery,0.46,0,1,1,1,1,2,3,16.3,0.56,Demo
D0940,Pulse Dynamics,Manufacturing,Enterprise,282700.0,3,Demo,0.38,0,1,1,1,1,4,10,13.6,0.51,Evaluation
D0940,Pulse Dynamics,Manufacturing,Enterprise,282700.0,4,Evaluation,0.37,0,1,1,1,1,3,1,2.0,0.51,Negotiation
D0940,Pulse Dynamics,Manufacturing,Enterprise,282700.0,5,Negotiation,0.41,1,1,1,1,1,1,1,2.0,0.53,Proposal
D0940,Pulse Dynamics,Manufacturing,Enterprise,282700.0,6,Proposal,0.33,1,1,1,1,1,3,8,18.1,0.48,Closed Won
D0941,Synthetix Labs,Healthcare,Enterprise,183800.0,1,Discovery,0.55,0,0,1,0,1,3,4,7.7,0.64,Demo
D0941,Synthetix Labs,Healthcare,Enterprise,183800.0,2,Demo,0.65,0,0,1,1,1,4,2,45.8,0.7,Evaluation
D0941,Synthetix Labs,Healthcare,Enterprise,183800.0,3,Evaluation,0.57,0,1,1,1,1,2,13,9.6,0.65,Negotiation
D0941,Synthetix Labs,Healthcare,Enterprise,183800.0,4,Negotiation,0.51,0,1,1,1,1,1,2,2.8,0.62,Proposal
D0941,Synthetix Labs,Healthcare,Enterprise,183800.0,5,Proposal,0.51,0,1,1,1,1,1,11,23.1,0.62,Closed Won
D0942,Beacon Robotics,Manufacturing,Startup,14000.0,1,Discovery,0.56,0,1,1,0,0,3,1,12.0,0.46,Discovery
D0942,Beacon Robotics,Manufacturing,Startup,14000.0,2,Discovery,0.56,0,1,1,0,1,2,14,25.8,0.46,Demo
D0943,Beacon Robotics,Technology,Startup,30000.0,1,Discovery,0.46,0,0,0,0,1,3,1,63.8,0.46,Discovery
D0943,Beacon Robotics,Technology,Startup,30000.0,2,Discovery,0.48,0,0,0,0,1,2,2,43.5,0.47,Demo
D0943,Beacon Robotics,Technology,Startup,30000.0,3,Demo,0.45,0,0,0,1,1,4,3,31.2,0.45,Evaluation
D0943,Beacon Robotics,Technology,Startup,30000.0,4,Evaluation,0.52,0,0,0,1,1,3,5,31.5,0.49,Negotiation
D0943,Beacon Robotics,Technology,Startup,30000.0,5,Negotiation,0.51,0,0,0,1,1,2,14,80.8,0.49,Proposal
D0943,Beacon Robotics,Technology,Startup,30000.0,6,Proposal,0.53,0,0,0,1,1,3,10,9.7,0.5,Closed Won
D0944,Pulse Dynamics,Technology,SMB,57000.0,1,Discovery,0.78,0,1,1,0,1,2,2,2.0,0.75,Demo
D0944,Pulse Dynamics,Technology,SMB,57000.0,2,Demo,0.81,0,2,1,0,1,3,13,6.4,0.76,Evaluation
D0944,Pulse Dynamics,Technology,SMB,57000.0,3,Evaluation,0.72,1,3,1,1,1,3,14,5.0,0.71,Negotiation
D0944,Pulse Dynamics,Technology,SMB,57000.0,4,Negotiation,0.64,1,3,1,1,1,4,1,21.9,0.66,Lost
D0945,Everline Retail,Retail,Enterprise,316400.0,1,Discovery,0.53,0,0,0,0,0,4,3,44.5,0.4,Discovery
D0945,Everline Retail,Retail,Enterprise,316400.0,2,Discovery,0.47,0,0,0,0,0,4,6,39.9,0.36,Discovery
D0945,Everline Retail,Retail,Enterprise,316400.0,3,Discovery,0.35,1,0,1,1,1,2,8,2.0,0.29,Demo
D0946,Vector Mobility,Healthcare,Mid-Market,127800.0,1,Discovery,0.56,1,0,0,0,1,2,2,9.4,0.56,Demo
D0946,Vector Mobility,Healthcare,Mid-Market,127800.0,2,Demo,0.67,1,0,0,1,1,4,8,26.2,0.62,Evaluation
D0946,Vector Mobility,Healthcare,Mid-Market,127800.0,3,Evaluation,0.69,1,0,0,1,1,2,1,19.5,0.63,Negotiation
D0946,Vector Mobility,Healthcare,Mid-Market,127800.0,4,Negotiation,0.64,1,0,0,1,1,3,8,10.1,0.6,Proposal
D0946,Vector Mobility,Healthcare,Mid-Market,127800.0,5,Proposal,0.59,1,0,0,1,1,4,4,3.5,0.57,Closed Won
D0947,Veritas Analytics,Education,Enterprise,175300.0,1,Discovery,0.6,0,1,1,0,0,1,4,2.9,0.53,Discovery
D0947,Veritas Analytics,Education,Enterprise,175300.0,2,Discovery,0.59,1,1,1,1,0,4,14,51.7,0.52,Discovery
D0947,Veritas Analytics,Education,Enterprise,175300.0,3,Discovery,0.64,1,1,1,1,0,4,5,72.7,0.55,Lost
D0948,Aegis Software,Financial Services,Enterprise,129200.0,1,Discovery,0.67,0,0,1,0,0,3,5,19.1,0.72,Discovery
D0948,Aegis Software,Financial Services,Enterprise,129200.0,2,Discovery,0.63,0,0,1,1,0,2,8,2.0,0.69,Demo
D0948,Aegis Software,Financial Services,Enterprise,129200.0,3,Demo,0.66,0,0,1,1,0,4,6,9.4,0.71,Evaluation
D0948,Aegis Software,Financial Services,Enterprise,129200.0,4,Evaluation,0.63,0,0,1,1,1,1,1,23.7,0.69,Negotiation
D0948,Aegis Software,Financial Services,Enterprise,129200.0,5,Negotiation,0.71,0,0,1,1,1,3,10,27.5,0.74,Proposal
D0948,Aegis Software,Financial Services,Enterprise,129200.0,6,Proposal,0.81,0,0,1,1,1,4,11,2.3,0.8,Closed Won
D0949,BlueShift AI,Manufacturing,SMB,34100.0,1,Discovery,0.59,0,0,1,0,0,1,1,2.0,0.53,Discovery
D0949,BlueShift AI,Manufacturing,SMB,34100.0,2,Discovery,0.46,0,0,1,1,0,1,8,34.7,0.45,Demo
D0949,BlueShift AI,Manufacturing,SMB,34100.0,3,Demo,0.43,0,0,1,1,1,1,3,12.3,0.44,Evaluation
D0949,BlueShift AI,Manufacturing,SMB,34100.0,4,Evaluation,0.37,0,0,1,1,1,2,6,8.2,0.4,Negotiation
D0950,Frontier FinCorp,Healthcare,SMB,36300.0,1,Discovery,0.46,0,0,1,0,1,2,4,17.0,0.53,Demo
D0950,Frontier FinCorp,Healthcare,SMB,36300.0,2,Demo,0.43,0,0,1,1,1,1,14,41.6,0.51,Evaluation
D0950,Frontier FinCorp,Healthcare,SMB,36300.0,3,Evaluation,0.34,0,0,1,1,1,1,1,69.1,0.45,Negotiation
D0950,Frontier FinCorp,Healthcare,SMB,36300.0,4,Negotiation,0.41,0,1,1,1,1,1,4,18.2,0.5,Proposal
D0951,Solstice Media,Logistics,Mid-Market,75400.0,1,Discovery,0.67,1,1,1,0,0,4,5,2.0,0.7,Discovery
D0951,Solstice Media,Logistics,Mid-Market,75400.0,2,Discovery,0.63,1,1,1,0,1,4,10,15.0,0.68,Demo
D0951,Solstice Media,Logistics,Mid-Market,75400.0,3,Demo,0.74,1,1,1,1,1,3,12,9.0,0.75,Evaluation
D0951,Solstice Media,Logistics,Mid-Market,75400.0,4,Evaluation,0.71,1,1,1,1,1,2,12,17.6,0.73,Negotiation
D0951,Solstice Media,Logistics,Mid-Market,75400.0,5,Negotiation,0.72,2,1,1,1,1,2,10,9.3,0.73,Proposal
D0951,Solstice Media,Logistics,Mid-Market,75400.0,6,Proposal,0.68,2,2,1,1,1,3,2,5.2,0.71,Lost
D0952,Zenith Textiles,Manufacturing,Startup,33000.0,1,Discovery,0.29,0,0,0,0,1,2,1,2.9,0.34,Discovery
D0952,Zenith Textiles,Manufacturing,Startup,33000.0,2,Discovery,0.3,0,0,1,0,1,1,8,11.2,0.34,Discovery
D0953,OmniCommerce,Retail,Startup,27500.0,1,Discovery,0.68,0,1,1,0,0,1,5,3.7,0.71,Demo
D0953,OmniCommerce,Retail,Startup,27500.0,2,Demo,0.67,0,1,1,1,0,4,14,82.8,0.7,Evaluation
D0953,OmniCommerce,Retail,Startup,27500.0,3,Evaluation,0.6,0,1,1,1,1,1,4,11.1,0.66,Negotiation
D0953,OmniCommerce,Retail,Startup,27500.0,4,Negotiation,0.53,0,1,1,1,1,1,7,14.4,0.62,Proposal
D0953,OmniCommerce,Retail,Startup,27500.0,5,Proposal,0.61,0,1,1,1,1,1,11,39.2,0.67,Closed Won
D0954,Skyward Aerospace,Education,Startup,32600.0,1,Discovery,0.6,0,0,1,0,1,2,4,179.8,0.5,Discovery
D0954,Skyward Aerospace,Education,Startup,32600.0,2,Discovery,0.49,0,0,1,0,1,4,7,29.0,0.43,Demo
D0955,NexGen Health,Financial Services,Mid-Market,151300.0,1,Discovery,0.24,1,0,1,0,0,1,5,10.5,0.34,Lost
D0956,Aegis Software,Education,SMB,52900.0,1,Discovery,0.58,0,0,1,0,1,3,3,6.8,0.65,Demo
D0956,Aegis Software,Education,SMB,52900.0,2,Demo,0.56,0,0,1,1,1,3,1,9.7,0.64,Evaluation
D0956,Aegis Software,Education,SMB,52900.0,3,Evaluation,0.63,0,1,1,1,1,4,9,20.9,0.68,Negotiation
D0956,Aegis Software,Education,SMB,52900.0,4,Negotiation,0.56,0,1,1,1,1,4,6,21.5,0.64,Proposal
D0956,Aegis Software,Education,SMB,52900.0,5,Proposal,0.61,0,2,1,1,1,2,7,7.1,0.67,Closed Won
D0957,BrightPath Logistics,Retail,Mid-Market,155100.0,1,Discovery,0.68,0,0,0,0,1,1,3,2.8,0.7,Demo
D0957,BrightPath Logistics,Retail,Mid-Market,155100.0,2,Demo,0.77,0,0,0,1,1,2,2,19.5,0.75,Evaluation
D0957,BrightPath Logistics,Retail,Mid-Market,155100.0,3,Evaluation,0.82,0,0,0,1,1,1,9,2.7,0.78,Negotiation
D0957,BrightPath Logistics,Retail,Mid-Market,155100.0,4,Negotiation,0.78,0,1,0,1,1,2,2,16.8,0.76,Proposal
D0957,BrightPath Logistics,Retail,Mid-Market,155100.0,5,Proposal,0.77,0,1,0,1,1,1,7,23.0,0.75,Closed Won
D0958,Apex Cloud Systems,Education,Startup,30900.0,1,Discovery,0.57,0,1,0,0,1,1,5,24.8,0.61,Demo
D0958,Apex Cloud Systems,Education,Startup,30900.0,2,Demo,0.53,0,1,0,1,1,3,2,28.8,0.59,Evaluation
D0958,Apex Cloud Systems,Education,Startup,30900.0,3,Evaluation,0.59,0,1,0,1,1,3,8,42.5,0.62,Negotiation
D0958,Apex Cloud Systems,Education,Startup,30900.0,4,Negotiation,0.6,0,1,0,1,1,1,12,14.3,0.63,Proposal
D0958,Apex Cloud Systems,Education,Startup,30900.0,5,Proposal,0.62,0,1,0,1,1,2,10,27.0,0.64,Closed Won
D0959,Vector Mobility,Technology,SMB,57700.0,1,Discovery,0.57,0,0,1,0,1,1,3,17.5,0.66,Demo
D0959,Vector Mobility,Technology,SMB,57700.0,2,Demo,0.63,0,0,1,1,1,1,14,3.7,0.7,Evaluation
D0960,BrightPath Logistics,Technology,SMB,45700.0,1,Discovery,0.66,0,0,0,0,0,2,1,10.4,0.55,Discovery
D0960,BrightPath Logistics,Technology,SMB,45700.0,2,Discovery,0.63,0,0,1,1,0,3,13,18.1,0.53,Demo
D0961,Beacon Robotics,Education,Mid-Market,118500.0,1,Discovery,0.77,0,1,1,0,0,4,2,41.9,0.71,Discovery
D0961,Beacon Robotics,Education,Mid-Market,118500.0,2,Discovery,0.84,0,1,1,0,1,4,12,4.8,0.75,Demo
D0961,Beacon Robotics,Education,Mid-Market,118500.0,3,Demo,0.74,0,2,1,1,1,3,7,3.0,0.69,Evaluation
D0961,Beacon Robotics,Education,Mid-Market,118500.0,4,Evaluation,0.81,0,2,1,1,1,3,10,73.2,0.73,Negotiation
D0962,Atlas Energy,Manufacturing,Startup,32000.0,1,Discovery,0.47,0,0,0,0,0,3,2,13.6,0.55,Discovery
D0962,Atlas Energy,Manufacturing,Startup,32000.0,2,Discovery,0.54,0,0,1,1,0,4,3,18.4,0.59,Demo
D0962,Atlas Energy,Manufacturing,Startup,32000.0,3,Demo,0.51,0,1,1,1,1,3,8,16.3,0.57,Evaluation
D0963,Helix Diagnostics,Education,Enterprise,313300.0,1,Discovery,0.68,0,0,1,0,1,1,3,2.0,0.65,Demo
D0963,Helix Diagnostics,Education,Enterprise,313300.0,2,Demo,0.68,0,0,1,1,1,3,3,2.5,0.65,Evaluation
D0963,Helix Diagnostics,Education,Enterprise,313300.0,3,Evaluation,0.63,0,0,1,1,1,2,3,19.7,0.62,Negotiation
D0963,Helix Diagnostics,Education,Enterprise,313300.0,4,Negotiation,0.61,0,0,1,1,1,1,5,17.6,0.61,Proposal
D0963,Helix Diagnostics,Education,Enterprise,313300.0,5,Proposal,0.71,0,1,1,1,1,4,6,6.0,0.67,Proposal
D0963,Helix Diagnostics,Education,Enterprise,313300.0,6,Proposal,0.76,0,1,1,1,1,2,14,22.7,0.7,Closed Won
D0964,Apex Cloud Systems,Financial Services,SMB,68400.0,1,Discovery,0.55,0,0,1,0,1,3,5,75.2,0.41,Discovery
D0964,Apex Cloud Systems,Financial Services,SMB,68400.0,2,Discovery,0.43,0,0,1,0,1,3,14,2.0,0.34,Demo
D0964,Apex Cloud Systems,Financial Services,SMB,68400.0,3,Demo,0.43,0,0,1,0,1,4,9,30.2,0.34,Demo
D0964,Apex Cloud Systems,Financial Services,SMB,68400.0,4,Demo,0.31,1,0,1,0,1,4,7,51.2,0.27,Lost
D0965,Everline Retail,Technology,Mid-Market,66200.0,1,Discovery,0.45,0,0,0,0,1,4,2,13.1,0.35,Demo
D0965,Everline Retail,Technology,Mid-Market,66200.0,2,Demo,0.51,0,1,0,0,1,4,12,16.5,0.39,Evaluation
D0965,Everline Retail,Technology,Mid-Market,66200.0,3,Evaluation,0.39,0,1,0,0,1,2,5,42.7,0.31,Evaluation
D0966,Vanguard Supply,Manufacturing,SMB,42000.0,1,Discovery,0.5,0,0,1,0,1,3,5,59.9,0.42,Discovery
D0966,Vanguard Supply,Manufacturing,SMB,42000.0,2,Discovery,0.47,0,0,1,1,1,2,1,31.6,0.4,Demo
D0967,Solstice Media,Logistics,Mid-Market,148400.0,1,Discovery,0.72,0,0,1,0,1,3,5,9.5,0.7,Demo
D0967,Solstice Media,Logistics,Mid-Market,148400.0,2,Demo,0.76,0,1,1,1,1,2,14,21.4,0.72,Evaluation
D0967,Solstice Media,Logistics,Mid-Market,148400.0,3,Evaluation,0.8,0,1,1,1,1,3,3,13.1,0.75,Negotiation
D0968,Cascade Security,Education,SMB,64400.0,1,Discovery,0.5,0,0,0,0,1,2,1,41.2,0.43,Demo
D0968,Cascade Security,Education,SMB,64400.0,2,Demo,0.45,0,0,0,0,1,2,13,27.7,0.4,Evaluation
D0968,Cascade Security,Education,SMB,64400.0,3,Evaluation,0.41,1,0,0,0,1,3,4,15.1,0.38,Evaluation
D0968,Cascade Security,Education,SMB,64400.0,4,Evaluation,0.44,1,0,0,0,1,4,10,82.4,0.4,Evaluation
D0968,Cascade Security,Education,SMB,64400.0,5,Evaluation,0.49,1,0,0,0,1,3,14,2.0,0.43,Evaluation
D0969,Kestrel Instruments,Education,Mid-Market,62000.0,1,Discovery,0.57,0,0,0,0,1,1,1,2.0,0.55,Demo
D0969,Kestrel Instruments,Education,Mid-Market,62000.0,2,Demo,0.53,0,0,0,1,1,2,7,35.9,0.53,Evaluation
D0969,Kestrel Instruments,Education,Mid-Market,62000.0,3,Evaluation,0.58,0,1,0,1,1,1,10,29.9,0.56,Negotiation
D0969,Kestrel Instruments,Education,Mid-Market,62000.0,4,Negotiation,0.56,1,1,0,1,1,1,11,9.9,0.55,Proposal
D0969,Kestrel Instruments,Education,Mid-Market,62000.0,5,Proposal,0.61,1,1,0,1,1,4,12,27.8,0.58,Closed Won
D0970,Novus Capital,Logistics,SMB,44700.0,1,Discovery,0.35,1,1,0,0,0,2,3,14.9,0.37,Lost
D0971,Helix Diagnostics,Healthcare,Enterprise,178900.0,1,Discovery,0.56,0,0,1,0,1,4,4,29.7,0.6,Demo
D0971,Helix Diagnostics,Healthcare,Enterprise,178900.0,2,Demo,0.53,0,0,1,1,1,2,12,12.7,0.58,Evaluation
D0971,Helix Diagnostics,Healthcare,Enterprise,178900.0,3,Evaluation,0.49,0,0,1,1,1,1,4,11.2,0.56,Negotiation
D0972,Kestrel Instruments,Retail,Startup,25800.0,1,Discovery,0.72,0,0,1,0,0,4,3,7.0,0.65,Demo
D0972,Kestrel Instruments,Retail,Startup,25800.0,2,Demo,0.65,0,1,1,1,0,4,5,3.1,0.61,Evaluation
D0973,Novus Capital,Technology,Startup,17400.0,1,Discovery,0.36,0,0,1,0,0,3,2,121.0,0.34,Discovery
D0973,Novus Capital,Technology,Startup,17400.0,2,Discovery,0.28,0,0,1,0,1,1,9,16.5,0.3,Discovery
D0973,Novus Capital,Technology,Startup,17400.0,3,Discovery,0.29,0,1,1,0,1,4,8,2.2,0.3,Discovery
D0973,Novus Capital,Technology,Startup,17400.0,4,Discovery,0.19,0,1,1,0,1,3,2,14.4,0.24,Discovery
D0973,Novus Capital,Technology,Startup,17400.0,5,Discovery,0.12,0,1,1,0,1,4,13,24.5,0.2,Discovery
D0973,Novus Capital,Technology,Startup,17400.0,6,Discovery,0.2,0,1,1,1,1,3,1,6.1,0.25,Demo
D0974,BlueShift AI,Manufacturing,Startup,21800.0,1,Discovery,0.85,1,0,0,0,1,3,1,119.0,0.8,Demo
D0974,BlueShift AI,Manufacturing,Startup,21800.0,2,Demo,0.83,1,0,0,1,1,4,4,11.7,0.79,Evaluation
D0974,BlueShift AI,Manufacturing,Startup,21800.0,3,Evaluation,0.86,1,0,0,1,1,4,3,8.6,0.8,Negotiation
D0974,BlueShift AI,Manufacturing,Startup,21800.0,4,Negotiation,0.84,1,1,0,1,1,4,10,10.0,0.79,Proposal
D0974,BlueShift AI,Manufacturing,Startup,21800.0,5,Proposal,0.94,1,1,0,1,1,1,9,2.4,0.85,Closed Won
D0975,Aegis Software,Financial Services,Enterprise,194900.0,1,Discovery,0.72,0,1,1,0,1,1,4,47.0,0.68,Demo
D0975,Aegis Software,Financial Services,Enterprise,194900.0,2,Demo,0.79,0,2,1,1,1,2,9,11.7,0.72,Evaluation
D0975,Aegis Software,Financial Services,Enterprise,194900.0,3,Evaluation,0.91,0,2,1,1,1,3,14,10.7,0.79,Negotiation
D0976,Acuity Networks,Education,Startup,19800.0,1,Discovery,0.62,0,1,1,0,0,2,5,10.6,0.69,Discovery
D0976,Acuity Networks,Education,Startup,19800.0,2,Discovery,0.64,0,1,1,0,0,4,9,18.9,0.7,Discovery
D0976,Acuity Networks,Education,Startup,19800.0,3,Discovery,0.64,0,1,1,1,1,2,14,2.0,0.7,Demo
D0976,Acuity Networks,Education,Startup,19800.0,4,Demo,0.75,1,1,1,1,1,4,10,30.5,0.77,Evaluation
D0977,Cobalt Freight,Logistics,Startup,22000.0,1,Discovery,0.59,0,0,0,0,1,3,1,40.8,0.46,Demo
D0977,Cobalt Freight,Logistics,Startup,22000.0,2,Demo,0.52,0,0,0,0,1,3,7,120.5,0.42,Demo
D0978,Vanguard Supply,Manufacturing,SMB,29000.0,1,Discovery,0.62,0,0,1,0,0,4,5,22.2,0.5,Discovery
D0978,Vanguard Supply,Manufacturing,SMB,29000.0,2,Discovery,0.52,0,0,1,0,1,2,4,31.4,0.44,Demo
D0978,Vanguard Supply,Manufacturing,SMB,29000.0,3,Demo,0.41,0,0,1,1,1,2,8,29.8,0.38,Evaluation
D0978,Vanguard Supply,Manufacturing,SMB,29000.0,4,Evaluation,0.46,0,1,1,1,1,1,2,17.5,0.41,Negotiation
D0978,Vanguard Supply,Manufacturing,SMB,29000.0,5,Negotiation,0.38,0,2,1,1,1,2,8,14.1,0.36,Proposal
D0978,Vanguard Supply,Manufacturing,SMB,29000.0,6,Proposal,0.43,0,2,1,1,1,1,6,4.6,0.39,Closed Won
D0979,Acuity Networks,Healthcare,SMB,38500.0,1,Discovery,0.57,0,0,1,0,1,4,4,9.2,0.65,Demo
D0979,Acuity Networks,Healthcare,SMB,38500.0,2,Demo,0.57,0,1,1,1,1,1,9,3.3,0.65,Evaluation
D0979,Acuity Networks,Healthcare,SMB,38500.0,3,Evaluation,0.58,0,1,1,1,1,4,4,24.6,0.66,Negotiation
D0979,Acuity Networks,Healthcare,SMB,38500.0,4,Negotiation,0.66,0,2,1,1,1,3,10,4.3,0.7,Proposal
D0979,Acuity Networks,Healthcare,SMB,38500.0,5,Proposal,0.65,0,2,1,1,1,3,10,2.0,0.7,Proposal
D0979,Acuity Networks,Healthcare,SMB,38500.0,6,Proposal,0.6,0,2,1,1,1,3,4,14.9,0.67,Closed Won
D0980,BrightPath Logistics,Healthcare,Startup,15400.0,1,Discovery,0.41,0,0,0,0,0,1,1,24.2,0.44,Discovery
D0980,BrightPath Logistics,Healthcare,Startup,15400.0,2,Discovery,0.27,0,1,1,1,0,2,10,55.0,0.35,Discovery
D0980,BrightPath Logistics,Healthcare,Startup,15400.0,3,Discovery,0.19,1,1,1,1,1,3,6,23.0,0.3,Demo
D0980,BrightPath Logistics,Healthcare,Startup,15400.0,4,Demo,0.21,1,1,1,1,1,2,10,11.3,0.32,Evaluation
D0981,Pulse Dynamics,Healthcare,SMB,64600.0,1,Discovery,0.67,0,1,0,0,0,3,4,15.1,0.69,Discovery
D0981,Pulse Dynamics,Healthcare,SMB,64600.0,2,Discovery,0.68,0,2,1,1,1,2,13,2.0,0.7,Demo
D0981,Pulse Dynamics,Healthcare,SMB,64600.0,3,Demo,0.73,0,3,1,1,1,3,8,16.2,0.73,Evaluation
D0981,Pulse Dynamics,Healthcare,SMB,64600.0,4,Evaluation,0.76,1,3,1,1,1,2,8,46.4,0.75,Negotiation
D0982,Prime Packaging,Financial Services,Mid-Market,153000.0,1,Discovery,0.7,0,1,0,0,0,3,3,6.4,0.73,Demo
D0982,Prime Packaging,Financial Services,Mid-Market,153000.0,2,Demo,0.64,0,2,0,1,1,1,10,2.8,0.7,Evaluation
D0983,Pulse Dynamics,Technology,SMB,40200.0,1,Discovery,0.55,0,0,1,0,1,1,1,22.8,0.43,Demo
D0983,Pulse Dynamics,Technology,SMB,40200.0,2,Demo,0.54,0,0,1,1,1,4,13,36.5,0.42,Evaluation
D0983,Pulse Dynamics,Technology,SMB,40200.0,3,Evaluation,0.5,0,0,1,1,1,4,14,3.4,0.4,Negotiation
D0983,Pulse Dynamics,Technology,SMB,40200.0,4,Negotiation,0.52,0,0,1,1,1,3,12,113.0,0.41,Proposal
D0983,Pulse Dynamics,Technology,SMB,40200.0,5,Proposal,0.38,0,0,1,1,1,4,6,56.7,0.33,Closed Won
D0984,OmniCommerce,Technology,SMB,64900.0,1,Discovery,0.7,1,0,1,0,1,2,4,17.5,0.7,Demo
D0984,OmniCommerce,Technology,SMB,64900.0,2,Demo,0.67,1,0,1,0,1,1,13,34.8,0.69,Evaluation
D0984,OmniCommerce,Technology,SMB,64900.0,3,Evaluation,0.59,1,1,1,1,1,2,8,2.0,0.64,Negotiation
D0984,OmniCommerce,Technology,SMB,64900.0,4,Negotiation,0.61,1,1,1,1,1,1,8,12.8,0.65,Proposal
D0984,OmniCommerce,Technology,SMB,64900.0,5,Proposal,0.62,1,1,1,1,1,3,14,19.6,0.66,Proposal
D0984,OmniCommerce,Technology,SMB,64900.0,6,Proposal,0.67,1,1,1,1,1,1,7,34.8,0.69,Closed Won
D0985,BlueShift AI,Retail,SMB,74800.0,1,Discovery,0.48,1,0,1,0,0,3,2,45.2,0.45,Lost
D0986,Coastal Foods Ltd,Healthcare,SMB,66300.0,1,Discovery,0.68,0,0,1,0,1,1,5,6.9,0.67,Demo
D0986,Coastal Foods Ltd,Healthcare,SMB,66300.0,2,Demo,0.61,0,0,1,1,1,3,4,59.9,0.63,Evaluation
D0986,Coastal Foods Ltd,Healthcare,SMB,66300.0,3,Evaluation,0.52,1,1,1,1,1,1,9,2.8,0.57,Negotiation
D0986,Coastal Foods Ltd,Healthcare,SMB,66300.0,4,Negotiation,0.45,1,1,1,1,1,3,8,44.1,0.53,Proposal
D0986,Coastal Foods Ltd,Healthcare,SMB,66300.0,5,Proposal,0.37,1,1,1,1,1,1,14,75.0,0.48,Closed Won
D0987,Vanguard Supply,Retail,Mid-Market,95600.0,1,Discovery,0.5,1,1,0,0,0,1,3,8.3,0.39,Discovery
D0987,Vanguard Supply,Retail,Mid-Market,95600.0,2,Discovery,0.55,2,1,1,0,0,4,11,54.2,0.42,Discovery
D0987,Vanguard Supply,Retail,Mid-Market,95600.0,3,Discovery,0.6,2,1,1,1,0,2,1,2.0,0.45,Lost
D0988,Solstice Media,Education,SMB,62200.0,1,Discovery,0.57,0,0,1,0,0,3,2,13.5,0.54,Discovery
D0988,Solstice Media,Education,SMB,62200.0,2,Discovery,0.48,0,0,1,1,0,4,14,18.9,0.48,Demo
D0988,Solstice Media,Education,SMB,62200.0,3,Demo,0.5,0,0,1,1,0,1,4,22.6,0.5,Evaluation
D0988,Solstice Media,Education,SMB,62200.0,4,Evaluation,0.48,1,1,1,1,1,4,13,71.6,0.48,Lost
D0989,Cobalt Freight,Technology,SMB,50100.0,1,Discovery,0.37,0,0,0,0,0,1,1,30.0,0.41,Discovery
D0989,Cobalt Freight,Technology,SMB,50100.0,2,Discovery,0.28,0,1,1,1,1,3,4,17.7,0.36,Demo
D0989,Cobalt Freight,Technology,SMB,50100.0,3,Demo,0.33,0,2,1,1,1,4,5,44.7,0.39,Lost
D0990,Everline Retail,Healthcare,SMB,54700.0,1,Discovery,0.54,0,0,0,0,0,3,2,80.6,0.51,Discovery
D0990,Everline Retail,Healthcare,SMB,54700.0,2,Discovery,0.5,0,0,0,0,0,1,9,2.0,0.49,Discovery
D0990,Everline Retail,Healthcare,SMB,54700.0,3,Discovery,0.41,0,1,1,1,1,2,4,108.5,0.43,Demo
D0991,Vector Mobility,Manufacturing,SMB,30200.0,1,Discovery,0.52,0,0,0,0,0,2,3,59.3,0.44,Discovery
D0991,Vector Mobility,Manufacturing,SMB,30200.0,2,Discovery,0.42,0,1,0,0,0,1,5,11.6,0.38,Discovery
D0991,Vector Mobility,Manufacturing,SMB,30200.0,3,Discovery,0.3,0,1,0,0,1,4,12,5.0,0.3,Discovery
D0991,Vector Mobility,Manufacturing,SMB,30200.0,4,Discovery,0.36,0,1,0,0,1,2,10,20.4,0.34,Discovery
D0992,Skyward Aerospace,Logistics,Startup,19800.0,1,Discovery,0.48,0,0,0,0,1,4,2,9.5,0.57,Demo
D0992,Skyward Aerospace,Logistics,Startup,19800.0,2,Demo,0.43,0,0,0,1,1,2,2,2.0,0.54,Evaluation
D0992,Skyward Aerospace,Logistics,Startup,19800.0,3,Evaluation,0.33,0,1,0,1,1,1,5,18.2,0.48,Negotiation
D0992,Skyward Aerospace,Logistics,Startup,19800.0,4,Negotiation,0.42,1,1,0,1,1,3,11,46.2,0.53,Lost
D0993,Frontier FinCorp,Retail,Enterprise,235800.0,1,Discovery,0.43,0,1,0,0,0,2,5,19.9,0.35,Discovery
D0993,Frontier FinCorp,Retail,Enterprise,235800.0,2,Discovery,0.5,0,1,0,0,1,1,5,10.0,0.39,Demo
D0993,Frontier FinCorp,Retail,Enterprise,235800.0,3,Demo,0.55,0,2,0,1,1,2,12,24.1,0.42,Evaluation
D0993,Frontier FinCorp,Retail,Enterprise,235800.0,4,Evaluation,0.5,0,2,0,1,1,4,3,2.0,0.39,Negotiation
D0994,Aegis Software,Retail,SMB,47300.0,1,Discovery,0.69,0,1,1,0,0,3,2,38.3,0.66,Discovery
D0994,Aegis Software,Retail,SMB,47300.0,2,Discovery,0.65,0,1,1,0,0,4,11,19.4,0.64,Discovery
D0994,Aegis Software,Retail,SMB,47300.0,3,Discovery,0.66,0,1,1,1,1,1,14,9.5,0.65,Demo
D0994,Aegis Software,Retail,SMB,47300.0,4,Demo,0.67,0,1,1,1,1,2,13,35.1,0.65,Evaluation
D0995,Summit BioPharma,Healthcare,Startup,16600.0,1,Discovery,0.52,0,1,1,0,1,1,1,32.0,0.63,Demo
D0995,Summit BioPharma,Healthcare,Startup,16600.0,2,Demo,0.44,1,1,1,0,1,1,9,18.3,0.58,Demo
D0995,Summit BioPharma,Healthcare,Startup,16600.0,3,Demo,0.36,2,1,1,0,1,3,6,28.1,0.53,Demo
D0995,Summit BioPharma,Healthcare,Startup,16600.0,4,Demo,0.26,3,1,1,0,1,1,5,16.7,0.47,Lost
D0996,OmniCommerce,Retail,SMB,39500.0,1,Discovery,0.35,0,0,1,0,0,2,2,22.8,0.3,Discovery
D0996,OmniCommerce,Retail,SMB,39500.0,2,Discovery,0.42,0,0,1,1,0,1,6,134.9,0.34,Lost
D0997,Kestrel Instruments,Education,Startup,9200.0,1,Discovery,0.33,0,0,1,0,0,1,3,21.6,0.38,Discovery
D0997,Kestrel Instruments,Education,Startup,9200.0,2,Discovery,0.33,0,0,1,0,1,2,7,25.7,0.38,Discovery
D0998,Aegis Software,Retail,SMB,65500.0,1,Discovery,0.51,0,0,1,0,1,2,4,18.4,0.61,Demo
D0998,Aegis Software,Retail,SMB,65500.0,2,Demo,0.42,0,1,1,1,1,2,5,15.9,0.56,Evaluation
D0999,Trident Tech,Retail,SMB,66300.0,1,Discovery,0.8,0,0,1,0,1,2,5,2.0,0.77,Demo
D0999,Trident Tech,Retail,SMB,66300.0,2,Demo,0.87,0,1,1,1,1,2,3,17.8,0.82,Evaluation
D0999,Trident Tech,Retail,SMB,66300.0,3,Evaluation,0.92,0,2,1,1,1,1,5,27.8,0.85,Negotiation
D0999,Trident Tech,Retail,SMB,66300.0,4,Negotiation,0.93,0,2,1,1,1,3,14,14.3,0.85,Proposal
D0999,Trident Tech,Retail,SMB,66300.0,5,Proposal,0.96,0,3,1,1,1,3,7,4.9,0.87,Proposal
D1000,Pulse Dynamics,Retail,Mid-Market,95900.0,1,Discovery,0.75,0,1,1,0,1,3,3,2.0,0.68,Demo
D1000,Pulse Dynamics,Retail,Mid-Market,95900.0,2,Demo,0.82,0,2,1,0,1,4,12,13.4,0.73,Evaluation
D1000,Pulse Dynamics,Retail,Mid-Market,95900.0,3,Evaluation,0.72,0,2,1,0,1,1,2,4.1,0.67,Negotiation
D1000,Pulse Dynamics,Retail,Mid-Market,95900.0,4,Negotiation,0.71,0,2,1,1,1,2,4,4.7,0.66,Proposal
D1000,Pulse Dynamics,Retail,Mid-Market,95900.0,5,Proposal,0.81,0,2,1,1,1,1,1,5.2,0.72,Closed Won
D1001,Zenith Textiles,Education,Enterprise,158300.0,1,Discovery,0.44,1,0,1,0,1,2,5,17.4,0.39,Discovery
D1001,Zenith Textiles,Education,Enterprise,158300.0,2,Discovery,0.29,1,1,1,1,1,1,4,2.0,0.3,Demo
D1001,Zenith Textiles,Education,Enterprise,158300.0,3,Demo,0.25,1,1,1,1,1,1,8,18.1,0.27,Evaluation
D1001,Zenith Textiles,Education,Enterprise,158300.0,4,Evaluation,0.23,1,1,1,1,1,3,1,25.6,0.26,Negotiation
D1001,Zenith Textiles,Education,Enterprise,158300.0,5,Negotiation,0.18,1,1,1,1,1,1,12,23.6,0.23,Proposal
D1001,Zenith Textiles,Education,Enterprise,158300.0,6,Proposal,0.21,2,2,1,1,1,3,11,17.2,0.25,Lost
D1002,NexGen Health,Manufacturing,Startup,25600.0,1,Discovery,0.36,0,0,1,0,1,4,5,78.9,0.3,Discovery
D1002,NexGen Health,Manufacturing,Startup,25600.0,2,Discovery,0.23,0,0,1,0,1,3,3,6.8,0.22,Discovery
D1002,NexGen Health,Manufacturing,Startup,25600.0,3,Discovery,0.22,1,0,1,1,1,1,5,30.4,0.22,Demo
D1002,NexGen Health,Manufacturing,Startup,25600.0,4,Demo,0.14,2,0,1,1,1,4,14,2.8,0.17,Demo
D1002,NexGen Health,Manufacturing,Startup,25600.0,5,Demo,0.21,2,1,1,1,1,1,9,3.2,0.21,Lost
D1003,Everline Retail,Technology,Startup,12400.0,1,Discovery,0.31,0,0,0,0,0,3,5,27.5,0.33,Discovery
D1003,Everline Retail,Technology,Startup,12400.0,2,Discovery,0.29,0,0,1,0,0,4,4,26.9,0.32,Discovery
D1003,Everline Retail,Technology,Startup,12400.0,3,Discovery,0.25,0,0,1,1,0,4,11,67.9,0.29,Discovery
D1004,BlueShift AI,Technology,Startup,31700.0,1,Discovery,0.26,0,0,0,0,0,2,2,123.6,0.26,Lost
D1005,Pulse Dynamics,Manufacturing,SMB,44000.0,1,Discovery,0.68,0,0,1,0,0,1,1,2.0,0.72,Demo
D1005,Pulse Dynamics,Manufacturing,SMB,44000.0,2,Demo,0.7,0,0,1,0,0,2,5,2.0,0.73,Evaluation
D1005,Pulse Dynamics,Manufacturing,SMB,44000.0,3,Evaluation,0.75,0,0,1,1,1,3,3,2.0,0.76,Negotiation
D1005,Pulse Dynamics,Manufacturing,SMB,44000.0,4,Negotiation,0.71,0,0,1,1,1,1,5,3.8,0.74,Proposal
D1005,Pulse Dynamics,Manufacturing,SMB,44000.0,5,Proposal,0.82,0,1,1,1,1,4,7,14.4,0.8,Closed Won
D1006,Acuity Networks,Manufacturing,Startup,10000.0,1,Discovery,0.42,0,0,0,0,0,2,1,41.7,0.35,Discovery
D1006,Acuity Networks,Manufacturing,Startup,10000.0,2,Discovery,0.33,1,0,1,0,1,2,3,2.0,0.3,Discovery
D1006,Acuity Networks,Manufacturing,Startup,10000.0,3,Discovery,0.28,1,0,1,1,1,2,4,117.4,0.27,Discovery
D1006,Acuity Networks,Manufacturing,Startup,10000.0,4,Discovery,0.15,1,0,1,1,1,3,11,74.3,0.19,Lost
D1007,Skyward Aerospace,Manufacturing,Mid-Market,134300.0,1,Discovery,0.56,1,0,1,0,0,4,1,7.2,0.61,Discovery
D1007,Skyward Aerospace,Manufacturing,Mid-Market,134300.0,2,Discovery,0.68,1,0,1,1,1,3,11,2.0,0.68,Demo
D1007,Skyward Aerospace,Manufacturing,Mid-Market,134300.0,3,Demo,0.64,1,0,1,1,1,1,5,3.8,0.65,Evaluation
D1007,Skyward Aerospace,Manufacturing,Mid-Market,134300.0,4,Evaluation,0.71,2,1,1,1,1,4,5,2.8,0.7,Negotiation
D1007,Skyward Aerospace,Manufacturing,Mid-Market,134300.0,5,Negotiation,0.82,2,2,1,1,1,1,8,2.7,0.76,Proposal
D1007,Skyward Aerospace,Manufacturing,Mid-Market,134300.0,6,Proposal,0.79,2,2,1,1,1,2,14,15.1,0.74,Lost
D1008,Zenith Textiles,Education,SMB,48700.0,1,Discovery,0.31,0,0,0,0,0,4,3,11.3,0.29,Discovery
D1008,Zenith Textiles,Education,SMB,48700.0,2,Discovery,0.26,0,0,1,1,0,3,6,17.8,0.26,Discovery
D1008,Zenith Textiles,Education,SMB,48700.0,3,Discovery,0.26,0,0,1,1,0,4,3,182.5,0.26,Lost
D1009,BrightPath Logistics,Retail,Enterprise,141800.0,1,Discovery,0.52,0,0,0,0,1,2,4,27.4,0.54,Demo
D1009,BrightPath Logistics,Retail,Enterprise,141800.0,2,Demo,0.57,0,1,0,1,1,1,9,70.7,0.57,Evaluation
D1009,BrightPath Logistics,Retail,Enterprise,141800.0,3,Evaluation,0.59,0,2,0,1,1,4,2,3.7,0.58,Negotiation
D1009,BrightPath Logistics,Retail,Enterprise,141800.0,4,Negotiation,0.58,0,3,0,1,1,2,13,11.4,0.57,Proposal
D1010,Aegis Software,Retail,Startup,12700.0,1,Discovery,0.53,0,0,1,0,0,1,3,2.1,0.51,Discovery
D1010,Aegis Software,Retail,Startup,12700.0,2,Discovery,0.45,0,0,1,1,1,3,4,2.0,0.46,Demo
D1011,Everline Retail,Manufacturing,Mid-Market,105500.0,1,Discovery,0.7,0,1,0,0,0,1,3,24.0,0.65,Discovery
D1011,Everline Retail,Manufacturing,Mid-Market,105500.0,2,Discovery,0.73,0,1,1,0,0,3,13,12.4,0.67,Demo
D1011,Everline Retail,Manufacturing,Mid-Market,105500.0,3,Demo,0.69,0,2,1,1,0,4,6,15.7,0.64,Evaluation
D1011,Everline Retail,Manufacturing,Mid-Market,105500.0,4,Evaluation,0.7,0,3,1,1,1,2,13,12.5,0.65,Negotiation
D1011,Everline Retail,Manufacturing,Mid-Market,105500.0,5,Negotiation,0.63,0,3,1,1,1,1,11,2.0,0.61,Proposal
D1011,Everline Retail,Manufacturing,Mid-Market,105500.0,6,Proposal,0.58,0,3,1,1,1,3,4,9.5,0.58,Closed Won
D1012,Prime Packaging,Manufacturing,Startup,33500.0,1,Discovery,0.85,0,0,0,0,0,3,4,4.4,0.75,Demo
D1012,Prime Packaging,Manufacturing,Startup,33500.0,2,Demo,0.87,0,0,0,1,0,2,3,2.3,0.76,Evaluation
D1012,Prime Packaging,Manufacturing,Startup,33500.0,3,Evaluation,0.95,0,0,0,1,1,2,13,70.1,0.81,Negotiation
D1013,Cascade Security,Manufacturing,SMB,47000.0,1,Discovery,0.63,0,0,0,0,1,2,1,33.0,0.58,Demo
D1013,Cascade Security,Manufacturing,SMB,47000.0,2,Demo,0.54,0,1,0,1,1,1,7,9.6,0.53,Evaluation
D1013,Cascade Security,Manufacturing,SMB,47000.0,3,Evaluation,0.5,0,1,0,1,1,2,2,12.6,0.5,Negotiation
D1013,Cascade Security,Manufacturing,SMB,47000.0,4,Negotiation,0.5,1,1,0,1,1,2,10,6.8,0.5,Proposal
D1013,Cascade Security,Manufacturing,SMB,47000.0,5,Proposal,0.55,1,1,0,1,1,2,12,2.6,0.53,Closed Won
D1014,BlueShift AI,Healthcare,SMB,43300.0,1,Discovery,0.58,0,0,1,0,1,1,1,6.1,0.5,Demo
D1014,BlueShift AI,Healthcare,SMB,43300.0,2,Demo,0.44,0,0,1,0,1,2,3,49.1,0.42,Demo
D1014,BlueShift AI,Healthcare,SMB,43300.0,3,Demo,0.48,0,0,1,1,1,2,9,34.8,0.44,Evaluation
D1014,BlueShift AI,Healthcare,SMB,43300.0,4,Evaluation,0.41,0,1,1,1,1,3,3,24.4,0.4,Negotiation
D1014,BlueShift AI,Healthcare,SMB,43300.0,5,Negotiation,0.28,0,1,1,1,1,3,8,19.8,0.32,Proposal
D1014,BlueShift AI,Healthcare,SMB,43300.0,6,Proposal,0.23,0,1,1,1,1,2,14,78.6,0.29,Closed Won
D1015,Skyward Aerospace,Logistics,SMB,63300.0,1,Discovery,0.45,0,0,0,0,0,4,1,2.5,0.41,Discovery
D1015,Skyward Aerospace,Logistics,SMB,63300.0,2,Discovery,0.36,0,0,0,0,0,1,4,11.0,0.35,Discovery
D1015,Skyward Aerospace,Logistics,SMB,63300.0,3,Discovery,0.36,0,0,1,0,0,2,1,14.4,0.35,Lost
D1016,Acuity Networks,Technology,Mid-Market,118100.0,1,Discovery,0.59,0,0,1,0,1,2,3,29.6,0.64,Demo
D1016,Acuity Networks,Technology,Mid-Market,118100.0,2,Demo,0.52,0,0,1,1,1,3,12,95.0,0.6,Evaluation
D1017,Zenith Textiles,Manufacturing,Mid-Market,81900.0,1,Discovery,0.69,0,0,1,0,1,2,1,42.2,0.69,Demo
D1017,Zenith Textiles,Manufacturing,Mid-Market,81900.0,2,Demo,0.79,0,0,1,0,1,1,14,36.1,0.75,Evaluation
D1017,Zenith Textiles,Manufacturing,Mid-Market,81900.0,3,Evaluation,0.81,0,0,1,1,1,1,9,5.2,0.76,Negotiation
D1017,Zenith Textiles,Manufacturing,Mid-Market,81900.0,4,Negotiation,0.93,0,0,1,1,1,3,13,10.4,0.83,Proposal
D1017,Zenith Textiles,Manufacturing,Mid-Market,81900.0,5,Proposal,0.96,0,1,1,1,1,1,12,10.7,0.85,Closed Won
D1018,Helix Diagnostics,Manufacturing,Enterprise,344000.0,1,Discovery,0.63,0,1,0,0,1,4,4,72.3,0.68,Demo
D1018,Helix Diagnostics,Manufacturing,Enterprise,344000.0,2,Demo,0.73,0,2,0,0,1,4,7,3.8,0.74,Evaluation
D1018,Helix Diagnostics,Manufacturing,Enterprise,344000.0,3,Evaluation,0.64,0,2,0,0,1,1,1,30.3,0.69,Negotiation
D1018,Helix Diagnostics,Manufacturing,Enterprise,344000.0,4,Negotiation,0.73,0,2,0,0,1,1,12,7.7,0.74,Proposal
D1018,Helix Diagnostics,Manufacturing,Enterprise,344000.0,5,Proposal,0.63,0,2,0,0,1,3,13,24.8,0.68,Closed Won
D1019,Coastal Foods Ltd,Manufacturing,Startup,15900.0,1,Discovery,0.38,0,0,1,0,1,4,4,15.1,0.41,Demo
D1019,Coastal Foods Ltd,Manufacturing,Startup,15900.0,2,Demo,0.26,0,0,1,1,1,3,3,24.0,0.33,Evaluation
D1019,Coastal Foods Ltd,Manufacturing,Startup,15900.0,3,Evaluation,0.15,0,1,1,1,1,4,5,49.7,0.27,Lost
D1020,Prime Packaging,Financial Services,SMB,29000.0,1,Discovery,0.48,0,0,1,0,0,4,1,29.6,0.61,Discovery
D1020,Prime Packaging,Financial Services,SMB,29000.0,2,Discovery,0.56,0,0,1,1,1,3,10,36.5,0.65,Demo
D1021,Kestrel Instruments,Retail,Enterprise,343200.0,1,Discovery,0.7,0,1,0,0,0,1,1,26.6,0.66,Discovery
D1021,Kestrel Instruments,Retail,Enterprise,343200.0,2,Discovery,0.71,0,2,1,1,1,4,10,3.4,0.66,Demo
D1021,Kestrel Instruments,Retail,Enterprise,343200.0,3,Demo,0.72,0,2,1,1,1,3,5,12.1,0.67,Evaluation
D1022,Aegis Software,Technology,Enterprise,316900.0,1,Discovery,0.76,0,0,0,0,0,3,3,10.6,0.73,Demo
D1022,Aegis Software,Technology,Enterprise,316900.0,2,Demo,0.73,0,0,0,0,1,3,8,15.0,0.71,Evaluation
D1022,Aegis Software,Technology,Enterprise,316900.0,3,Evaluation,0.82,1,0,0,0,1,3,9,116.2,0.76,Evaluation
D1022,Aegis Software,Technology,Enterprise,316900.0,4,Evaluation,0.78,1,0,0,0,1,3,14,3.0,0.74,Negotiation
D1022,Aegis Software,Technology,Enterprise,316900.0,5,Negotiation,0.73,1,0,0,0,1,4,12,23.1,0.71,Proposal
D1022,Aegis Software,Technology,Enterprise,316900.0,6,Proposal,0.73,2,0,0,0,1,4,7,10.3,0.71,Closed Won
D1023,Pulse Dynamics,Manufacturing,Enterprise,200600.0,1,Discovery,0.64,1,0,0,0,0,2,4,3.5,0.6,Discovery
D1023,Pulse Dynamics,Manufacturing,Enterprise,200600.0,2,Discovery,0.74,1,0,0,0,0,4,12,4.2,0.66,Discovery
D1023,Pulse Dynamics,Manufacturing,Enterprise,200600.0,3,Discovery,0.69,1,0,0,0,1,4,3,72.7,0.63,Discovery
D1023,Pulse Dynamics,Manufacturing,Enterprise,200600.0,4,Discovery,0.76,1,1,0,0,1,4,8,51.7,0.67,Demo
D1023,Pulse Dynamics,Manufacturing,Enterprise,200600.0,5,Demo,0.76,1,1,0,1,1,4,7,58.0,0.67,Evaluation
D1023,Pulse Dynamics,Manufacturing,Enterprise,200600.0,6,Evaluation,0.84,1,1,0,1,1,2,13,116.4,0.72,Negotiation
D1024,Synthetix Labs,Technology,SMB,42800.0,1,Discovery,0.56,0,0,0,0,0,2,1,11.8,0.52,Discovery
D1024,Synthetix Labs,Technology,SMB,42800.0,2,Discovery,0.55,0,0,0,0,1,3,5,29.7,0.52,Demo
D1024,Synthetix Labs,Technology,SMB,42800.0,3,Demo,0.45,0,0,0,1,1,3,9,17.8,0.46,Evaluation
D1024,Synthetix Labs,Technology,SMB,42800.0,4,Evaluation,0.47,0,0,0,1,1,3,5,14.6,0.47,Negotiation
D1024,Synthetix Labs,Technology,SMB,42800.0,5,Negotiation,0.41,0,0,0,1,1,4,12,11.9,0.43,Proposal
D1024,Synthetix Labs,Technology,SMB,42800.0,6,Proposal,0.47,0,1,0,1,1,3,4,24.2,0.47,Closed Won
D1025,Atlas Energy,Manufacturing,Enterprise,299500.0,1,Discovery,0.67,0,0,1,0,0,2,4,19.0,0.65,Discovery
D1025,Atlas Energy,Manufacturing,Enterprise,299500.0,2,Discovery,0.71,0,0,1,0,0,4,11,3.9,0.67,Demo
D1025,Atlas Energy,Manufacturing,Enterprise,299500.0,3,Demo,0.62,0,0,1,1,1,4,7,14.2,0.62,Evaluation
D1026,Aegis Software,Financial Services,Enterprise,304900.0,1,Discovery,0.42,1,1,0,0,1,4,1,26.6,0.4,Discovery
D1026,Aegis Software,Financial Services,Enterprise,304900.0,2,Discovery,0.34,1,1,0,0,1,4,13,7.4,0.35,Discovery
D1026,Aegis Software,Financial Services,Enterprise,304900.0,3,Discovery,0.27,2,1,1,0,1,1,2,42.7,0.31,Lost
D1027,Coastal Foods Ltd,Technology,SMB,28700.0,1,Discovery,0.53,0,1,1,0,1,2,4,2.0,0.5,Demo
D1027,Coastal Foods Ltd,Technology,SMB,28700.0,2,Demo,0.42,1,1,1,0,1,3,12,12.0,0.43,Demo
D1027,Coastal Foods Ltd,Technology,SMB,28700.0,3,Demo,0.36,1,2,1,0,1,2,7,41.6,0.4,Demo
D1027,Coastal Foods Ltd,Technology,SMB,28700.0,4,Demo,0.42,1,2,1,1,1,1,6,22.8,0.43,Lost
D1028,BrightPath Logistics,Technology,SMB,52700.0,1,Discovery,0.6,0,0,1,0,1,3,3,5.5,0.68,Demo
D1028,BrightPath Logistics,Technology,SMB,52700.0,2,Demo,0.6,0,0,1,0,1,1,12,21.5,0.68,Evaluation
D1029,Summit BioPharma,Logistics,SMB,69000.0,1,Discovery,0.79,0,0,1,0,1,3,5,35.5,0.72,Demo
D1029,Summit BioPharma,Logistics,SMB,69000.0,2,Demo,0.88,0,0,1,1,1,3,13,29.7,0.77,Evaluation
D1029,Summit BioPharma,Logistics,SMB,69000.0,3,Evaluation,0.8,0,1,1,1,1,2,8,21.0,0.72,Negotiation
D1029,Summit BioPharma,Logistics,SMB,69000.0,4,Negotiation,0.8,0,2,1,1,1,3,3,15.0,0.72,Proposal
D1029,Summit BioPharma,Logistics,SMB,69000.0,5,Proposal,0.85,0,2,1,1,1,2,10,3.2,0.75,Closed Won
D1030,Cobalt Freight,Healthcare,SMB,52900.0,1,Discovery,0.47,1,0,0,0,1,3,2,8.1,0.47,Discovery
D1030,Cobalt Freight,Healthcare,SMB,52900.0,2,Discovery,0.41,2,1,1,1,1,3,8,14.4,0.44,Demo
D1030,Cobalt Freight,Healthcare,SMB,52900.0,3,Demo,0.3,2,1,1,1,1,2,13,24.3,0.37,Demo
D1030,Cobalt Freight,Healthcare,SMB,52900.0,4,Demo,0.22,2,2,1,1,1,3,2,19.2,0.32,Lost
D1031,OmniCommerce,Technology,SMB,30100.0,1,Discovery,0.53,0,0,0,0,1,2,3,13.9,0.41,Demo
D1031,OmniCommerce,Technology,SMB,30100.0,2,Demo,0.43,0,1,0,0,1,3,2,2.0,0.35,Evaluation
D1031,OmniCommerce,Technology,SMB,30100.0,3,Evaluation,0.4,0,1,0,0,1,1,4,28.0,0.34,Evaluation
D1031,OmniCommerce,Technology,SMB,30100.0,4,Evaluation,0.36,0,1,0,0,1,4,6,13.7,0.31,Evaluation
D1031,OmniCommerce,Technology,SMB,30100.0,5,Evaluation,0.37,0,1,0,0,1,1,12,54.1,0.32,Evaluation
D1031,OmniCommerce,Technology,SMB,30100.0,6,Evaluation,0.44,0,1,0,0,1,2,5,2.0,0.36,Negotiation
D1032,Vector Mobility,Retail,Startup,13800.0,1,Discovery,0.73,1,0,0,0,0,1,1,56.7,0.72,Discovery
D1032,Vector Mobility,Retail,Startup,13800.0,2,Discovery,0.63,1,0,0,0,1,2,2,3.8,0.66,Demo
D1032,Vector Mobility,Retail,Startup,13800.0,3,Demo,0.66,1,0,0,1,1,4,1,12.8,0.68,Evaluation
D1032,Vector Mobility,Retail,Startup,13800.0,4,Evaluation,0.77,1,0,0,1,1,1,7,2.0,0.74,Negotiation
D1032,Vector Mobility,Retail,Startup,13800.0,5,Negotiation,0.85,1,0,0,1,1,2,5,19.6,0.79,Proposal
D1033,Solstice Media,Technology,Startup,16500.0,1,Discovery,0.5,0,0,0,0,0,3,5,17.3,0.44,Discovery
D1033,Solstice Media,Technology,Startup,16500.0,2,Discovery,0.53,0,0,1,1,1,2,14,24.3,0.46,Demo
D1034,Cascade Security,Education,Enterprise,206500.0,1,Discovery,0.4,0,0,1,0,1,2,3,6.7,0.4,Demo
D1034,Cascade Security,Education,Enterprise,206500.0,2,Demo,0.31,0,0,1,0,1,4,11,2.0,0.34,Demo
D1034,Cascade Security,Education,Enterprise,206500.0,3,Demo,0.29,0,0,1,1,1,2,2,60.3,0.33,Evaluation
D1034,Cascade Security,Education,Enterprise,206500.0,4,Evaluation,0.27,0,0,1,1,1,1,13,26.3,0.32,Negotiation
D1035,BlueShift AI,Education,Enterprise,324100.0,1,Discovery,0.46,0,0,0,0,0,3,3,29.3,0.42,Discovery
D1035,BlueShift AI,Education,Enterprise,324100.0,2,Discovery,0.36,1,0,1,1,1,1,8,53.6,0.36,Demo
D1035,BlueShift AI,Education,Enterprise,324100.0,3,Demo,0.35,1,0,1,1,1,4,11,18.1,0.35,Evaluation
D1035,BlueShift AI,Education,Enterprise,324100.0,4,Evaluation,0.32,1,0,1,1,1,1,8,44.7,0.34,Negotiation
D1035,BlueShift AI,Education,Enterprise,324100.0,5,Negotiation,0.29,1,0,1,1,1,2,5,78.8,0.32,Negotiation
D1035,BlueShift AI,Education,Enterprise,324100.0,6,Negotiation,0.25,2,0,1,1,1,1,1,27.4,0.29,Negotiation
D1035,BlueShift AI,Education,Enterprise,324100.0,7,Negotiation,0.13,2,0,1,1,1,4,4,6.4,0.22,Negotiation
D1036,Aegis Software,Technology,Mid-Market,113700.0,1,Discovery,0.59,1,0,1,0,1,3,5,9.9,0.44,Demo
D1036,Aegis Software,Technology,Mid-Market,113700.0,2,Demo,0.46,1,1,1,1,1,4,7,12.6,0.36,Evaluation
D1036,Aegis Software,Technology,Mid-Market,113700.0,3,Evaluation,0.51,1,1,1,1,1,2,12,16.3,0.39,Negotiation
D1036,Aegis Software,Technology,Mid-Market,113700.0,4,Negotiation,0.4,1,2,1,1,1,2,5,36.1,0.32,Proposal
D1036,Aegis Software,Technology,Mid-Market,113700.0,5,Proposal,0.31,2,2,1,1,1,3,12,39.5,0.27,Proposal
D1037,Aegis Software,Retail,SMB,67400.0,1,Discovery,0.57,0,0,1,0,1,2,2,17.3,0.66,Demo
D1037,Aegis Software,Retail,SMB,67400.0,2,Demo,0.66,0,0,1,1,1,1,14,2.0,0.71,Evaluation
D1037,Aegis Software,Retail,SMB,67400.0,3,Evaluation,0.57,0,1,1,1,1,2,14,2.0,0.66,Negotiation
D1037,Aegis Software,Retail,SMB,67400.0,4,Negotiation,0.56,0,1,1,1,1,3,6,3.4,0.65,Proposal
D1037,Aegis Software,Retail,SMB,67400.0,5,Proposal,0.64,0,1,1,1,1,1,7,13.2,0.7,Closed Won
D1038,Vector Mobility,Retail,Enterprise,291600.0,1,Discovery,0.43,0,0,0,0,1,2,3,6.9,0.43,Demo
D1038,Vector Mobility,Retail,Enterprise,291600.0,2,Demo,0.51,0,0,0,1,1,2,10,9.5,0.48,Evaluation
D1039,Synthetix Labs,Healthcare,Mid-Market,150600.0,1,Discovery,0.81,0,0,1,0,1,2,5,32.8,0.77,Demo
D1039,Synthetix Labs,Healthcare,Mid-Market,150600.0,2,Demo,0.92,0,0,1,1,1,4,7,2.0,0.84,Evaluation
D1039,Synthetix Labs,Healthcare,Mid-Market,150600.0,3,Evaluation,0.96,0,1,1,1,1,2,14,20.6,0.86,Negotiation
D1039,Synthetix Labs,Healthcare,Mid-Market,150600.0,4,Negotiation,0.96,0,1,1,1,1,4,6,21.7,0.86,Proposal
D1039,Synthetix Labs,Healthcare,Mid-Market,150600.0,5,Proposal,0.96,0,1,1,1,1,4,1,31.5,0.86,Closed Won
D1040,Trident Tech,Retail,Enterprise,344800.0,1,Discovery,0.63,0,0,1,0,1,1,2,62.2,0.61,Demo
D1040,Trident Tech,Retail,Enterprise,344800.0,2,Demo,0.74,0,1,1,1,1,4,14,2.0,0.68,Evaluation
D1040,Trident Tech,Retail,Enterprise,344800.0,3,Evaluation,0.78,0,2,1,1,1,3,1,3.8,0.7,Negotiation
D1040,Trident Tech,Retail,Enterprise,344800.0,4,Negotiation,0.68,0,2,1,1,1,4,6,50.1,0.64,Proposal
D1040,Trident Tech,Retail,Enterprise,344800.0,5,Proposal,0.75,0,2,1,1,1,2,5,14.1,0.68,Closed Won
D1041,Frontier FinCorp,Manufacturing,Startup,8400.0,1,Discovery,0.53,0,0,0,0,1,3,3,18.3,0.56,Demo
D1041,Frontier FinCorp,Manufacturing,Startup,8400.0,2,Demo,0.43,0,0,0,1,1,4,13,24.0,0.5,Evaluation
D1041,Frontier FinCorp,Manufacturing,Startup,8400.0,3,Evaluation,0.36,0,0,0,1,1,1,6,25.1,0.46,Negotiation
D1041,Frontier FinCorp,Manufacturing,Startup,8400.0,4,Negotiation,0.28,0,0,0,1,1,3,9,59.2,0.41,Proposal
D1041,Frontier FinCorp,Manufacturing,Startup,8400.0,5,Proposal,0.24,0,1,0,1,1,1,1,127.8,0.39,Proposal
D1041,Frontier FinCorp,Manufacturing,Startup,8400.0,6,Proposal,0.19,0,1,0,1,1,3,2,28.1,0.36,Proposal
D1041,Frontier FinCorp,Manufacturing,Startup,8400.0,7,Proposal,0.29,1,1,0,1,1,4,8,7.5,0.42,Closed Won
D1042,Cascade Security,Retail,Mid-Market,80300.0,1,Discovery,0.78,1,1,1,0,1,2,2,51.5,0.68,Demo
D1042,Cascade Security,Retail,Mid-Market,80300.0,2,Demo,0.73,1,2,1,1,1,1,8,2.0,0.65,Evaluation
D1042,Cascade Security,Retail,Mid-Market,80300.0,3,Evaluation,0.83,1,2,1,1,1,3,14,6.4,0.71,Negotiation
D1042,Cascade Security,Retail,Mid-Market,80300.0,4,Negotiation,0.88,2,2,1,1,1,3,7,55.4,0.74,Lost
D1043,Trident Tech,Logistics,Enterprise,279400.0,1,Discovery,0.71,0,0,1,0,0,1,4,7.0,0.65,Demo
D1043,Trident Tech,Logistics,Enterprise,279400.0,2,Demo,0.74,1,0,1,0,0,2,7,5.9,0.67,Demo
D1043,Trident Tech,Logistics,Enterprise,279400.0,3,Demo,0.67,1,1,1,1,0,2,7,3.5,0.63,Evaluation
D1043,Trident Tech,Logistics,Enterprise,279400.0,4,Evaluation,0.62,1,1,1,1,1,2,14,46.6,0.6,Negotiation
D1044,Zenith Textiles,Education,SMB,63700.0,1,Discovery,0.84,0,0,1,0,0,3,4,27.8,0.72,Demo
D1044,Zenith Textiles,Education,SMB,63700.0,2,Demo,0.83,0,0,1,1,1,3,8,6.8,0.71,Evaluation
D1044,Zenith Textiles,Education,SMB,63700.0,3,Evaluation,0.9,0,0,1,1,1,3,1,35.1,0.75,Negotiation
D1044,Zenith Textiles,Education,SMB,63700.0,4,Negotiation,0.93,0,1,1,1,1,2,3,35.3,0.77,Proposal
D1044,Zenith Textiles,Education,SMB,63700.0,5,Proposal,0.85,0,1,1,1,1,2,10,9.3,0.72,Proposal
D1045,Synthetix Labs,Healthcare,SMB,51400.0,1,Discovery,0.75,1,0,1,0,1,4,1,4.3,0.77,Demo
D1045,Synthetix Labs,Healthcare,SMB,51400.0,2,Demo,0.84,1,0,1,0,1,1,14,68.2,0.82,Evaluation
D1045,Synthetix Labs,Healthcare,SMB,51400.0,3,Evaluation,0.83,1,0,1,1,1,2,6,18.8,0.81,Negotiation
D1046,Kestrel Instruments,Retail,Enterprise,221900.0,1,Discovery,0.45,0,0,1,0,0,2,5,12.3,0.4,Discovery
D1046,Kestrel Instruments,Retail,Enterprise,221900.0,2,Discovery,0.48,0,0,1,1,0,3,12,51.7,0.42,Demo
D1047,Cobalt Freight,Logistics,Mid-Market,98700.0,1,Discovery,0.29,0,0,1,0,1,1,5,41.6,0.3,Discovery
D1047,Cobalt Freight,Logistics,Mid-Market,98700.0,2,Discovery,0.14,0,0,1,1,1,4,11,119.0,0.21,Discovery
D1047,Cobalt Freight,Logistics,Mid-Market,98700.0,3,Discovery,0.12,0,1,1,1,1,2,8,17.7,0.2,Demo
D1047,Cobalt Freight,Logistics,Mid-Market,98700.0,4,Demo,0.19,1,1,1,1,1,4,7,4.9,0.24,Lost
D1048,Helix Diagnostics,Logistics,SMB,60700.0,1,Discovery,0.55,1,0,0,0,1,4,1,35.2,0.48,Discovery
D1048,Helix Diagnostics,Logistics,SMB,60700.0,2,Discovery,0.57,1,0,1,0,1,3,12,41.3,0.49,Discovery
D1048,Helix Diagnostics,Logistics,SMB,60700.0,3,Discovery,0.63,2,0,1,1,1,3,1,27.0,0.53,Demo
D1049,Cobalt Freight,Manufacturing,SMB,44300.0,1,Discovery,0.48,1,0,0,0,1,3,5,26.9,0.4,Discovery
D1049,Cobalt Freight,Manufacturing,SMB,44300.0,2,Discovery,0.46,1,0,0,0,1,3,5,14.3,0.38,Discovery
D1049,Cobalt Freight,Manufacturing,SMB,44300.0,3,Discovery,0.46,1,1,1,0,1,4,1,21.4,0.38,Discovery
D1049,Cobalt Freight,Manufacturing,SMB,44300.0,4,Discovery,0.46,1,1,1,1,1,3,2,39.7,0.38,Demo
D1049,Cobalt Freight,Manufacturing,SMB,44300.0,5,Demo,0.4,1,1,1,1,1,2,4,52.4,0.35,Lost
D1050,Helix Diagnostics,Manufacturing,SMB,50000.0,1,Discovery,0.45,0,0,1,0,1,1,4,7.3,0.45,Demo
D1050,Helix Diagnostics,Manufacturing,SMB,50000.0,2,Demo,0.43,1,0,1,1,1,3,9,14.3,0.44,Evaluation
D1050,Helix Diagnostics,Manufacturing,SMB,50000.0,3,Evaluation,0.45,2,1,1,1,1,2,7,8.6,0.45,Lost
D1051,Acuity Networks,Retail,Enterprise,316700.0,1,Discovery,0.58,0,0,1,0,0,1,4,5.1,0.58,Discovery
D1051,Acuity Networks,Retail,Enterprise,316700.0,2,Discovery,0.69,0,0,1,1,0,1,10,35.2,0.65,Demo
D1052,Apex Cloud Systems,Logistics,Mid-Market,109100.0,1,Discovery,0.6,1,0,1,0,0,3,1,14.4,0.51,Discovery
D1052,Apex Cloud Systems,Logistics,Mid-Market,109100.0,2,Discovery,0.63,1,0,1,1,1,4,1,43.3,0.53,Demo
D1052,Apex Cloud Systems,Logistics,Mid-Market,109100.0,3,Demo,0.57,1,0,1,1,1,1,7,70.7,0.49,Evaluation
D1052,Apex Cloud Systems,Logistics,Mid-Market,109100.0,4,Evaluation,0.57,1,0,1,1,1,1,2,58.2,0.49,Negotiation
D1052,Apex Cloud Systems,Logistics,Mid-Market,109100.0,5,Negotiation,0.63,2,0,1,1,1,1,6,6.3,0.53,Proposal
D1052,Apex Cloud Systems,Logistics,Mid-Market,109100.0,6,Proposal,0.69,3,0,1,1,1,2,5,97.3,0.57,Proposal
D1052,Apex Cloud Systems,Logistics,Mid-Market,109100.0,7,Proposal,0.6,4,0,1,1,1,1,6,14.7,0.51,Lost
D1053,Acuity Networks,Technology,Startup,18100.0,1,Discovery,0.53,0,0,1,0,0,4,5,10.0,0.54,Discovery
D1053,Acuity Networks,Technology,Startup,18100.0,2,Discovery,0.6,0,1,1,0,0,2,12,2.0,0.58,Discovery
D1053,Acuity Networks,Technology,Startup,18100.0,3,Discovery,0.66,0,1,1,1,0,2,9,16.1,0.61,Demo
D1053,Acuity Networks,Technology,Startup,18100.0,4,Demo,0.72,0,1,1,1,0,2,1,2.8,0.65,Evaluation
D1054,Skyward Aerospace,Retail,SMB,72400.0,1,Discovery,0.65,0,0,1,0,0,1,3,7.2,0.69,Demo
D1054,Skyward Aerospace,Retail,SMB,72400.0,2,Demo,0.72,0,0,1,1,0,4,11,31.4,0.73,Evaluation
D1054,Skyward Aerospace,Retail,SMB,72400.0,3,Evaluation,0.72,0,1,1,1,1,2,13,39.5,0.73,Negotiation
D1054,Skyward Aerospace,Retail,SMB,72400.0,4,Negotiation,0.84,0,1,1,1,1,1,13,6.8,0.8,Proposal
D1054,Skyward Aerospace,Retail,SMB,72400.0,5,Proposal,0.77,0,1,1,1,1,2,10,37.1,0.76,Closed Won
D1055,Acuity Networks,Manufacturing,SMB,73000.0,1,Discovery,0.62,0,0,1,0,1,3,2,51.4,0.56,Demo
D1055,Acuity Networks,Manufacturing,SMB,73000.0,2,Demo,0.53,0,0,1,1,1,1,10,38.2,0.51,Evaluation
D1056,Vanguard Supply,Technology,Mid-Market,106700.0,1,Discovery,0.53,1,1,0,0,1,1,2,50.7,0.4,Discovery
D1056,Vanguard Supply,Technology,Mid-Market,106700.0,2,Discovery,0.54,1,2,0,0,1,3,13,125.5,0.41,Lost
D1057,NexGen Health,Technology,Mid-Market,139400.0,1,Discovery,0.52,0,0,1,0,1,1,1,40.5,0.44,Demo
D1057,NexGen Health,Technology,Mid-Market,139400.0,2,Demo,0.38,0,0,1,0,1,4,13,14.2,0.35,Evaluation
D1057,NexGen Health,Technology,Mid-Market,139400.0,3,Evaluation,0.32,0,0,1,0,1,3,1,24.5,0.32,Evaluation
D1057,NexGen Health,Technology,Mid-Market,139400.0,4,Evaluation,0.25,0,1,1,1,1,2,4,36.7,0.27,Negotiation
D1058,Prime Packaging,Financial Services,Mid-Market,139100.0,1,Discovery,0.67,0,0,1,0,1,4,5,2.5,0.69,Demo
D1058,Prime Packaging,Financial Services,Mid-Market,139100.0,2,Demo,0.68,0,1,1,0,1,4,10,7.4,0.69,Evaluation
D1058,Prime Packaging,Financial Services,Mid-Market,139100.0,3,Evaluation,0.63,0,1,1,1,1,3,6,32.1,0.66,Negotiation
D1059,Apex Cloud Systems,Logistics,Mid-Market,70100.0,1,Discovery,0.61,0,0,1,0,0,3,5,3.0,0.64,Discovery
D1059,Apex Cloud Systems,Logistics,Mid-Market,70100.0,2,Discovery,0.65,0,1,1,1,1,1,8,62.1,0.66,Demo
D1059,Apex Cloud Systems,Logistics,Mid-Market,70100.0,3,Demo,0.62,0,1,1,1,1,2,10,8.1,0.64,Evaluation
D1059,Apex Cloud Systems,Logistics,Mid-Market,70100.0,4,Evaluation,0.66,1,1,1,1,1,1,7,22.2,0.67,Negotiation
D1060,Trident Tech,Logistics,Mid-Market,116300.0,1,Discovery,0.65,0,0,0,0,1,1,4,32.2,0.68,Demo
D1060,Trident Tech,Logistics,Mid-Market,116300.0,2,Demo,0.6,0,0,0,0,1,1,11,56.2,0.65,Evaluation
D1060,Trident Tech,Logistics,Mid-Market,116300.0,3,Evaluation,0.7,1,0,0,0,1,4,8,7.2,0.71,Negotiation
D1060,Trident Tech,Logistics,Mid-Market,116300.0,4,Negotiation,0.75,1,0,0,0,1,2,11,37.7,0.74,Proposal
D1060,Trident Tech,Logistics,Mid-Market,116300.0,5,Proposal,0.67,2,0,0,0,1,4,13,2.7,0.7,Proposal
D1060,Trident Tech,Logistics,Mid-Market,116300.0,6,Proposal,0.68,2,1,0,0,1,2,6,23.6,0.7,Proposal
D1061,Trident Tech,Manufacturing,Mid-Market,86800.0,1,Discovery,0.75,0,0,1,0,1,4,5,23.4,0.72,Demo
D1061,Trident Tech,Manufacturing,Mid-Market,86800.0,2,Demo,0.78,1,1,1,1,1,4,11,6.0,0.74,Evaluation
D1062,Pulse Dynamics,Logistics,Mid-Market,112800.0,1,Discovery,0.24,0,0,1,0,0,2,1,8.3,0.23,Discovery
D1062,Pulse Dynamics,Logistics,Mid-Market,112800.0,2,Discovery,0.31,1,0,1,1,0,2,8,2.5,0.27,Discovery
D1062,Pulse Dynamics,Logistics,Mid-Market,112800.0,3,Discovery,0.33,1,0,1,1,0,4,2,56.4,0.28,Lost
D1063,Vanguard Supply,Healthcare,SMB,25100.0,1,Discovery,0.47,0,0,1,0,0,3,3,25.9,0.38,Discovery
D1063,Vanguard Supply,Healthcare,SMB,25100.0,2,Discovery,0.39,1,0,1,1,1,4,13,75.9,0.33,Demo
D1063,Vanguard Supply,Healthcare,SMB,25100.0,3,Demo,0.25,1,1,1,1,1,1,6,19.4,0.25,Evaluation
D1064,Synthetix Labs,Retail,Enterprise,196900.0,1,Discovery,0.47,0,0,1,0,0,3,1,35.8,0.57,Discovery
D1064,Synthetix Labs,Retail,Enterprise,196900.0,2,Discovery,0.56,1,1,1,0,1,1,8,15.7,0.62,Demo
D1064,Synthetix Labs,Retail,Enterprise,196900.0,3,Demo,0.47,1,1,1,0,1,1,8,4.1,0.57,Evaluation
D1064,Synthetix Labs,Retail,Enterprise,196900.0,4,Evaluation,0.55,1,1,1,1,1,4,7,25.2,0.61,Negotiation
D1064,Synthetix Labs,Retail,Enterprise,196900.0,5,Negotiation,0.46,2,1,1,1,1,4,11,14.2,0.56,Proposal
D1065,Pulse Dynamics,Technology,SMB,62500.0,1,Discovery,0.73,0,0,1,0,1,2,4,15.3,0.65,Demo
D1065,Pulse Dynamics,Technology,SMB,62500.0,2,Demo,0.68,0,0,1,0,1,4,7,43.8,0.62,Evaluation
D1065,Pulse Dynamics,Technology,SMB,62500.0,3,Evaluation,0.76,0,0,1,1,1,1,14,44.0,0.67,Negotiation
D1065,Pulse Dynamics,Technology,SMB,62500.0,4,Negotiation,0.85,0,0,1,1,1,3,10,30.7,0.72,Proposal
D1065,Pulse Dynamics,Technology,SMB,62500.0,5,Proposal,0.96,0,0,1,1,1,1,12,2.8,0.79,Closed Won
D1066,Beacon Robotics,Healthcare,Enterprise,162000.0,1,Discovery,0.42,0,0,0,0,1,1,5,57.0,0.4,Discovery
D1066,Beacon Robotics,Healthcare,Enterprise,162000.0,2,Discovery,0.4,0,0,0,0,1,2,11,34.7,0.39,Discovery
D1066,Beacon Robotics,Healthcare,Enterprise,162000.0,3,Discovery,0.37,0,0,1,1,1,2,11,37.3,0.37,Demo
D1066,Beacon Robotics,Healthcare,Enterprise,162000.0,4,Demo,0.36,1,0,1,1,1,2,2,14.1,0.37,Evaluation
D1066,Beacon Robotics,Healthcare,Enterprise,162000.0,5,Evaluation,0.34,2,0,1,1,1,4,5,66.0,0.35,Lost
D1067,Veritas Analytics,Education,Startup,14900.0,1,Discovery,0.51,0,0,0,0,0,1,1,47.1,0.42,Discovery
D1067,Veritas Analytics,Education,Startup,14900.0,2,Discovery,0.38,0,0,0,0,1,4,1,4.4,0.35,Demo
D1067,Veritas Analytics,Education,Startup,14900.0,3,Demo,0.4,0,0,0,1,1,3,14,19.1,0.36,Evaluation
D1067,Veritas Analytics,Education,Startup,14900.0,4,Evaluation,0.39,0,1,0,1,1,1,2,79.3,0.35,Lost
D1068,Zenith Textiles,Retail,Enterprise,227800.0,1,Discovery,0.64,0,0,1,0,1,3,5,2.0,0.6,Demo
D1068,Zenith Textiles,Retail,Enterprise,227800.0,2,Demo,0.55,0,1,1,0,1,3,8,79.8,0.54,Evaluation
D1069,Beacon Robotics,Financial Services,SMB,63700.0,1,Discovery,0.68,0,0,1,0,0,4,4,22.1,0.65,Discovery
D1069,Beacon Robotics,Financial Services,SMB,63700.0,2,Discovery,0.77,0,1,1,1,0,2,14,7.0,0.71,Demo
D1069,Beacon Robotics,Financial Services,SMB,63700.0,3,Demo,0.77,0,1,1,1,0,2,7,6.3,0.71,Evaluation
D1069,Beacon Robotics,Financial Services,SMB,63700.0,4,Evaluation,0.86,0,1,1,1,1,4,13,63.2,0.76,Negotiation
D1069,Beacon Robotics,Financial Services,SMB,63700.0,5,Negotiation,0.84,0,1,1,1,1,4,3,7.9,0.75,Proposal
D1069,Beacon Robotics,Financial Services,SMB,63700.0,6,Proposal,0.81,0,2,1,1,1,3,4,33.1,0.73,Proposal
D1069,Beacon Robotics,Financial Services,SMB,63700.0,7,Proposal,0.92,0,2,1,1,1,4,8,11.1,0.8,Closed Won
D1070,Beacon Robotics,Education,Enterprise,346000.0,1,Discovery,0.55,1,1,1,0,1,4,2,3.1,0.6,Demo
D1070,Beacon Robotics,Education,Enterprise,346000.0,2,Demo,0.6,2,2,1,1,1,3,3,2.0,0.63,Lost
D1071,Summit BioPharma,Financial Services,SMB,62100.0,1,Discovery,0.5,0,0,1,0,1,2,4,16.2,0.57,Demo
D1071,Summit BioPharma,Financial Services,SMB,62100.0,2,Demo,0.62,0,0,1,0,1,3,12,76.5,0.64,Evaluation
D1071,Summit BioPharma,Financial Services,SMB,62100.0,3,Evaluation,0.56,0,0,1,1,1,2,5,9.5,0.61,Negotiation
D1071,Summit BioPharma,Financial Services,SMB,62100.0,4,Negotiation,0.5,0,1,1,1,1,2,7,9.1,0.57,Proposal
D1071,Summit BioPharma,Financial Services,SMB,62100.0,5,Proposal,0.48,0,1,1,1,1,4,12,8.7,0.56,Closed Won
D1072,Cobalt Freight,Logistics,Startup,8500.0,1,Discovery,0.45,0,1,1,0,1,4,2,30.3,0.36,Demo
D1072,Cobalt Freight,Logistics,Startup,8500.0,2,Demo,0.4,0,1,1,0,1,3,8,24.0,0.33,Demo
D1072,Cobalt Freight,Logistics,Startup,8500.0,3,Demo,0.47,0,1,1,0,1,2,1,87.4,0.38,Demo
D1072,Cobalt Freight,Logistics,Startup,8500.0,4,Demo,0.49,0,1,1,0,1,4,6,29.1,0.39,Evaluation
D1073,Vector Mobility,Education,Mid-Market,144900.0,1,Discovery,0.59,0,0,0,0,0,1,5,4.9,0.49,Discovery
D1073,Vector Mobility,Education,Mid-Market,144900.0,2,Discovery,0.48,0,0,0,0,1,4,14,133.1,0.43,Discovery
D1073,Vector Mobility,Education,Mid-Market,144900.0,3,Discovery,0.37,0,0,1,1,1,4,13,9.4,0.36,Demo
D1074,Synthetix Labs,Manufacturing,Mid-Market,140000.0,1,Discovery,0.58,1,1,1,0,1,1,4,40.9,0.46,Discovery
D1074,Synthetix Labs,Manufacturing,Mid-Market,140000.0,2,Discovery,0.55,1,1,1,1,1,2,10,34.0,0.44,Demo
D1074,Synthetix Labs,Manufacturing,Mid-Market,140000.0,3,Demo,0.56,2,2,1,1,1,2,9,20.2,0.45,Evaluation
D1074,Synthetix Labs,Manufacturing,Mid-Market,140000.0,4,Evaluation,0.56,3,2,1,1,1,4,6,20.6,0.45,Negotiation
D1074,Synthetix Labs,Manufacturing,Mid-Market,140000.0,5,Negotiation,0.55,3,3,1,1,1,3,10,57.8,0.44,Negotiation
D1074,Synthetix Labs,Manufacturing,Mid-Market,140000.0,6,Negotiation,0.62,3,3,1,1,1,3,7,8.2,0.48,Proposal
D1075,Summit BioPharma,Logistics,SMB,37200.0,1,Discovery,0.43,1,1,1,0,0,3,3,19.1,0.57,Lost
D1076,Acuity Networks,Education,Mid-Market,131100.0,1,Discovery,0.57,0,0,0,0,1,2,5,9.8,0.66,Demo
D1076,Acuity Networks,Education,Mid-Market,131100.0,2,Demo,0.6,0,1,0,1,1,3,13,11.1,0.68,Evaluation
D1076,Acuity Networks,Education,Mid-Market,131100.0,3,Evaluation,0.67,0,1,0,1,1,4,8,5.4,0.72,Negotiation
D1076,Acuity Networks,Education,Mid-Market,131100.0,4,Negotiation,0.58,0,1,0,1,1,1,3,25.2,0.67,Proposal
D1076,Acuity Networks,Education,Mid-Market,131100.0,5,Proposal,0.63,0,1,0,1,1,4,9,13.0,0.7,Closed Won
D1077,Everline Retail,Healthcare,Enterprise,202100.0,1,Discovery,0.62,1,0,1,0,1,1,2,8.5,0.62,Demo
D1077,Everline Retail,Healthcare,Enterprise,202100.0,2,Demo,0.59,1,0,1,1,1,1,13,20.0,0.6,Evaluation
D1077,Everline Retail,Healthcare,Enterprise,202100.0,3,Evaluation,0.58,1,1,1,1,1,1,9,120.5,0.59,Lost
D1078,Vanguard Supply,Technology,SMB,31500.0,1,Discovery,0.44,0,1,1,0,1,1,5,15.3,0.45,Demo
D1078,Vanguard Supply,Technology,SMB,31500.0,2,Demo,0.38,0,2,1,1,1,4,2,67.9,0.42,Evaluation
D1078,Vanguard Supply,Technology,SMB,31500.0,3,Evaluation,0.27,1,2,1,1,1,2,3,11.3,0.35,Negotiation
D1078,Vanguard Supply,Technology,SMB,31500.0,4,Negotiation,0.21,2,2,1,1,1,1,11,2.0,0.31,Negotiation
D1078,Vanguard Supply,Technology,SMB,31500.0,5,Negotiation,0.21,3,3,1,1,1,4,4,6.1,0.31,Lost
D1079,Coastal Foods Ltd,Logistics,Mid-Market,155600.0,1,Discovery,0.61,0,0,1,0,0,3,2,24.2,0.45,Discovery
D1079,Coastal Foods Ltd,Logistics,Mid-Market,155600.0,2,Discovery,0.68,0,0,1,1,1,2,7,11.0,0.49,Demo
D1079,Coastal Foods Ltd,Logistics,Mid-Market,155600.0,3,Demo,0.75,0,0,1,1,1,2,8,2.0,0.53,Evaluation
D1079,Coastal Foods Ltd,Logistics,Mid-Market,155600.0,4,Evaluation,0.61,0,0,1,1,1,2,2,109.7,0.45,Negotiation
D1079,Coastal Foods Ltd,Logistics,Mid-Market,155600.0,5,Negotiation,0.61,0,0,1,1,1,2,14,82.7,0.45,Proposal
D1079,Coastal Foods Ltd,Logistics,Mid-Market,155600.0,6,Proposal,0.69,1,1,1,1,1,4,7,60.4,0.5,Proposal
D1079,Coastal Foods Ltd,Logistics,Mid-Market,155600.0,7,Proposal,0.54,2,1,1,1,1,4,6,8.2,0.41,Lost
D1080,Kestrel Instruments,Financial Services,SMB,44600.0,1,Discovery,0.72,1,0,1,0,1,3,1,2.9,0.68,Demo
D1080,Kestrel Instruments,Financial Services,SMB,44600.0,2,Demo,0.81,1,0,1,1,1,1,13,2.0,0.73,Evaluation
D1080,Kestrel Instruments,Financial Services,SMB,44600.0,3,Evaluation,0.82,1,1,1,1,1,3,6,28.6,0.74,Negotiation
D1080,Kestrel Instruments,Financial Services,SMB,44600.0,4,Negotiation,0.83,2,2,1,1,1,1,13,58.8,0.74,Proposal
D1080,Kestrel Instruments,Financial Services,SMB,44600.0,5,Proposal,0.74,3,2,1,1,1,4,1,12.5,0.69,Closed Won
D1081,Novus Capital,Financial Services,Enterprise,209700.0,1,Discovery,0.74,0,0,1,0,0,3,1,2.4,0.74,Demo
D1081,Novus Capital,Financial Services,Enterprise,209700.0,2,Demo,0.76,0,0,1,0,0,3,9,13.7,0.75,Evaluation
D1081,Novus Capital,Financial Services,Enterprise,209700.0,3,Evaluation,0.87,0,0,1,0,1,4,12,8.2,0.82,Negotiation
D1081,Novus Capital,Financial Services,Enterprise,209700.0,4,Negotiation,0.88,1,1,1,1,1,4,9,9.0,0.82,Proposal
D1081,Novus Capital,Financial Services,Enterprise,209700.0,5,Proposal,0.96,2,2,1,1,1,3,13,18.6,0.87,Proposal
D1081,Novus Capital,Financial Services,Enterprise,209700.0,6,Proposal,0.86,2,2,1,1,1,3,5,24.2,0.81,Closed Won
D1082,Apex Cloud Systems,Logistics,Mid-Market,61800.0,1,Discovery,0.41,0,1,0,0,1,2,4,3.2,0.43,Demo
D1082,Apex Cloud Systems,Logistics,Mid-Market,61800.0,2,Demo,0.48,0,1,0,1,1,3,3,2.0,0.47,Evaluation
D1082,Apex Cloud Systems,Logistics,Mid-Market,61800.0,3,Evaluation,0.43,0,1,0,1,1,3,5,141.9,0.44,Lost
D1083,Coastal Foods Ltd,Healthcare,Mid-Market,101800.0,1,Discovery,0.4,0,0,1,0,1,1,4,7.2,0.43,Demo
D1083,Coastal Foods Ltd,Healthcare,Mid-Market,101800.0,2,Demo,0.29,0,1,1,1,1,1,11,2.0,0.36,Evaluation
D1084,Pulse Dynamics,Retail,Mid-Market,95100.0,1,Discovery,0.54,0,0,1,0,1,4,1,2.0,0.54,Demo
D1084,Pulse Dynamics,Retail,Mid-Market,95100.0,2,Demo,0.48,0,0,1,1,1,1,11,12.3,0.5,Evaluation
D1084,Pulse Dynamics,Retail,Mid-Market,95100.0,3,Evaluation,0.56,0,1,1,1,1,4,10,40.0,0.55,Negotiation
D1084,Pulse Dynamics,Retail,Mid-Market,95100.0,4,Negotiation,0.57,0,1,1,1,1,4,13,10.3,0.55,Proposal
D1084,Pulse Dynamics,Retail,Mid-Market,95100.0,5,Proposal,0.67,0,1,1,1,1,4,5,14.5,0.61,Closed Won
D1085,Skyward Aerospace,Technology,Mid-Market,159900.0,1,Discovery,0.68,0,0,1,0,0,2,5,21.0,0.71,Discovery
D1085,Skyward Aerospace,Technology,Mid-Market,159900.0,2,Discovery,0.63,0,1,1,1,1,1,7,13.3,0.68,Demo
D1085,Skyward Aerospace,Technology,Mid-Market,159900.0,3,Demo,0.68,0,1,1,1,1,2,11,36.8,0.71,Evaluation
D1086,Atlas Energy,Education,Enterprise,128100.0,1,Discovery,0.66,1,0,0,0,1,1,5,2.0,0.56,Demo
D1086,Atlas Energy,Education,Enterprise,128100.0,2,Demo,0.53,1,0,0,0,1,2,12,44.5,0.48,Demo
D1086,Atlas Energy,Education,Enterprise,128100.0,3,Demo,0.53,1,0,0,1,1,4,7,18.2,0.48,Evaluation
D1086,Atlas Energy,Education,Enterprise,128100.0,4,Evaluation,0.51,1,0,0,1,1,1,12,132.8,0.47,Lost
D1087,Frontier FinCorp,Retail,SMB,70600.0,1,Discovery,0.33,0,0,0,0,1,1,4,20.4,0.35,Discovery
D1087,Frontier FinCorp,Retail,SMB,70600.0,2,Discovery,0.28,1,0,1,0,1,3,11,133.6,0.32,Lost
D1088,Cobalt Freight,Financial Services,Startup,18200.0,1,Discovery,0.64,0,1,1,0,1,2,4,30.0,0.64,Demo
D1088,Cobalt Freight,Financial Services,Startup,18200.0,2,Demo,0.61,0,1,1,1,1,1,10,6.1,0.62,Evaluation
D1088,Cobalt Freight,Financial Services,Startup,18200.0,3,Evaluation,0.51,0,1,1,1,1,1,13,16.5,0.56,Negotiation
D1088,Cobalt Freight,Financial Services,Startup,18200.0,4,Negotiation,0.56,1,1,1,1,1,4,8,103.6,0.59,Lost
D1089,Helix Diagnostics,Logistics,SMB,71600.0,1,Discovery,0.48,0,0,0,0,1,4,1,39.6,0.56,Demo
D1089,Helix Diagnostics,Logistics,SMB,71600.0,2,Demo,0.44,0,0,0,1,1,2,5,2.1,0.54,Evaluation
D1089,Helix Diagnostics,Logistics,SMB,71600.0,3,Evaluation,0.37,0,0,0,1,1,1,5,24.9,0.5,Negotiation
D1089,Helix Diagnostics,Logistics,SMB,71600.0,4,Negotiation,0.47,1,0,0,1,1,2,7,8.6,0.56,Proposal
D1089,Helix Diagnostics,Logistics,SMB,71600.0,5,Proposal,0.54,2,0,0,1,1,1,3,2.0,0.6,Proposal
D1089,Helix Diagnostics,Logistics,SMB,71600.0,6,Proposal,0.61,2,0,0,1,1,1,5,10.5,0.64,Closed Won
D1090,Trident Tech,Retail,Enterprise,347700.0,1,Discovery,0.63,0,1,0,0,1,3,5,11.0,0.47,Demo
D1090,Trident Tech,Retail,Enterprise,347700.0,2,Demo,0.65,1,1,0,1,1,3,9,70.1,0.49,Evaluation
D1091,Vanguard Supply,Technology,SMB,56000.0,1,Discovery,0.45,0,1,0,0,1,4,3,37.2,0.53,Demo
D1091,Vanguard Supply,Technology,SMB,56000.0,2,Demo,0.4,0,1,0,1,1,3,4,2.0,0.5,Evaluation
D1091,Vanguard Supply,Technology,SMB,56000.0,3,Evaluation,0.41,0,1,0,1,1,4,13,7.8,0.51,Negotiation
D1091,Vanguard Supply,Technology,SMB,56000.0,4,Negotiation,0.35,0,1,0,1,1,4,4,5.8,0.47,Proposal
D1091,Vanguard Supply,Technology,SMB,56000.0,5,Proposal,0.45,0,2,0,1,1,1,12,5.6,0.53,Closed Won
D1092,Novus Capital,Healthcare,SMB,30600.0,1,Discovery,0.54,0,0,0,0,1,2,3,2.8,0.42,Demo
D1092,Novus Capital,Healthcare,SMB,30600.0,2,Demo,0.58,0,0,0,0,1,2,4,8.3,0.45,Evaluation
D1092,Novus Capital,Healthcare,SMB,30600.0,3,Evaluation,0.47,0,0,0,0,1,1,13,32.5,0.38,Negotiation
D1092,Novus Capital,Healthcare,SMB,30600.0,4,Negotiation,0.33,0,0,0,0,1,2,12,13.8,0.3,Negotiation
D1093,Zenith Textiles,Healthcare,SMB,40500.0,1,Discovery,0.57,0,0,1,0,0,1,3,8.5,0.66,Discovery
D1093,Zenith Textiles,Healthcare,SMB,40500.0,2,Discovery,0.59,0,0,1,1,1,2,3,37.7,0.67,Demo
D1093,Zenith Textiles,Healthcare,SMB,40500.0,3,Demo,0.66,0,0,1,1,1,1,13,42.6,0.71,Evaluation
D1093,Zenith Textiles,Healthcare,SMB,40500.0,4,Evaluation,0.73,1,1,1,1,1,1,11,12.3,0.76,Negotiation
D1093,Zenith Textiles,Healthcare,SMB,40500.0,5,Negotiation,0.7,2,2,1,1,1,2,10,7.2,0.74,Proposal
D1093,Zenith Textiles,Healthcare,SMB,40500.0,6,Proposal,0.77,2,2,1,1,1,1,2,2.0,0.78,Closed Won
D1094,Coastal Foods Ltd,Education,Mid-Market,109800.0,1,Discovery,0.4,0,1,1,0,1,4,4,132.2,0.33,Lost
D1095,Trident Tech,Retail,Startup,34600.0,1,Discovery,0.74,0,0,1,0,1,4,2,2.0,0.73,Demo
D1095,Trident Tech,Retail,Startup,34600.0,2,Demo,0.84,0,1,1,1,1,4,14,6.9,0.79,Evaluation
D1096,Summit BioPharma,Financial Services,Enterprise,277900.0,1,Discovery,0.53,1,0,1,0,0,1,5,8.9,0.55,Discovery
D1096,Summit BioPharma,Financial Services,Enterprise,277900.0,2,Discovery,0.51,1,0,1,0,0,4,4,4.1,0.54,Discovery
D1096,Summit BioPharma,Financial Services,Enterprise,277900.0,3,Discovery,0.57,1,0,1,1,1,1,13,35.1,0.58,Demo
D1096,Summit BioPharma,Financial Services,Enterprise,277900.0,4,Demo,0.56,2,0,1,1,1,3,9,3.0,0.57,Evaluation
D1096,Summit BioPharma,Financial Services,Enterprise,277900.0,5,Evaluation,0.5,2,0,1,1,1,2,9,23.1,0.53,Negotiation
D1096,Summit BioPharma,Financial Services,Enterprise,277900.0,6,Negotiation,0.58,2,1,1,1,1,4,10,3.0,0.58,Proposal
D1096,Summit BioPharma,Financial Services,Enterprise,277900.0,7,Proposal,0.52,2,1,1,1,1,4,7,2.0,0.55,Lost
D1097,Atlas Energy,Financial Services,SMB,28600.0,1,Discovery,0.61,1,1,0,0,1,4,2,67.7,0.54,Discovery
D1097,Atlas Energy,Financial Services,SMB,28600.0,2,Discovery,0.55,1,1,1,1,1,1,14,5.9,0.51,Demo
D1098,Zenith Textiles,Education,SMB,61300.0,1,Discovery,0.77,1,0,1,0,1,2,1,20.2,0.66,Demo
D1098,Zenith Textiles,Education,SMB,61300.0,2,Demo,0.75,1,0,1,0,1,3,3,2.1,0.65,Evaluation
D1098,Zenith Textiles,Education,SMB,61300.0,3,Evaluation,0.86,1,0,1,1,1,4,6,79.8,0.72,Negotiation
D1098,Zenith Textiles,Education,SMB,61300.0,4,Negotiation,0.95,1,0,1,1,1,4,11,7.3,0.77,Proposal
D1098,Zenith Textiles,Education,SMB,61300.0,5,Proposal,0.91,1,0,1,1,1,3,6,50.4,0.75,Closed Won
D1099,BlueShift AI,Technology,Mid-Market,134600.0,1,Discovery,0.67,0,1,1,0,1,3,1,3.5,0.7,Demo
D1099,BlueShift AI,Technology,Mid-Market,134600.0,2,Demo,0.68,0,1,1,1,1,3,5,36.2,0.71,Evaluation
D1100,Cobalt Freight,Manufacturing,SMB,67300.0,1,Discovery,0.49,0,0,1,0,0,2,4,20.9,0.46,Discovery
D1100,Cobalt Freight,Manufacturing,SMB,67300.0,2,Discovery,0.43,0,0,1,1,0,2,9,42.8,0.42,Demo
D1100,Cobalt Freight,Manufacturing,SMB,67300.0,3,Demo,0.3,0,1,1,1,0,1,1,79.6,0.35,Demo
D1100,Cobalt Freight,Manufacturing,SMB,67300.0,4,Demo,0.17,0,1,1,1,0,4,4,70.0,0.27,Demo
D1100,Cobalt Freight,Manufacturing,SMB,67300.0,5,Demo,0.22,0,1,1,1,0,1,7,50.0,0.3,Lost
D1101,Novus Capital,Financial Services,Startup,8600.0,1,Discovery,0.56,0,0,1,0,1,2,1,50.1,0.57,Demo
D1101,Novus Capital,Financial Services,Startup,8600.0,2,Demo,0.65,0,0,1,0,1,1,8,5.1,0.63,Evaluation
D1101,Novus Capital,Financial Services,Startup,8600.0,3,Evaluation,0.64,0,1,1,1,1,4,13,7.6,0.62,Negotiation
D1101,Novus Capital,Financial Services,Startup,8600.0,4,Negotiation,0.71,0,2,1,1,1,2,8,7.8,0.66,Proposal
D1101,Novus Capital,Financial Services,Startup,8600.0,5,Proposal,0.72,0,2,1,1,1,1,5,10.8,0.67,Closed Won
D1102,Atlas Energy,Logistics,Mid-Market,80200.0,1,Discovery,0.36,0,0,1,0,0,4,5,18.9,0.33,Discovery
D1102,Atlas Energy,Logistics,Mid-Market,80200.0,2,Discovery,0.33,0,0,1,0,1,2,2,29.7,0.31,Discovery
D1102,Atlas Energy,Logistics,Mid-Market,80200.0,3,Discovery,0.32,0,0,1,1,1,3,10,6.6,0.3,Demo
D1103,Cascade Security,Retail,Mid-Market,120400.0,1,Discovery,0.73,0,0,1,0,1,4,5,4.4,0.66,Demo
D1103,Cascade Security,Retail,Mid-Market,120400.0,2,Demo,0.76,0,0,1,1,1,2,9,8.9,0.68,Evaluation
D1103,Cascade Security,Retail,Mid-Market,120400.0,3,Evaluation,0.69,1,1,1,1,1,3,11,16.8,0.63,Negotiation
D1103,Cascade Security,Retail,Mid-Market,120400.0,4,Negotiation,0.72,1,2,1,1,1,3,5,38.2,0.65,Proposal
D1103,Cascade Security,Retail,Mid-Market,120400.0,5,Proposal,0.72,1,2,1,1,1,4,5,32.3,0.65,Proposal
D1103,Cascade Security,Retail,Mid-Market,120400.0,6,Proposal,0.72,1,3,1,1,1,2,14,24.9,0.65,Lost
D1104,Beacon Robotics,Technology,Startup,19200.0,1,Discovery,0.63,1,0,1,0,1,3,1,3.1,0.69,Demo
D1104,Beacon Robotics,Technology,Startup,19200.0,2,Demo,0.74,2,0,1,0,1,2,10,14.7,0.75,Evaluation
D1104,Beacon Robotics,Technology,Startup,19200.0,3,Evaluation,0.69,2,0,1,1,1,4,14,2.0,0.72,Negotiation
D1104,Beacon Robotics,Technology,Startup,19200.0,4,Negotiation,0.75,2,0,1,1,1,4,13,8.8,0.76,Proposal
D1104,Beacon Robotics,Technology,Startup,19200.0,5,Proposal,0.74,2,0,1,1,1,4,12,9.9,0.75,Proposal
D1104,Beacon Robotics,Technology,Startup,19200.0,6,Proposal,0.71,2,0,1,1,1,2,2,2.0,0.73,Proposal
D1104,Beacon Robotics,Technology,Startup,19200.0,7,Proposal,0.79,2,0,1,1,1,4,9,5.9,0.78,Closed Won
D1105,Cobalt Freight,Technology,Mid-Market,82500.0,1,Discovery,0.46,0,0,1,0,1,3,5,97.0,0.43,Discovery
D1105,Cobalt Freight,Technology,Mid-Market,82500.0,2,Discovery,0.52,0,0,1,0,1,1,9,95.6,0.46,Discovery
D1105,Cobalt Freight,Technology,Mid-Market,82500.0,3,Discovery,0.57,0,0,1,0,1,1,3,13.5,0.49,Demo
D1106,Coastal Foods Ltd,Technology,Mid-Market,147700.0,1,Discovery,0.32,1,0,0,0,0,1,3,6.9,0.32,Discovery
D1106,Coastal Foods Ltd,Technology,Mid-Market,147700.0,2,Discovery,0.36,1,0,1,1,0,2,12,17.5,0.34,Discovery
D1106,Coastal Foods Ltd,Technology,Mid-Market,147700.0,3,Discovery,0.28,1,0,1,1,0,2,14,103.6,0.29,Lost
D1107,BrightPath Logistics,Financial Services,SMB,64800.0,1,Discovery,0.3,0,1,1,0,1,3,2,4.1,0.37,Discovery
D1107,BrightPath Logistics,Financial Services,SMB,64800.0,2,Discovery,0.21,0,2,1,0,1,4,11,38.8,0.31,Discovery
D1107,BrightPath Logistics,Financial Services,SMB,64800.0,3,Discovery,0.23,0,3,1,0,1,3,6,3.1,0.33,Discovery
D1107,BrightPath Logistics,Financial Services,SMB,64800.0,4,Discovery,0.22,0,3,1,1,1,4,12,107.1,0.32,Discovery
D1107,BrightPath Logistics,Financial Services,SMB,64800.0,5,Discovery,0.26,0,3,1,1,1,2,9,12.9,0.34,Demo
D1108,Skyward Aerospace,Education,SMB,62400.0,1,Discovery,0.69,1,0,0,0,0,2,1,18.8,0.49,Discovery
D1108,Skyward Aerospace,Education,SMB,62400.0,2,Discovery,0.71,1,0,0,0,0,3,4,44.3,0.51,Discovery
D1108,Skyward Aerospace,Education,SMB,62400.0,3,Discovery,0.57,1,0,0,0,0,3,1,9.6,0.42,Discovery
D1108,Skyward Aerospace,Education,SMB,62400.0,4,Discovery,0.56,1,1,0,0,0,3,6,7.1,0.42,Discovery
D1108,Skyward Aerospace,Education,SMB,62400.0,5,Discovery,0.51,2,2,1,0,0,4,11,124.7,0.39,Lost
D1109,Kestrel Instruments,Technology,Startup,16500.0,1,Discovery,0.33,0,0,1,0,0,3,5,79.7,0.34,Lost
D1110,Atlas Energy,Healthcare,Mid-Market,133100.0,1,Discovery,0.35,0,0,0,0,1,4,1,74.7,0.34,Discovery
D1110,Atlas Energy,Healthcare,Mid-Market,133100.0,2,Discovery,0.37,0,0,1,1,1,1,1,33.6,0.35,Demo
D1110,Atlas Energy,Healthcare,Mid-Market,133100.0,3,Demo,0.3,0,0,1,1,1,4,3,56.5,0.31,Evaluation
D1110,Atlas Energy,Healthcare,Mid-Market,133100.0,4,Evaluation,0.33,1,0,1,1,1,4,6,2.4,0.33,Negotiation
D1110,Atlas Energy,Healthcare,Mid-Market,133100.0,5,Negotiation,0.24,1,1,1,1,1,4,12,13.9,0.27,Proposal
D1110,Atlas Energy,Healthcare,Mid-Market,133100.0,6,Proposal,0.22,2,1,1,1,1,2,5,12.9,0.26,Proposal
D1110,Atlas Energy,Healthcare,Mid-Market,133100.0,7,Proposal,0.26,2,1,1,1,1,1,3,34.5,0.29,Lost
D1111,Cobalt Freight,Financial Services,Startup,26400.0,1,Discovery,0.47,0,1,1,0,0,3,3,17.9,0.38,Discovery
D1111,Cobalt Freight,Financial Services,Startup,26400.0,2,Discovery,0.32,0,1,1,1,1,3,5,6.5,0.29,Demo
D1111,Cobalt Freight,Financial Services,Startup,26400.0,3,Demo,0.25,0,1,1,1,1,2,4,36.9,0.25,Evaluation
D1111,Cobalt Freight,Financial Services,Startup,26400.0,4,Evaluation,0.12,0,1,1,1,1,3,8,68.5,0.17,Lost
D1112,Skyward Aerospace,Healthcare,Startup,18800.0,1,Discovery,0.73,0,0,1,0,0,2,3,9.3,0.73,Demo
D1112,Skyward Aerospace,Healthcare,Startup,18800.0,2,Demo,0.81,0,0,1,1,1,2,8,2.7,0.78,Evaluation
D1113,Beacon Robotics,Logistics,Mid-Market,127300.0,1,Discovery,0.39,0,0,1,0,1,4,2,10.3,0.34,Demo
D1113,Beacon Robotics,Logistics,Mid-Market,127300.0,2,Demo,0.34,1,0,1,0,1,3,10,13.6,0.31,Demo
D1113,Beacon Robotics,Logistics,Mid-Market,127300.0,3,Demo,0.29,1,0,1,0,1,1,8,39.2,0.28,Demo
D1114,Aegis Software,Healthcare,Startup,8100.0,1,Discovery,0.6,0,0,1,0,1,2,5,25.5,0.62,Demo
D1114,Aegis Software,Healthcare,Startup,8100.0,2,Demo,0.56,0,0,1,1,1,3,8,9.6,0.59,Evaluation
D1115,Prime Packaging,Healthcare,Startup,31000.0,1,Discovery,0.38,0,1,1,0,1,4,3,7.1,0.38,Demo
D1115,Prime Packaging,Healthcare,Startup,31000.0,2,Demo,0.25,0,1,1,1,1,2,11,19.6,0.3,Evaluation
D1115,Prime Packaging,Healthcare,Startup,31000.0,3,Evaluation,0.25,0,2,1,1,1,1,2,50.1,0.3,Negotiation
D1115,Prime Packaging,Healthcare,Startup,31000.0,4,Negotiation,0.28,0,2,1,1,1,1,13,6.2,0.32,Proposal
D1115,Prime Packaging,Healthcare,Startup,31000.0,5,Proposal,0.22,0,2,1,1,1,4,5,3.6,0.28,Proposal
D1115,Prime Packaging,Healthcare,Startup,31000.0,6,Proposal,0.14,1,2,1,1,1,1,8,66.7,0.24,Proposal
D1115,Prime Packaging,Healthcare,Startup,31000.0,7,Proposal,0.12,1,2,1,1,1,3,12,13.0,0.22,Closed Won
D1116,Veritas Analytics,Financial Services,Mid-Market,81700.0,1,Discovery,0.74,0,0,1,0,1,4,5,23.2,0.72,Demo
D1116,Veritas Analytics,Financial Services,Mid-Market,81700.0,2,Demo,0.65,0,0,1,0,1,3,4,2.0,0.67,Evaluation
D1116,Veritas Analytics,Financial Services,Mid-Market,81700.0,3,Evaluation,0.62,0,0,1,1,1,1,8,23.6,0.65,Negotiation
D1116,Veritas Analytics,Financial Services,Mid-Market,81700.0,4,Negotiation,0.69,0,0,1,1,1,3,8,7.6,0.69,Proposal
D1116,Veritas Analytics,Financial Services,Mid-Market,81700.0,5,Proposal,0.62,1,0,1,1,1,4,2,2.0,0.65,Proposal
D1116,Veritas Analytics,Financial Services,Mid-Market,81700.0,6,Proposal,0.7,1,1,1,1,1,1,4,18.9,0.7,Closed Won
D1117,BlueShift AI,Healthcare,Mid-Market,146600.0,1,Discovery,0.65,0,0,1,0,0,1,3,6.8,0.6,Discovery
D1117,BlueShift AI,Healthcare,Mid-Market,146600.0,2,Discovery,0.7,1,0,1,1,0,3,3,12.1,0.63,Demo
D1118,Everline Retail,Technology,SMB,70000.0,1,Discovery,0.75,1,1,0,0,0,4,4,2.9,0.76,Discovery
D1118,Everline Retail,Technology,SMB,70000.0,2,Discovery,0.77,1,1,1,1,0,4,4,6.5,0.77,Demo
D1118,Everline Retail,Technology,SMB,70000.0,3,Demo,0.87,1,1,1,1,0,3,7,2.0,0.83,Evaluation
D1118,Everline Retail,Technology,SMB,70000.0,4,Evaluation,0.81,2,1,1,1,1,3,6,44.5,0.8,Negotiation
D1118,Everline Retail,Technology,SMB,70000.0,5,Negotiation,0.85,2,1,1,1,1,3,3,2.0,0.82,Proposal
D1118,Everline Retail,Technology,SMB,70000.0,6,Proposal,0.84,2,1,1,1,1,4,8,12.2,0.82,Proposal
D1118,Everline Retail,Technology,SMB,70000.0,7,Proposal,0.9,2,1,1,1,1,2,1,2.4,0.85,Closed Won
D1119,Vanguard Supply,Logistics,Mid-Market,148200.0,1,Discovery,0.64,1,0,1,0,0,1,4,10.8,0.55,Discovery
D1119,Vanguard Supply,Logistics,Mid-Market,148200.0,2,Discovery,0.63,1,0,1,0,0,2,4,76.6,0.54,Lost
D1120,BrightPath Logistics,Manufacturing,Mid-Market,124200.0,1,Discovery,0.81,0,0,0,0,1,2,2,3.2,0.8,Demo
D1120,BrightPath Logistics,Manufacturing,Mid-Market,124200.0,2,Demo,0.87,0,1,0,1,1,1,11,61.6,0.84,Evaluation
D1120,BrightPath Logistics,Manufacturing,Mid-Market,124200.0,3,Evaluation,0.81,0,1,0,1,1,4,12,4.2,0.8,Negotiation
D1120,BrightPath Logistics,Manufacturing,Mid-Market,124200.0,4,Negotiation,0.75,0,1,0,1,1,1,10,24.7,0.76,Proposal
D1121,Prime Packaging,Retail,Mid-Market,151900.0,1,Discovery,0.52,0,0,0,0,1,3,2,39.7,0.62,Demo
D1121,Prime Packaging,Retail,Mid-Market,151900.0,2,Demo,0.49,0,0,0,1,1,4,13,14.8,0.61,Evaluation
D1121,Prime Packaging,Retail,Mid-Market,151900.0,3,Evaluation,0.5,0,0,0,1,1,2,10,14.1,0.61,Negotiation
D1122,OmniCommerce,Financial Services,Startup,16400.0,1,Discovery,0.43,0,1,0,0,1,4,4,5.9,0.4,Demo
D1122,OmniCommerce,Financial Services,Startup,16400.0,2,Demo,0.42,1,1,0,1,1,4,3,80.0,0.4,Evaluation
D1122,OmniCommerce,Financial Services,Startup,16400.0,3,Evaluation,0.43,1,1,0,1,1,3,12,12.8,0.4,Negotiation
D1123,Aegis Software,Technology,SMB,33900.0,1,Discovery,0.49,0,0,0,0,1,3,2,37.4,0.49,Demo
D1123,Aegis Software,Technology,SMB,33900.0,2,Demo,0.5,0,0,0,1,1,3,1,10.9,0.49,Evaluation
D1124,Everline Retail,Healthcare,SMB,37500.0,1,Discovery,0.41,0,0,1,0,0,2,5,47.5,0.37,Lost
D1125,Vanguard Supply,Manufacturing,Startup,30300.0,1,Discovery,0.67,0,0,1,0,0,1,4,18.6,0.67,Discovery
D1125,Vanguard Supply,Manufacturing,Startup,30300.0,2,Discovery,0.59,0,1,1,1,1,3,12,43.4,0.63,Demo
D1125,Vanguard Supply,Manufacturing,Startup,30300.0,3,Demo,0.63,0,1,1,1,1,4,11,2.0,0.65,Evaluation
D1125,Vanguard Supply,Manufacturing,Startup,30300.0,4,Evaluation,0.56,0,1,1,1,1,2,14,6.1,0.61,Negotiation
D1125,Vanguard Supply,Manufacturing,Startup,30300.0,5,Negotiation,0.53,0,2,1,1,1,1,8,12.8,0.59,Proposal
D1125,Vanguard Supply,Manufacturing,Startup,30300.0,6,Proposal,0.49,0,2,1,1,1,3,11,5.3,0.57,Closed Won
D1126,Vanguard Supply,Technology,Enterprise,120500.0,1,Discovery,0.52,0,0,0,0,1,2,2,47.6,0.44,Demo
D1126,Vanguard Supply,Technology,Enterprise,120500.0,2,Demo,0.43,0,0,0,1,1,4,13,87.9,0.38,Evaluation
D1126,Vanguard Supply,Technology,Enterprise,120500.0,3,Evaluation,0.4,0,0,0,1,1,4,3,19.3,0.37,Negotiation
D1126,Vanguard Supply,Technology,Enterprise,120500.0,4,Negotiation,0.48,0,0,0,1,1,2,3,14.6,0.41,Proposal
D1126,Vanguard Supply,Technology,Enterprise,120500.0,5,Proposal,0.36,0,0,0,1,1,1,1,113.8,0.34,Closed Won
D1127,Zenith Textiles,Technology,Mid-Market,60000.0,1,Discovery,0.49,0,0,0,0,0,4,2,17.7,0.45,Discovery
D1127,Zenith Textiles,Technology,Mid-Market,60000.0,2,Discovery,0.54,0,1,1,0,1,2,11,20.2,0.48,Demo
D1127,Zenith Textiles,Technology,Mid-Market,60000.0,3,Demo,0.54,1,1,1,1,1,4,2,13.0,0.48,Evaluation
D1128,Coastal Foods Ltd,Retail,Startup,29000.0,1,Discovery,0.65,0,0,0,0,0,2,5,16.2,0.68,Discovery
D1128,Coastal Foods Ltd,Retail,Startup,29000.0,2,Discovery,0.74,0,1,1,1,0,4,9,27.6,0.74,Demo
D1128,Coastal Foods Ltd,Retail,Startup,29000.0,3,Demo,0.65,0,1,1,1,1,4,4,32.1,0.68,Evaluation
D1128,Coastal Foods Ltd,Retail,Startup,29000.0,4,Evaluation,0.65,0,1,1,1,1,2,3,8.0,0.68,Negotiation
D1128,Coastal Foods Ltd,Retail,Startup,29000.0,5,Negotiation,0.57,0,1,1,1,1,2,3,10.9,0.64,Proposal
D1128,Coastal Foods Ltd,Retail,Startup,29000.0,6,Proposal,0.58,0,1,1,1,1,1,7,36.3,0.64,Closed Won
D1129,OmniCommerce,Logistics,Startup,19100.0,1,Discovery,0.42,0,0,1,0,0,3,1,14.4,0.4,Discovery
D1129,OmniCommerce,Logistics,Startup,19100.0,2,Discovery,0.41,0,0,1,0,0,1,10,50.5,0.39,Lost
D1130,Helix Diagnostics,Healthcare,SMB,41900.0,1,Discovery,0.74,0,0,1,0,1,3,3,71.8,0.65,Demo
D1130,Helix Diagnostics,Healthcare,SMB,41900.0,2,Demo,0.86,1,0,1,1,1,4,13,24.8,0.72,Evaluation
D1130,Helix Diagnostics,Healthcare,SMB,41900.0,3,Evaluation,0.78,1,0,1,1,1,1,14,34.3,0.67,Negotiation
D1130,Helix Diagnostics,Healthcare,SMB,41900.0,4,Negotiation,0.78,1,0,1,1,1,3,8,41.5,0.67,Proposal
D1130,Helix Diagnostics,Healthcare,SMB,41900.0,5,Proposal,0.88,1,0,1,1,1,2,11,47.3,0.73,Proposal
D1130,Helix Diagnostics,Healthcare,SMB,41900.0,6,Proposal,0.91,1,0,1,1,1,4,14,12.7,0.75,Closed Won
D1131,Everline Retail,Manufacturing,Mid-Market,116200.0,1,Discovery,0.49,0,0,0,0,1,3,2,2.0,0.4,Demo
D1131,Everline Retail,Manufacturing,Mid-Market,116200.0,2,Demo,0.49,0,0,0,1,1,1,11,19.4,0.4,Evaluation
D1131,Everline Retail,Manufacturing,Mid-Market,116200.0,3,Evaluation,0.56,0,1,0,1,1,3,3,42.3,0.45,Negotiation
D1132,Prime Packaging,Manufacturing,SMB,37100.0,1,Discovery,0.82,0,1,1,0,1,2,5,26.5,0.79,Demo
D1132,Prime Packaging,Manufacturing,SMB,37100.0,2,Demo,0.82,0,1,1,1,1,1,14,8.5,0.79,Evaluation
D1133,NexGen Health,Healthcare,Startup,29100.0,1,Discovery,0.73,0,0,0,0,0,4,2,5.0,0.65,Demo
D1133,NexGen Health,Healthcare,Startup,29100.0,2,Demo,0.74,0,1,0,0,1,3,7,33.7,0.66,Evaluation
D1133,NexGen Health,Healthcare,Startup,29100.0,3,Evaluation,0.8,0,1,0,0,1,3,9,19.2,0.7,Negotiation
D1133,NexGen Health,Healthcare,Startup,29100.0,4,Negotiation,0.74,0,1,0,0,1,4,7,5.6,0.66,Proposal
D1133,NexGen Health,Healthcare,Startup,29100.0,5,Proposal,0.65,0,2,0,0,1,3,7,8.4,0.61,Closed Won
D1134,Solstice Media,Manufacturing,SMB,57100.0,1,Discovery,0.34,0,0,1,0,1,3,4,41.1,0.37,Discovery
D1134,Solstice Media,Manufacturing,SMB,57100.0,2,Discovery,0.24,1,1,1,0,1,3,1,19.6,0.31,Lost
D1135,Veritas Analytics,Manufacturing,Mid-Market,145300.0,1,Discovery,0.6,0,0,1,0,1,2,1,6.1,0.57,Demo
D1135,Veritas Analytics,Manufacturing,Mid-Market,145300.0,2,Demo,0.55,0,0,1,1,1,3,10,86.3,0.54,Evaluation
D1135,Veritas Analytics,Manufacturing,Mid-Market,145300.0,3,Evaluation,0.65,0,0,1,1,1,2,11,31.7,0.6,Negotiation
D1135,Veritas Analytics,Manufacturing,Mid-Market,145300.0,4,Negotiation,0.72,1,0,1,1,1,1,12,79.5,0.64,Proposal
D1135,Veritas Analytics,Manufacturing,Mid-Market,145300.0,5,Proposal,0.81,1,0,1,1,1,2,5,14.1,0.69,Closed Won
D1136,Veritas Analytics,Healthcare,SMB,74700.0,1,Discovery,0.48,0,0,1,0,0,4,3,21.7,0.42,Discovery
D1136,Veritas Analytics,Healthcare,SMB,74700.0,2,Discovery,0.45,0,0,1,1,1,2,12,76.9,0.4,Demo
D1136,Veritas Analytics,Healthcare,SMB,74700.0,3,Demo,0.34,0,0,1,1,1,4,8,25.1,0.34,Evaluation
D1136,Veritas Analytics,Healthcare,SMB,74700.0,4,Evaluation,0.36,1,0,1,1,1,4,13,41.4,0.35,Negotiation
D1136,Veritas Analytics,Healthcare,SMB,74700.0,5,Negotiation,0.28,2,1,1,1,1,1,11,9.8,0.3,Negotiation
D1136,Veritas Analytics,Healthcare,SMB,74700.0,6,Negotiation,0.2,2,1,1,1,1,1,5,20.0,0.25,Lost
D1137,Frontier FinCorp,Financial Services,Mid-Market,154200.0,1,Discovery,0.36,0,0,1,0,1,2,1,3.6,0.4,Demo
D1137,Frontier FinCorp,Financial Services,Mid-Market,154200.0,2,Demo,0.44,0,0,1,1,1,2,13,6.3,0.45,Evaluation
D1137,Frontier FinCorp,Financial Services,Mid-Market,154200.0,3,Evaluation,0.46,0,1,1,1,1,2,6,2.0,0.46,Negotiation
D1137,Frontier FinCorp,Financial Services,Mid-Market,154200.0,4,Negotiation,0.54,0,1,1,1,1,3,5,2.0,0.51,Proposal
D1137,Frontier FinCorp,Financial Services,Mid-Market,154200.0,5,Proposal,0.51,1,1,1,1,1,4,13,104.2,0.49,Closed Won
D1138,OmniCommerce,Technology,Startup,10700.0,1,Discovery,0.29,0,0,0,0,1,1,1,9.0,0.32,Discovery
D1138,OmniCommerce,Technology,Startup,10700.0,2,Discovery,0.19,1,0,1,1,1,3,5,35.4,0.26,Demo
D1138,OmniCommerce,Technology,Startup,10700.0,3,Demo,0.12,2,1,1,1,1,3,7,59.4,0.21,Lost
D1139,Frontier FinCorp,Logistics,Mid-Market,68800.0,1,Discovery,0.55,0,0,1,0,0,1,3,17.8,0.57,Discovery
D1139,Frontier FinCorp,Logistics,Mid-Market,68800.0,2,Discovery,0.61,0,1,1,1,1,3,5,3.7,0.61,Demo
D1139,Frontier FinCorp,Logistics,Mid-Market,68800.0,3,Demo,0.71,0,1,1,1,1,3,4,29.1,0.67,Evaluation
D1139,Frontier FinCorp,Logistics,Mid-Market,68800.0,4,Evaluation,0.82,1,1,1,1,1,3,12,20.5,0.73,Negotiation
D1139,Frontier FinCorp,Logistics,Mid-Market,68800.0,5,Negotiation,0.82,1,1,1,1,1,1,4,29.3,0.73,Proposal
D1139,Frontier FinCorp,Logistics,Mid-Market,68800.0,6,Proposal,0.81,1,1,1,1,1,2,14,32.8,0.73,Proposal
D1139,Frontier FinCorp,Logistics,Mid-Market,68800.0,7,Proposal,0.79,1,2,1,1,1,2,11,82.7,0.72,Closed Won
D1140,Apex Cloud Systems,Financial Services,SMB,35500.0,1,Discovery,0.54,0,0,1,0,1,1,4,20.8,0.54,Demo
D1140,Apex Cloud Systems,Financial Services,SMB,35500.0,2,Demo,0.47,0,0,1,0,1,2,14,10.2,0.5,Evaluation
D1140,Apex Cloud Systems,Financial Services,SMB,35500.0,3,Evaluation,0.57,1,0,1,1,1,4,11,25.5,0.56,Negotiation
D1140,Apex Cloud Systems,Financial Services,SMB,35500.0,4,Negotiation,0.56,1,0,1,1,1,1,1,2.0,0.55,Proposal
D1140,Apex Cloud Systems,Financial Services,SMB,35500.0,5,Proposal,0.6,1,0,1,1,1,3,13,55.5,0.58,Closed Won
D1141,BlueShift AI,Education,SMB,68300.0,1,Discovery,0.59,0,0,1,0,1,2,2,2.7,0.61,Demo
D1141,BlueShift AI,Education,SMB,68300.0,2,Demo,0.68,0,0,1,0,1,1,10,8.4,0.67,Evaluation
D1141,BlueShift AI,Education,SMB,68300.0,3,Evaluation,0.76,0,0,1,1,1,2,12,35.9,0.72,Negotiation
D1141,BlueShift AI,Education,SMB,68300.0,4,Negotiation,0.68,0,0,1,1,1,3,2,19.3,0.67,Proposal
D1141,BlueShift AI,Education,SMB,68300.0,5,Proposal,0.75,0,0,1,1,1,2,14,10.6,0.71,Closed Won
D1142,OmniCommerce,Education,Startup,15800.0,1,Discovery,0.25,0,0,1,0,1,2,5,19.3,0.31,Discovery
D1142,OmniCommerce,Education,Startup,15800.0,2,Discovery,0.15,0,0,1,1,1,1,1,58.0,0.25,Demo
D1142,OmniCommerce,Education,Startup,15800.0,3,Demo,0.14,0,0,1,1,1,4,1,12.5,0.24,Evaluation
D1143,OmniCommerce,Financial Services,SMB,61800.0,1,Discovery,0.42,0,0,1,0,0,4,5,2.0,0.52,Discovery
D1143,OmniCommerce,Financial Services,SMB,61800.0,2,Discovery,0.35,0,0,1,1,1,1,4,30.7,0.48,Demo
D1143,OmniCommerce,Financial Services,SMB,61800.0,3,Demo,0.34,0,0,1,1,1,1,4,38.5,0.48,Evaluation
D1143,OmniCommerce,Financial Services,SMB,61800.0,4,Evaluation,0.39,0,0,1,1,1,2,8,4.1,0.51,Negotiation
D1144,Cascade Security,Healthcare,Startup,19700.0,1,Discovery,0.5,1,1,1,0,0,2,2,4.3,0.52,Discovery
D1144,Cascade Security,Healthcare,Startup,19700.0,2,Discovery,0.6,1,1,1,1,1,1,6,29.2,0.58,Demo
D1144,Cascade Security,Healthcare,Startup,19700.0,3,Demo,0.54,1,1,1,1,1,1,14,18.2,0.55,Evaluation
D1145,Synthetix Labs,Logistics,SMB,53800.0,1,Discovery,0.44,0,0,1,0,1,3,1,7.3,0.4,Demo
D1145,Synthetix Labs,Logistics,SMB,53800.0,2,Demo,0.48,0,0,1,1,1,3,8,8.0,0.42,Evaluation
D1145,Synthetix Labs,Logistics,SMB,53800.0,3,Evaluation,0.41,0,0,1,1,1,2,14,2.0,0.38,Negotiation
D1145,Synthetix Labs,Logistics,SMB,53800.0,4,Negotiation,0.44,0,0,1,1,1,1,10,13.1,0.4,Proposal
D1145,Synthetix Labs,Logistics,SMB,53800.0,5,Proposal,0.45,0,1,1,1,1,3,10,27.5,0.4,Closed Won
D1146,Kestrel Instruments,Retail,Startup,12900.0,1,Discovery,0.47,1,0,1,0,0,1,4,42.9,0.53,Discovery
D1146,Kestrel Instruments,Retail,Startup,12900.0,2,Discovery,0.49,1,1,1,1,1,3,8,24.2,0.54,Demo
D1146,Kestrel Instruments,Retail,Startup,12900.0,3,Demo,0.56,1,1,1,1,1,3,12,12.6,0.58,Evaluation
D1147,Solstice Media,Education,Startup,26400.0,1,Discovery,0.69,1,0,0,0,0,1,3,25.9,0.69,Discovery
D1147,Solstice Media,Education,Startup,26400.0,2,Discovery,0.79,1,0,0,0,1,3,11,54.3,0.75,Demo
D1147,Solstice Media,Education,Startup,26400.0,3,Demo,0.85,1,0,0,0,1,1,9,15.3,0.78,Evaluation
D1147,Solstice Media,Education,Startup,26400.0,4,Evaluation,0.81,1,0,0,0,1,4,10,6.1,0.76,Negotiation
D1147,Solstice Media,Education,Startup,26400.0,5,Negotiation,0.87,1,1,0,0,1,3,14,2.0,0.79,Proposal
D1147,Solstice Media,Education,Startup,26400.0,6,Proposal,0.8,1,1,0,0,1,4,1,26.4,0.75,Closed Won
D1148,BrightPath Logistics,Manufacturing,Enterprise,188600.0,1,Discovery,0.65,0,0,1,0,1,4,2,5.3,0.48,Demo
D1148,BrightPath Logistics,Manufacturing,Enterprise,188600.0,2,Demo,0.71,0,1,1,1,1,1,1,14.9,0.52,Evaluation
D1148,BrightPath Logistics,Manufacturing,Enterprise,188600.0,3,Evaluation,0.64,0,2,1,1,1,3,10,31.4,0.48,Negotiation
D1148,BrightPath Logistics,Manufacturing,Enterprise,188600.0,4,Negotiation,0.59,0,2,1,1,1,4,12,34.4,0.45,Proposal
D1148,BrightPath Logistics,Manufacturing,Enterprise,188600.0,5,Proposal,0.49,0,2,1,1,1,4,11,38.0,0.39,Closed Won
D1149,Skyward Aerospace,Logistics,Startup,22200.0,1,Discovery,0.42,0,0,1,0,0,1,1,3.9,0.51,Discovery
D1149,Skyward Aerospace,Logistics,Startup,22200.0,2,Discovery,0.46,0,0,1,1,0,3,7,10.2,0.53,Demo
D1149,Skyward Aerospace,Logistics,Startup,22200.0,3,Demo,0.51,0,0,1,1,1,3,1,20.6,0.56,Evaluation
D1149,Skyward Aerospace,Logistics,Startup,22200.0,4,Evaluation,0.42,0,1,1,1,1,1,12,74.9,0.51,Negotiation
D1149,Skyward Aerospace,Logistics,Startup,22200.0,5,Negotiation,0.34,1,2,1,1,1,2,10,27.8,0.46,Proposal
D1149,Skyward Aerospace,Logistics,Startup,22200.0,6,Proposal,0.24,2,2,1,1,1,3,11,54.8,0.4,Lost
D1150,Novus Capital,Financial Services,SMB,52500.0,1,Discovery,0.25,0,0,0,0,1,4,4,61.1,0.24,Discovery
D1150,Novus Capital,Financial Services,SMB,52500.0,2,Discovery,0.21,0,0,1,1,1,3,2,38.1,0.22,Demo
D1150,Novus Capital,Financial Services,SMB,52500.0,3,Demo,0.28,0,1,1,1,1,2,11,9.1,0.26,Evaluation
D1150,Novus Capital,Financial Services,SMB,52500.0,4,Evaluation,0.19,1,1,1,1,1,1,2,46.7,0.2,Evaluation
D1150,Novus Capital,Financial Services,SMB,52500.0,5,Evaluation,0.12,2,1,1,1,1,2,10,41.5,0.16,Lost
D1151,OmniCommerce,Education,SMB,72400.0,1,Discovery,0.52,0,0,1,0,0,4,1,27.3,0.48,Discovery
D1151,OmniCommerce,Education,SMB,72400.0,2,Discovery,0.47,0,0,1,0,1,3,1,19.9,0.45,Demo
D1152,Synthetix Labs,Healthcare,SMB,30000.0,1,Discovery,0.6,0,1,0,0,0,2,5,17.9,0.44,Discovery
D1152,Synthetix Labs,Healthcare,SMB,30000.0,2,Discovery,0.48,0,1,0,0,1,3,14,32.2,0.37,Demo
D1152,Synthetix Labs,Healthcare,SMB,30000.0,3,Demo,0.49,0,2,0,0,1,4,14,9.7,0.38,Evaluation
D1152,Synthetix Labs,Healthcare,SMB,30000.0,4,Evaluation,0.51,0,2,0,0,1,2,13,72.0,0.39,Lost
D1153,Atlas Energy,Education,Enterprise,263200.0,1,Discovery,0.7,0,0,0,0,1,3,3,4.2,0.69,Demo
D1153,Atlas Energy,Education,Enterprise,263200.0,2,Demo,0.72,0,0,0,1,1,4,9,2.0,0.7,Evaluation
D1153,Atlas Energy,Education,Enterprise,263200.0,3,Evaluation,0.76,0,1,0,1,1,1,2,11.7,0.73,Negotiation
D1153,Atlas Energy,Education,Enterprise,263200.0,4,Negotiation,0.77,0,1,0,1,1,4,3,22.0,0.73,Proposal
D1153,Atlas Energy,Education,Enterprise,263200.0,5,Proposal,0.67,0,1,0,1,1,2,8,11.8,0.67,Closed Won
D1154,OmniCommerce,Healthcare,SMB,27700.0,1,Discovery,0.63,0,0,1,0,0,2,1,7.6,0.6,Discovery
D1154,OmniCommerce,Healthcare,SMB,27700.0,2,Discovery,0.57,0,0,1,0,1,2,9,19.2,0.57,Demo
D1154,OmniCommerce,Healthcare,SMB,27700.0,3,Demo,0.63,0,0,1,0,1,4,2,10.0,0.6,Evaluation
D1155,Vector Mobility,Retail,Enterprise,217400.0,1,Discovery,0.61,0,0,1,0,1,3,1,98.8,0.47,Discovery
D1155,Vector Mobility,Retail,Enterprise,217400.0,2,Discovery,0.66,0,0,1,1,1,4,8,26.9,0.5,Demo
D1156,BlueShift AI,Logistics,Enterprise,218500.0,1,Discovery,0.52,0,0,1,0,1,1,5,27.5,0.58,Demo
D1156,BlueShift AI,Logistics,Enterprise,218500.0,2,Demo,0.55,0,0,1,1,1,1,4,2.0,0.6,Evaluation
D1156,BlueShift AI,Logistics,Enterprise,218500.0,3,Evaluation,0.51,0,0,1,1,1,1,9,13.2,0.58,Negotiation
D1156,BlueShift AI,Logistics,Enterprise,218500.0,4,Negotiation,0.47,0,0,1,1,1,1,13,8.4,0.55,Proposal
D1156,BlueShift AI,Logistics,Enterprise,218500.0,5,Proposal,0.54,0,0,1,1,1,1,7,52.1,0.59,Closed Won
D1157,Coastal Foods Ltd,Retail,SMB,54100.0,1,Discovery,0.61,0,1,1,0,1,2,3,2.0,0.63,Demo
D1157,Coastal Foods Ltd,Retail,SMB,54100.0,2,Demo,0.54,0,2,1,1,1,4,2,16.9,0.59,Evaluation
D1157,Coastal Foods Ltd,Retail,SMB,54100.0,3,Evaluation,0.61,0,2,1,1,1,4,8,28.3,0.63,Negotiation
D1157,Coastal Foods Ltd,Retail,SMB,54100.0,4,Negotiation,0.53,0,2,1,1,1,2,5,13.9,0.58,Proposal
D1157,Coastal Foods Ltd,Retail,SMB,54100.0,5,Proposal,0.57,0,2,1,1,1,4,14,2.0,0.6,Closed Won
D1158,Beacon Robotics,Healthcare,Mid-Market,99400.0,1,Discovery,0.52,0,0,1,0,1,4,4,68.5,0.61,Demo
D1158,Beacon Robotics,Healthcare,Mid-Market,99400.0,2,Demo,0.57,1,1,1,0,1,2,6,13.9,0.64,Evaluation
D1158,Beacon Robotics,Healthcare,Mid-Market,99400.0,3,Evaluation,0.51,1,1,1,1,1,3,8,18.2,0.6,Negotiation
D1158,Beacon Robotics,Healthcare,Mid-Market,99400.0,4,Negotiation,0.44,1,1,1,1,1,1,8,5.1,0.56,Proposal
D1158,Beacon Robotics,Healthcare,Mid-Market,99400.0,5,Proposal,0.36,1,1,1,1,1,2,4,12.6,0.51,Proposal
D1158,Beacon Robotics,Healthcare,Mid-Market,99400.0,6,Proposal,0.44,1,1,1,1,1,1,1,10.7,0.56,Closed Won
D1159,BlueShift AI,Retail,Startup,8500.0,1,Discovery,0.69,0,0,1,0,0,1,5,2.0,0.71,Demo
D1159,BlueShift AI,Retail,Startup,8500.0,2,Demo,0.74,0,0,1,1,0,1,7,2.2,0.74,Evaluation
D1159,BlueShift AI,Retail,Startup,8500.0,3,Evaluation,0.83,0,0,1,1,1,2,8,35.2,0.79,Negotiation
D1159,BlueShift AI,Retail,Startup,8500.0,4,Negotiation,0.8,0,0,1,1,1,2,1,5.3,0.77,Proposal
D1159,BlueShift AI,Retail,Startup,8500.0,5,Proposal,0.83,0,0,1,1,1,4,13,4.2,0.79,Closed Won
D1160,Cascade Security,Education,SMB,37500.0,1,Discovery,0.79,0,0,0,0,1,4,2,12.8,0.79,Demo
D1160,Cascade Security,Education,SMB,37500.0,2,Demo,0.76,0,0,0,1,1,2,3,26.7,0.77,Evaluation
D1160,Cascade Security,Education,SMB,37500.0,3,Evaluation,0.83,0,0,0,1,1,2,5,2.0,0.81,Negotiation
D1160,Cascade Security,Education,SMB,37500.0,4,Negotiation,0.92,0,0,0,1,1,4,4,15.7,0.87,Proposal
D1160,Cascade Security,Education,SMB,37500.0,5,Proposal,0.92,1,0,0,1,1,3,9,2.3,0.87,Proposal
D1160,Cascade Security,Education,SMB,37500.0,6,Proposal,0.88,1,1,0,1,1,2,2,2.0,0.84,Closed Won
D1161,Helix Diagnostics,Retail,SMB,64800.0,1,Discovery,0.48,0,1,1,0,0,3,1,2.0,0.41,Discovery
D1161,Helix Diagnostics,Retail,SMB,64800.0,2,Discovery,0.42,0,2,1,0,0,4,8,65.4,0.37,Discovery
D1161,Helix Diagnostics,Retail,SMB,64800.0,3,Discovery,0.35,0,2,1,1,1,4,9,4.6,0.33,Demo
D1162,Trident Tech,Logistics,SMB,41800.0,1,Discovery,0.74,0,0,0,0,1,2,2,12.7,0.69,Demo
D1162,Trident Tech,Logistics,SMB,41800.0,2,Demo,0.67,0,0,0,0,1,1,9,41.1,0.65,Evaluation
D1162,Trident Tech,Logistics,SMB,41800.0,3,Evaluation,0.69,0,1,0,0,1,4,12,6.7,0.66,Negotiation
D1162,Trident Tech,Logistics,SMB,41800.0,4,Negotiation,0.59,0,2,0,0,1,1,4,12.1,0.6,Proposal
D1162,Trident Tech,Logistics,SMB,41800.0,5,Proposal,0.64,0,2,0,0,1,1,10,2.0,0.63,Closed Won
D1163,Zenith Textiles,Technology,SMB,50800.0,1,Discovery,0.89,0,1,0,0,1,3,2,12.5,0.8,Demo
D1163,Zenith Textiles,Technology,SMB,50800.0,2,Demo,0.9,0,2,0,1,1,3,12,18.1,0.8,Evaluation
D1163,Zenith Textiles,Technology,SMB,50800.0,3,Evaluation,0.87,0,2,0,1,1,1,9,17.7,0.79,Negotiation
D1164,Coastal Foods Ltd,Education,Startup,17600.0,1,Discovery,0.62,0,0,1,0,1,4,1,8.5,0.61,Demo
D1164,Coastal Foods Ltd,Education,Startup,17600.0,2,Demo,0.66,0,0,1,0,1,2,6,2.5,0.64,Evaluation
D1164,Coastal Foods Ltd,Education,Startup,17600.0,3,Evaluation,0.61,0,0,1,0,1,4,14,10.2,0.61,Negotiation
D1164,Coastal Foods Ltd,Education,Startup,17600.0,4,Negotiation,0.59,0,1,1,1,1,1,7,2.3,0.6,Proposal
D1164,Coastal Foods Ltd,Education,Startup,17600.0,5,Proposal,0.65,1,1,1,1,1,1,14,32.6,0.63,Closed Won
D1165,Cascade Security,Education,Mid-Market,129100.0,1,Discovery,0.75,0,0,1,0,1,3,4,62.5,0.76,Demo
D1165,Cascade Security,Education,Mid-Market,129100.0,2,Demo,0.85,0,0,1,1,1,4,12,64.7,0.82,Evaluation
D1165,Cascade Security,Education,Mid-Market,129100.0,3,Evaluation,0.95,1,0,1,1,1,1,1,36.9,0.88,Negotiation
D1165,Cascade Security,Education,Mid-Market,129100.0,4,Negotiation,0.96,1,0,1,1,1,1,1,16.9,0.89,Proposal
D1165,Cascade Security,Education,Mid-Market,129100.0,5,Proposal,0.96,1,1,1,1,1,3,14,22.2,0.89,Closed Won
D1166,Beacon Robotics,Retail,SMB,44100.0,1,Discovery,0.27,1,0,1,0,1,1,4,10.9,0.3,Discovery
D1166,Beacon Robotics,Retail,SMB,44100.0,2,Discovery,0.16,1,0,1,1,1,2,3,32.2,0.24,Lost
D1167,Skyward Aerospace,Retail,SMB,44400.0,1,Discovery,0.53,0,0,1,0,1,1,3,16.3,0.51,Demo
D1167,Skyward Aerospace,Retail,SMB,44400.0,2,Demo,0.53,0,1,1,1,1,2,10,17.6,0.51,Evaluation
D1167,Skyward Aerospace,Retail,SMB,44400.0,3,Evaluation,0.46,0,1,1,1,1,2,11,37.9,0.47,Negotiation
D1167,Skyward Aerospace,Retail,SMB,44400.0,4,Negotiation,0.45,0,1,1,1,1,4,5,8.9,0.46,Proposal
D1167,Skyward Aerospace,Retail,SMB,44400.0,5,Proposal,0.46,0,1,1,1,1,1,13,10.2,0.47,Closed Won
D1168,Synthetix Labs,Retail,Startup,31200.0,1,Discovery,0.73,0,0,1,0,0,4,2,65.8,0.64,Discovery
D1168,Synthetix Labs,Retail,Startup,31200.0,2,Discovery,0.79,0,0,1,1,0,3,11,2.0,0.68,Demo
D1168,Synthetix Labs,Retail,Startup,31200.0,3,Demo,0.83,1,1,1,1,0,3,9,16.9,0.7,Evaluation
D1168,Synthetix Labs,Retail,Startup,31200.0,4,Evaluation,0.81,2,1,1,1,0,3,13,62.1,0.69,Evaluation
D1168,Synthetix Labs,Retail,Startup,31200.0,5,Evaluation,0.75,3,1,1,1,1,1,11,24.0,0.65,Lost
D1169,Cobalt Freight,Education,SMB,30600.0,1,Discovery,0.27,0,0,1,0,1,1,5,21.3,0.35,Discovery
D1169,Cobalt Freight,Education,SMB,30600.0,2,Discovery,0.17,0,0,1,1,1,2,8,7.8,0.29,Demo
D1169,Cobalt Freight,Education,SMB,30600.0,3,Demo,0.21,0,0,1,1,1,1,5,11.3,0.31,Evaluation
D1169,Cobalt Freight,Education,SMB,30600.0,4,Evaluation,0.22,0,0,1,1,1,4,7,51.5,0.32,Negotiation
D1169,Cobalt Freight,Education,SMB,30600.0,5,Negotiation,0.12,0,0,1,1,1,4,7,22.1,0.26,Proposal
D1169,Cobalt Freight,Education,SMB,30600.0,6,Proposal,0.12,0,0,1,1,1,2,8,19.5,0.26,Closed Won
D1170,Skyward Aerospace,Retail,Startup,30700.0,1,Discovery,0.4,0,0,1,0,1,3,5,4.1,0.34,Demo
D1170,Skyward Aerospace,Retail,Startup,30700.0,2,Demo,0.29,0,0,1,0,1,2,6,2.0,0.28,Demo
D1170,Skyward Aerospace,Retail,Startup,30700.0,3,Demo,0.21,1,1,1,1,1,1,13,131.1,0.23,Demo
D1170,Skyward Aerospace,Retail,Startup,30700.0,4,Demo,0.28,1,1,1,1,1,1,14,18.7,0.27,Evaluation
D1171,Prime Packaging,Logistics,SMB,58400.0,1,Discovery,0.33,1,1,1,0,0,3,4,2.9,0.33,Lost
D1172,Pulse Dynamics,Manufacturing,Startup,26700.0,1,Discovery,0.76,0,0,1,0,1,1,1,24.5,0.71,Demo
D1172,Pulse Dynamics,Manufacturing,Startup,26700.0,2,Demo,0.83,0,0,1,1,1,1,14,57.6,0.76,Evaluation
D1172,Pulse Dynamics,Manufacturing,Startup,26700.0,3,Evaluation,0.81,0,0,1,1,1,4,13,18.3,0.74,Negotiation
D1172,Pulse Dynamics,Manufacturing,Startup,26700.0,4,Negotiation,0.76,1,0,1,1,1,2,9,2.9,0.71,Proposal
D1172,Pulse Dynamics,Manufacturing,Startup,26700.0,5,Proposal,0.8,2,0,1,1,1,3,5,18.6,0.74,Closed Won
D1173,Kestrel Instruments,Healthcare,SMB,46700.0,1,Discovery,0.53,1,0,0,0,0,3,3,40.2,0.5,Lost
D1174,Acuity Networks,Education,SMB,34600.0,1,Discovery,0.33,0,0,1,0,0,3,1,19.4,0.31,Discovery
D1174,Acuity Networks,Education,SMB,34600.0,2,Discovery,0.32,0,1,1,1,0,4,5,78.8,0.31,Discovery
D1174,Acuity Networks,Education,SMB,34600.0,3,Discovery,0.38,0,2,1,1,0,1,3,38.9,0.34,Lost
D1175,Apex Cloud Systems,Logistics,SMB,50300.0,1,Discovery,0.87,0,0,1,0,1,1,1,54.9,0.74,Demo
D1175,Apex Cloud Systems,Logistics,SMB,50300.0,2,Demo,0.96,0,0,1,0,1,3,10,23.4,0.8,Evaluation
D1175,Apex Cloud Systems,Logistics,SMB,50300.0,3,Evaluation,0.96,0,1,1,1,1,4,1,3.4,0.8,Negotiation
D1175,Apex Cloud Systems,Logistics,SMB,50300.0,4,Negotiation,0.96,0,2,1,1,1,3,11,8.9,0.8,Proposal
D1175,Apex Cloud Systems,Logistics,SMB,50300.0,5,Proposal,0.9,0,2,1,1,1,2,5,5.4,0.76,Closed Won
D1176,Everline Retail,Technology,Enterprise,199100.0,1,Discovery,0.61,0,0,1,0,0,2,5,57.9,0.58,Discovery
D1176,Everline Retail,Technology,Enterprise,199100.0,2,Discovery,0.66,1,0,1,1,1,1,7,34.5,0.61,Demo
D1176,Everline Retail,Technology,Enterprise,199100.0,3,Demo,0.7,1,0,1,1,1,1,3,27.3,0.64,Evaluation
D1176,Everline Retail,Technology,Enterprise,199100.0,4,Evaluation,0.71,1,0,1,1,1,4,13,8.7,0.64,Negotiation
D1176,Everline Retail,Technology,Enterprise,199100.0,5,Negotiation,0.7,1,0,1,1,1,1,2,4.9,0.64,Proposal
D1176,Everline Retail,Technology,Enterprise,199100.0,6,Proposal,0.64,1,0,1,1,1,4,10,34.1,0.6,Closed Won
D1177,Veritas Analytics,Retail,Startup,9600.0,1,Discovery,0.42,0,0,1,0,1,3,1,12.7,0.54,Demo
D1177,Veritas Analytics,Retail,Startup,9600.0,2,Demo,0.39,0,1,1,0,1,2,4,5.1,0.52,Evaluation
D1177,Veritas Analytics,Retail,Startup,9600.0,3,Evaluation,0.38,0,2,1,0,1,1,9,19.0,0.51,Negotiation
D1177,Veritas Analytics,Retail,Startup,9600.0,4,Negotiation,0.33,1,2,1,1,1,3,9,2.0,0.48,Proposal
D1177,Veritas Analytics,Retail,Startup,9600.0,5,Proposal,0.44,1,2,1,1,1,3,1,7.8,0.55,Lost
D1178,BrightPath Logistics,Logistics,SMB,43500.0,1,Discovery,0.41,0,0,0,0,0,1,5,15.4,0.46,Discovery
D1178,BrightPath Logistics,Logistics,SMB,43500.0,2,Discovery,0.52,0,0,1,0,0,3,14,3.9,0.53,Discovery
D1178,BrightPath Logistics,Logistics,SMB,43500.0,3,Discovery,0.59,0,1,1,0,0,1,9,101.6,0.57,Discovery
D1178,BrightPath Logistics,Logistics,SMB,43500.0,4,Discovery,0.53,0,1,1,0,0,3,3,5.7,0.53,Discovery
D1178,BrightPath Logistics,Logistics,SMB,43500.0,5,Discovery,0.51,0,2,1,1,1,1,12,3.4,0.52,Demo
D1178,BrightPath Logistics,Logistics,SMB,43500.0,6,Demo,0.42,0,3,1,1,1,4,9,5.5,0.47,Lost
D1179,Cobalt Freight,Financial Services,Startup,13100.0,1,Discovery,0.77,0,1,1,0,1,3,1,26.8,0.78,Demo
D1179,Cobalt Freight,Financial Services,Startup,13100.0,2,Demo,0.75,1,1,1,1,1,1,7,10.1,0.76,Evaluation
D1179,Cobalt Freight,Financial Services,Startup,13100.0,3,Evaluation,0.8,1,1,1,1,1,1,12,15.2,0.79,Negotiation
D1179,Cobalt Freight,Financial Services,Startup,13100.0,4,Negotiation,0.77,1,1,1,1,1,1,9,2.0,0.78,Proposal
D1179,Cobalt Freight,Financial Services,Startup,13100.0,5,Proposal,0.69,1,1,1,1,1,4,4,2.0,0.73,Closed Won
D1180,OmniCommerce,Education,Mid-Market,133400.0,1,Discovery,0.6,1,1,0,0,1,2,1,14.4,0.58,Demo
D1180,OmniCommerce,Education,Mid-Market,133400.0,2,Demo,0.56,1,2,0,1,1,1,2,41.4,0.55,Evaluation
D1180,OmniCommerce,Education,Mid-Market,133400.0,3,Evaluation,0.61,1,3,0,1,1,4,10,52.8,0.58,Negotiation
D1180,OmniCommerce,Education,Mid-Market,133400.0,4,Negotiation,0.63,1,3,0,1,1,1,3,2.2,0.59,Proposal
D1180,OmniCommerce,Education,Mid-Market,133400.0,5,Proposal,0.68,1,3,0,1,1,1,12,18.8,0.62,Lost
D1181,Cobalt Freight,Financial Services,Mid-Market,93700.0,1,Discovery,0.49,0,0,1,0,0,2,2,70.8,0.46,Discovery
D1181,Cobalt Freight,Financial Services,Mid-Market,93700.0,2,Discovery,0.45,0,1,1,1,1,2,5,14.2,0.44,Demo
D1181,Cobalt Freight,Financial Services,Mid-Market,93700.0,3,Demo,0.43,0,1,1,1,1,1,11,51.3,0.43,Evaluation
D1181,Cobalt Freight,Financial Services,Mid-Market,93700.0,4,Evaluation,0.43,1,2,1,1,1,1,11,4.2,0.43,Negotiation
D1181,Cobalt Freight,Financial Services,Mid-Market,93700.0,5,Negotiation,0.44,1,3,1,1,1,4,4,79.4,0.43,Proposal
D1182,Vector Mobility,Financial Services,SMB,66900.0,1,Discovery,0.59,0,1,1,0,0,3,1,55.2,0.64,Discovery
D1182,Vector Mobility,Financial Services,SMB,66900.0,2,Discovery,0.66,0,2,1,1,1,3,4,22.0,0.69,Demo
D1182,Vector Mobility,Financial Services,SMB,66900.0,3,Demo,0.7,0,2,1,1,1,2,8,8.8,0.71,Evaluation
D1182,Vector Mobility,Financial Services,SMB,66900.0,4,Evaluation,0.66,0,3,1,1,1,2,8,54.2,0.69,Lost
D1183,Helix Diagnostics,Manufacturing,Mid-Market,111600.0,1,Discovery,0.29,0,0,1,0,1,4,3,12.4,0.28,Discovery
D1183,Helix Diagnostics,Manufacturing,Mid-Market,111600.0,2,Discovery,0.18,1,0,1,1,1,2,2,15.6,0.21,Demo
D1183,Helix Diagnostics,Manufacturing,Mid-Market,111600.0,3,Demo,0.25,1,0,1,1,1,2,5,46.5,0.26,Evaluation
D1184,Novus Capital,Manufacturing,SMB,45000.0,1,Discovery,0.75,0,0,1,0,1,4,5,49.6,0.75,Demo
D1184,Novus Capital,Manufacturing,SMB,45000.0,2,Demo,0.71,0,0,1,1,1,1,2,4.3,0.73,Evaluation
D1184,Novus Capital,Manufacturing,SMB,45000.0,3,Evaluation,0.73,0,1,1,1,1,4,10,30.0,0.74,Negotiation
D1184,Novus Capital,Manufacturing,SMB,45000.0,4,Negotiation,0.69,0,1,1,1,1,1,9,25.1,0.72,Proposal
D1184,Novus Capital,Manufacturing,SMB,45000.0,5,Proposal,0.61,0,2,1,1,1,1,6,2.0,0.67,Closed Won
D1185,Synthetix Labs,Education,Mid-Market,141500.0,1,Discovery,0.6,0,1,0,0,0,3,2,9.0,0.67,Discovery
D1185,Synthetix Labs,Education,Mid-Market,141500.0,2,Discovery,0.59,0,1,1,1,0,3,13,6.1,0.67,Demo
D1185,Synthetix Labs,Education,Mid-Market,141500.0,3,Demo,0.5,0,1,1,1,1,4,14,6.6,0.61,Evaluation
D1185,Synthetix Labs,Education,Mid-Market,141500.0,4,Evaluation,0.41,0,1,1,1,1,1,2,74.5,0.56,Lost
D1186,Frontier FinCorp,Retail,SMB,47700.0,1,Discovery,0.51,0,0,1,0,1,1,4,34.1,0.44,Demo
D1186,Frontier FinCorp,Retail,SMB,47700.0,2,Demo,0.54,0,0,1,1,1,2,5,41.9,0.46,Evaluation
D1187,Cobalt Freight,Logistics,SMB,42300.0,1,Discovery,0.36,0,0,1,0,0,1,4,20.5,0.3,Discovery
D1187,Cobalt Freight,Logistics,SMB,42300.0,2,Discovery,0.28,0,1,1,0,0,2,1,70.1,0.25,Lost
D1188,Veritas Analytics,Education,Startup,18500.0,1,Discovery,0.65,0,0,1,0,1,4,4,10.5,0.7,Demo
D1188,Veritas Analytics,Education,Startup,18500.0,2,Demo,0.64,0,0,1,1,1,4,12,37.6,0.69,Evaluation
D1188,Veritas Analytics,Education,Startup,18500.0,3,Evaluation,0.59,0,0,1,1,1,3,9,3.7,0.66,Negotiation
D1188,Veritas Analytics,Education,Startup,18500.0,4,Negotiation,0.58,0,1,1,1,1,1,11,54.5,0.66,Proposal
D1188,Veritas Analytics,Education,Startup,18500.0,5,Proposal,0.67,0,1,1,1,1,3,6,4.6,0.71,Closed Won
D1189,Skyward Aerospace,Retail,SMB,56800.0,1,Discovery,0.47,0,0,0,0,0,4,1,17.0,0.37,Discovery
D1189,Skyward Aerospace,Retail,SMB,56800.0,2,Discovery,0.43,1,1,0,0,1,1,4,60.8,0.35,Discovery
D1189,Skyward Aerospace,Retail,SMB,56800.0,3,Discovery,0.34,2,1,1,1,1,2,10,21.6,0.29,Discovery
D1189,Skyward Aerospace,Retail,SMB,56800.0,4,Discovery,0.23,3,1,1,1,1,2,6,40.4,0.23,Discovery
D1189,Skyward Aerospace,Retail,SMB,56800.0,5,Discovery,0.12,3,1,1,1,1,2,5,25.3,0.16,Lost
D1190,Vanguard Supply,Technology,Startup,15900.0,1,Discovery,0.7,0,0,1,0,1,3,4,32.9,0.64,Demo
D1190,Vanguard Supply,Technology,Startup,15900.0,2,Demo,0.64,0,1,1,1,1,4,9,6.3,0.6,Evaluation
D1191,Novus Capital,Education,Enterprise,164900.0,1,Discovery,0.57,0,0,1,0,0,3,4,12.6,0.47,Discovery
D1191,Novus Capital,Education,Enterprise,164900.0,2,Discovery,0.55,0,0,1,1,1,3,13,22.8,0.45,Demo
D1191,Novus Capital,Education,Enterprise,164900.0,3,Demo,0.56,0,0,1,1,1,1,5,6.5,0.46,Evaluation
D1191,Novus Capital,Education,Enterprise,164900.0,4,Evaluation,0.63,1,1,1,1,1,4,1,15.5,0.5,Negotiation
D1192,Atlas Energy,Education,Startup,23600.0,1,Discovery,0.44,0,1,0,0,0,1,2,2.6,0.35,Discovery
D1192,Atlas Energy,Education,Startup,23600.0,2,Discovery,0.32,0,2,1,0,1,3,1,37.8,0.28,Discovery
D1192,Atlas Energy,Education,Startup,23600.0,3,Discovery,0.29,0,2,1,1,1,3,10,93.2,0.26,Demo
D1192,Atlas Energy,Education,Startup,23600.0,4,Demo,0.34,0,2,1,1,1,4,2,7.1,0.29,Evaluation
D1192,Atlas Energy,Education,Startup,23600.0,5,Evaluation,0.2,0,3,1,1,1,2,8,39.4,0.21,Lost
D1193,Helix Diagnostics,Manufacturing,Startup,33200.0,1,Discovery,0.48,1,0,1,0,0,2,3,40.1,0.4,Lost
D1194,Helix Diagnostics,Healthcare,Mid-Market,86400.0,1,Discovery,0.61,0,0,1,0,0,4,3,13.4,0.58,Discovery
D1194,Helix Diagnostics,Healthcare,Mid-Market,86400.0,2,Discovery,0.54,1,1,1,1,1,3,7,29.8,0.54,Demo
D1194,Helix Diagnostics,Healthcare,Mid-Market,86400.0,3,Demo,0.51,1,1,1,1,1,4,5,13.0,0.52,Evaluation
D1194,Helix Diagnostics,Healthcare,Mid-Market,86400.0,4,Evaluation,0.58,1,1,1,1,1,4,11,17.3,0.56,Negotiation
D1194,Helix Diagnostics,Healthcare,Mid-Market,86400.0,5,Negotiation,0.54,1,1,1,1,1,3,11,2.0,0.54,Proposal
D1194,Helix Diagnostics,Healthcare,Mid-Market,86400.0,6,Proposal,0.63,1,1,1,1,1,4,8,29.0,0.59,Closed Won
D1195,Summit BioPharma,Manufacturing,SMB,66300.0,1,Discovery,0.45,0,0,0,0,0,4,3,38.9,0.39,Discovery
D1195,Summit BioPharma,Manufacturing,SMB,66300.0,2,Discovery,0.34,1,0,1,1,0,1,6,2.0,0.32,Discovery
D1195,Summit BioPharma,Manufacturing,SMB,66300.0,3,Discovery,0.22,1,0,1,1,1,4,3,16.5,0.25,Demo
D1195,Summit BioPharma,Manufacturing,SMB,66300.0,4,Demo,0.21,1,1,1,1,1,2,6,138.8,0.25,Demo
D1195,Summit BioPharma,Manufacturing,SMB,66300.0,5,Demo,0.12,2,2,1,1,1,2,13,19.6,0.19,Demo
D1195,Summit BioPharma,Manufacturing,SMB,66300.0,6,Demo,0.12,2,2,1,1,1,4,6,25.0,0.19,Lost
D1196,Vanguard Supply,Education,Enterprise,203700.0,1,Discovery,0.84,0,1,1,0,1,4,2,60.8,0.71,Demo
D1196,Vanguard Supply,Education,Enterprise,203700.0,2,Demo,0.93,0,2,1,0,1,2,1,31.9,0.76,Evaluation
D1196,Vanguard Supply,Education,Enterprise,203700.0,3,Evaluation,0.92,0,2,1,0,1,3,2,22.0,0.76,Negotiation
D1196,Vanguard Supply,Education,Enterprise,203700.0,4,Negotiation,0.87,0,2,1,1,1,1,11,40.4,0.73,Proposal
D1196,Vanguard Supply,Education,Enterprise,203700.0,5,Proposal,0.81,0,3,1,1,1,1,1,50.5,0.69,Closed Won
D1197,Synthetix Labs,Technology,SMB,68700.0,1,Discovery,0.51,0,1,0,0,1,4,2,14.2,0.53,Demo
D1197,Synthetix Labs,Technology,SMB,68700.0,2,Demo,0.56,0,1,0,1,1,2,8,15.0,0.56,Evaluation
D1197,Synthetix Labs,Technology,SMB,68700.0,3,Evaluation,0.64,0,2,0,1,1,3,12,11.4,0.61,Negotiation
D1197,Synthetix Labs,Technology,SMB,68700.0,4,Negotiation,0.75,0,2,0,1,1,2,12,79.4,0.68,Proposal
D1197,Synthetix Labs,Technology,SMB,68700.0,5,Proposal,0.69,0,2,0,1,1,2,12,27.9,0.64,Proposal
D1197,Synthetix Labs,Technology,SMB,68700.0,6,Proposal,0.74,1,2,0,1,1,3,2,2.0,0.67,Closed Won
D1198,Kestrel Instruments,Financial Services,Mid-Market,63100.0,1,Discovery,0.59,0,0,1,0,0,2,1,49.6,0.56,Discovery
D1198,Kestrel Instruments,Financial Services,Mid-Market,63100.0,2,Discovery,0.52,0,1,1,1,1,2,6,16.4,0.52,Demo
D1198,Kestrel Instruments,Financial Services,Mid-Market,63100.0,3,Demo,0.47,1,1,1,1,1,4,12,2.0,0.49,Evaluation
D1198,Kestrel Instruments,Financial Services,Mid-Market,63100.0,4,Evaluation,0.56,1,2,1,1,1,1,6,19.9,0.54,Negotiation
D1198,Kestrel Instruments,Financial Services,Mid-Market,63100.0,5,Negotiation,0.61,1,2,1,1,1,3,8,13.5,0.57,Proposal
D1198,Kestrel Instruments,Financial Services,Mid-Market,63100.0,6,Proposal,0.68,2,2,1,1,1,1,13,52.5,0.62,Closed Won
D1199,Atlas Energy,Retail,SMB,61100.0,1,Discovery,0.76,0,0,1,0,1,2,3,4.2,0.76,Demo
D1199,Atlas Energy,Retail,SMB,61100.0,2,Demo,0.76,0,0,1,1,1,1,11,32.5,0.76,Evaluation
D1199,Atlas Energy,Retail,SMB,61100.0,3,Evaluation,0.86,0,0,1,1,1,1,4,15.1,0.82,Negotiation
D1199,Atlas Energy,Retail,SMB,61100.0,4,Negotiation,0.95,0,0,1,1,1,1,14,2.0,0.88,Proposal
D1199,Atlas Energy,Retail,SMB,61100.0,5,Proposal,0.96,0,0,1,1,1,1,6,66.3,0.88,Closed Won
D1200,Veritas Analytics,Education,SMB,72100.0,1,Discovery,0.71,0,0,0,0,1,1,4,17.1,0.65,Demo
D1200,Veritas Analytics,Education,SMB,72100.0,2,Demo,0.65,0,0,0,1,1,3,10,8.2,0.61,Evaluation
D1200,Veritas Analytics,Education,SMB,72100.0,3,Evaluation,0.58,0,0,0,1,1,3,11,15.0,0.57,Negotiation
D1200,Veritas Analytics,Education,SMB,72100.0,4,Negotiation,0.68,0,0,0,1,1,1,4,46.3,0.63,Proposal
D1200,Veritas Analytics,Education,SMB,72100.0,5,Proposal,0.61,0,0,0,1,1,2,3,8.6,0.59,Closed Won
