deal_id,customer,industry,company_size,deal_value,total_calls,days_since_last_call,calls_last_7_days,calls_last_30_days,price_objections,competitor_mentions,demo_requested,demo_completed,decision_maker_present,decision_maker_engagement,followups,followup_response_rate,response_delay_hours,sentiment_score,sentiment_trend,engagement_score,objection_count,objection_resolution_rate,budget_confirmed,timeline_confirmed,competitor_present,discount_requested,proposal_sent,proposal_age_days,deal_stage,previous_stage,stage_duration_days,customer_interest_score,next_action_completed,deal_outcome
DEAL-1001,Helix Diagnostics,Technology,Startup,15400.0,4,8,0,4,2,0,1,0,0,0.15,1,0.6,11.3,0.7,1,0.63,4,0.81,1,1,0,1,0,0,Discovery,Lead,39,0.41,1,Lost
DEAL-1002,Solstice Media,Technology,Startup,10600.0,14,22,4,8,0,1,1,0,1,0.45,5,0.81,4.1,0.63,0,0.65,0,1.0,1,1,1,0,0,0,Discovery,Lead,48,0.77,1,Progressed
DEAL-1003,NexGen Health,Manufacturing,SMB,58500.0,12,43,0,2,1,0,1,0,1,0.56,9,0.33,1.4,0.4,-1,0.38,2,0.27,1,1,0,1,1,32,Proposal,Negotiation,48,0.27,1,Lost
DEAL-1004,Helix Diagnostics,Retail,Startup,11800.0,12,35,4,8,1,0,1,1,1,0.53,3,0.56,29.6,0.22,-1,0.87,1,0.6,1,1,0,0,1,1,Proposal,Negotiation,29,0.36,1,Progressed
DEAL-1005,Everline Retail,Logistics,Enterprise,292700.0,13,41,2,3,2,0,1,0,0,0.22,5,0.93,1.0,0.74,1,0.91,2,0.51,1,1,0,1,1,21,Evaluation,Demo,29,0.89,1,Lost
DEAL-1006,Everline Retail,Manufacturing,Enterprise,311300.0,5,15,0,1,3,3,1,0,1,0.44,9,0.76,4.9,0.25,0,0.94,4,0.96,1,1,1,1,1,24,Proposal,Negotiation,7,0.37,1,Lost
DEAL-1007,Cascade Security,Retail,Startup,14100.0,6,1,4,6,1,3,1,0,1,0.53,1,0.84,8.7,0.2,-1,0.42,4,0.72,0,1,1,1,0,0,Demo,Discovery,39,0.61,0,Lost
DEAL-1008,Acuity Networks,Manufacturing,SMB,48400.0,12,3,0,0,0,3,1,1,1,0.54,4,0.58,8.3,0.26,-1,0.42,0,1.0,1,1,1,0,1,6,Negotiation,Evaluation,48,0.43,1,Progressed
DEAL-1009,Vector Mobility,Healthcare,Startup,21100.0,4,25,0,1,1,0,1,1,1,0.66,7,0.71,22.7,0.71,1,0.72,1,0.22,1,0,0,0,1,34,Negotiation,Evaluation,2,0.61,0,Progressed
DEAL-1010,Cascade Security,Technology,Enterprise,135800.0,2,43,0,1,2,0,1,0,1,0.42,2,0.49,11.0,0.6,1,0.45,5,0.24,1,0,0,1,1,5,Discovery,Lead,58,0.44,0,Lost
DEAL-1011,Veritas Analytics,Financial Services,Enterprise,136800.0,4,32,2,3,0,3,1,0,0,0.09,8,0.82,14.6,0.69,1,0.97,4,0.67,1,1,1,1,0,0,Evaluation,Demo,58,0.85,0,Lost
DEAL-1012,Summit BioPharma,Logistics,SMB,59400.0,14,16,4,11,3,0,1,1,1,0.88,1,0.15,17.3,0.74,1,0.96,3,0.56,1,1,0,0,0,0,Evaluation,Demo,59,0.37,1,Progressed
DEAL-1013,Acuity Networks,Healthcare,Startup,17800.0,13,2,2,5,1,2,1,0,1,0.91,7,0.93,21.5,0.73,-1,0.87,1,0.02,1,0,1,1,1,16,Demo,Discovery,44,0.97,0,Lost
DEAL-1014,Kestrel Instruments,Logistics,Startup,31500.0,14,30,1,4,1,0,1,1,1,0.53,1,0.68,4.5,0.46,0,0.87,2,0.64,1,1,0,1,1,8,Negotiation,Evaluation,24,0.97,1,Progressed
DEAL-1015,Vanguard Supply,Healthcare,SMB,74200.0,1,6,1,1,1,0,1,1,1,0.62,4,0.35,1.6,0.7,-1,0.61,5,0.36,1,0,0,1,1,20,Evaluation,Demo,29,0.85,1,Progressed
DEAL-1016,Skyward Aerospace,Retail,SMB,59900.0,9,8,1,7,3,0,1,1,1,0.64,1,0.39,2.5,0.31,1,0.67,3,0.68,1,1,0,1,1,6,Negotiation,Evaluation,45,0.49,0,Progressed
DEAL-1017,Skyward Aerospace,Logistics,Mid-Market,69300.0,13,15,2,5,3,1,1,0,0,0.14,2,0.51,27.7,0.83,1,0.35,3,0.24,1,1,1,1,1,15,Demo,Discovery,11,0.77,0,Lost
DEAL-1018,OmniCommerce,Financial Services,SMB,52900.0,14,7,3,5,1,0,1,1,1,0.58,8,0.64,16.4,0.7,1,0.53,3,0.74,0,1,0,1,1,34,Negotiation,Evaluation,44,0.92,1,Progressed
DEAL-1019,Pulse Dynamics,Manufacturing,SMB,60700.0,4,17,2,4,3,3,1,0,1,0.81,2,0.48,1.0,0.4,0,0.52,3,0.9,1,1,1,1,1,23,Proposal,Negotiation,7,0.4,0,Lost
DEAL-1020,BlueShift AI,Education,Enterprise,312200.0,9,34,4,7,0,0,1,1,1,0.63,7,0.73,26.1,0.8,-1,0.96,3,0.08,1,0,0,0,1,30,Negotiation,Evaluation,16,0.65,0,Progressed
DEAL-1021,Aegis Software,Retail,SMB,72600.0,7,16,0,7,0,0,1,0,1,0.6,2,0.77,9.0,0.65,-1,0.94,0,1.0,0,0,0,1,0,0,Discovery,Lead,49,0.4,0,Progressed
DEAL-1022,Frontier FinCorp,Healthcare,Mid-Market,156400.0,12,7,1,5,0,0,0,0,0,0.2,7,0.47,4.9,0.7,-1,0.66,1,0.7,1,1,0,1,0,0,Discovery,Lead,39,0.86,0,Progressed
DEAL-1023,Beacon Robotics,Retail,Mid-Market,66900.0,11,21,0,6,3,3,1,1,0,0.27,8,0.72,83.8,0.49,1,0.61,4,0.46,1,1,1,1,1,16,Negotiation,Evaluation,8,0.73,1,Lost
DEAL-1024,Atlas Energy,Financial Services,Mid-Market,93600.0,8,20,1,8,1,2,1,1,0,0.26,5,0.59,61.2,0.55,-1,0.27,3,0.69,0,0,1,0,0,0,Demo,Discovery,24,0.78,1,Lost
DEAL-1025,Frontier FinCorp,Retail,SMB,42200.0,12,35,2,7,2,2,1,1,1,0.58,9,0.91,2.2,0.68,-1,0.37,5,0.98,0,0,1,1,1,19,Negotiation,Evaluation,19,0.61,1,Lost
DEAL-1026,Apex Cloud Systems,Logistics,Enterprise,232900.0,14,0,4,8,0,0,1,1,0,0.02,8,0.24,7.6,0.2,0,0.26,0,1.0,1,1,0,0,1,27,Negotiation,Evaluation,32,0.72,1,Progressed
DEAL-1027,Kestrel Instruments,Financial Services,Startup,22100.0,8,28,2,8,0,0,1,1,1,0.83,4,0.65,42.3,0.35,-1,0.32,0,1.0,1,1,0,0,0,0,Evaluation,Demo,38,0.38,1,Progressed
DEAL-1028,OmniCommerce,Education,SMB,59400.0,5,40,4,5,1,3,1,0,0,0.08,3,0.21,18.8,0.28,0,0.66,2,0.12,0,0,1,1,0,0,Demo,Discovery,29,0.86,1,Lost
DEAL-1029,Acuity Networks,Logistics,SMB,37500.0,2,14,2,2,1,0,1,1,1,0.56,1,0.76,3.6,0.28,1,0.71,1,0.63,0,1,0,1,1,22,Proposal,Negotiation,3,0.93,1,Progressed
DEAL-1030,Prime Packaging,Manufacturing,Mid-Market,100000.0,13,35,0,7,2,0,0,0,0,0.23,9,0.81,31.3,0.15,1,0.56,4,0.62,0,0,0,0,0,0,Discovery,Lead,22,0.29,1,Lost
DEAL-1031,Prime Packaging,Technology,Startup,25000.0,13,15,1,5,2,0,1,1,1,0.93,8,0.91,35.4,0.65,-1,0.59,4,0.42,1,1,0,0,1,33,Proposal,Negotiation,2,0.78,1,Progressed
DEAL-1032,Apex Cloud Systems,Education,Startup,28900.0,14,26,2,6,3,0,1,0,1,0.74,8,0.84,3.0,0.49,0,0.47,4,0.46,0,1,0,1,0,0,Discovery,Lead,20,0.66,1,Lost
DEAL-1033,Coastal Foods Ltd,Manufacturing,Mid-Market,130500.0,13,24,3,5,1,1,1,0,1,0.59,2,0.85,47.7,0.49,1,0.91,1,0.87,1,1,1,1,1,26,Negotiation,Evaluation,4,0.26,1,Lost
DEAL-1034,Vector Mobility,Manufacturing,Enterprise,317600.0,7,20,3,3,0,0,1,0,1,0.57,4,0.75,1.6,0.48,-1,0.79,0,1.0,0,0,0,0,1,28,Proposal,Negotiation,6,0.77,0,Progressed
DEAL-1035,Cascade Security,Retail,SMB,64600.0,3,11,0,3,2,0,1,0,1,0.48,8,0.66,8.9,0.5,1,0.21,2,0.55,1,1,0,1,1,17,Proposal,Negotiation,45,0.85,1,Progressed
DEAL-1036,Trident Tech,Healthcare,Enterprise,316300.0,2,15,1,2,3,1,1,1,1,0.41,7,0.37,24.4,0.59,1,0.81,4,0.83,1,1,1,1,0,0,Evaluation,Demo,38,0.97,1,Lost
DEAL-1037,Skyward Aerospace,Logistics,Mid-Market,122800.0,11,41,0,4,2,0,1,1,1,0.45,5,0.41,52.4,0.47,-1,0.3,2,0.5,1,1,0,1,1,19,Negotiation,Evaluation,4,0.65,1,Lost
DEAL-1038,Solstice Media,Education,Startup,34000.0,3,14,3,3,0,1,0,0,0,0.11,5,0.62,30.0,0.78,0,0.28,0,1.0,1,1,1,0,1,27,Discovery,Lead,52,0.42,0,Lost
DEAL-1039,Coastal Foods Ltd,Technology,SMB,49600.0,2,15,2,2,3,0,1,1,1,0.8,9,0.49,34.3,0.72,-1,0.89,3,0.94,1,0,0,0,1,24,Negotiation,Evaluation,31,0.73,1,Progressed
DEAL-1040,Helix Diagnostics,Manufacturing,Startup,15400.0,2,29,0,2,1,1,1,1,1,0.43,6,0.34,16.3,0.25,1,0.36,4,0.59,0,0,1,1,0,0,Demo,Discovery,43,0.86,1,Lost
DEAL-1041,Apex Cloud Systems,Healthcare,SMB,64900.0,2,42,0,0,2,0,1,0,0,0.05,1,0.25,17.8,0.47,-1,0.78,2,0.59,0,1,0,1,1,34,Discovery,Lead,24,0.6,0,Lost
DEAL-1042,Helix Diagnostics,Technology,Startup,20900.0,7,27,0,7,3,3,1,1,0,0.04,9,0.72,2.7,0.44,1,0.61,4,0.1,1,1,1,1,1,14,Negotiation,Evaluation,6,0.59,1,Lost
DEAL-1043,Pulse Dynamics,Retail,SMB,47700.0,7,6,2,7,0,3,1,1,1,0.8,8,0.2,1.0,0.79,-1,0.54,2,0.56,1,1,1,0,1,28,Evaluation,Demo,44,0.8,1,Lost
DEAL-1044,Novus Capital,Technology,Enterprise,258100.0,6,6,4,6,0,3,1,1,0,0.03,9,0.44,17.1,0.74,1,0.38,4,0.61,0,0,1,1,0,0,Demo,Discovery,11,0.57,0,Lost
DEAL-1045,Zenith Textiles,Healthcare,Enterprise,250300.0,7,4,1,1,0,0,1,0,0,0.14,3,0.45,57.2,0.71,1,0.67,1,0.75,0,0,0,0,0,0,Discovery,Lead,49,0.9,1,Lost
DEAL-1046,Summit BioPharma,Education,SMB,42300.0,2,18,2,2,1,0,1,1,0,0.3,1,0.16,33.8,0.38,-1,0.8,2,0.12,1,0,0,0,1,23,Proposal,Negotiation,33,0.82,0,Lost
DEAL-1047,Vector Mobility,Logistics,Startup,8500.0,2,20,2,2,0,0,1,1,1,0.47,1,0.92,6.2,0.28,1,0.56,2,0.44,1,1,0,0,1,20,Proposal,Negotiation,27,0.76,1,Progressed
DEAL-1048,Pulse Dynamics,Manufacturing,Mid-Market,67600.0,11,7,4,7,0,2,1,1,1,0.87,4,0.23,4.2,0.35,-1,0.67,5,0.18,1,1,1,0,0,0,Evaluation,Demo,24,0.81,1,Progressed
DEAL-1049,Helix Diagnostics,Logistics,Enterprise,194300.0,11,20,1,8,0,1,1,0,0,0.08,1,0.43,63.7,0.21,0,0.55,2,0.64,1,0,1,0,0,0,Discovery,Lead,32,0.29,1,Lost
DEAL-1050,Coastal Foods Ltd,Retail,Enterprise,251500.0,4,20,4,4,3,2,1,1,1,0.87,6,0.94,49.2,0.21,1,0.33,3,0.52,1,0,1,1,1,4,Proposal,Negotiation,11,0.43,1,Lost
DEAL-1051,Helix Diagnostics,Manufacturing,Startup,10600.0,11,24,2,6,0,3,1,0,1,0.93,5,0.92,39.1,0.69,0,0.3,0,1.0,1,1,1,1,1,34,Proposal,Negotiation,57,0.77,0,Lost
DEAL-1052,Skyward Aerospace,Retail,SMB,25900.0,5,11,1,3,2,0,1,0,0,0.25,2,0.56,54.3,0.57,1,0.89,2,0.13,1,1,0,1,1,11,Negotiation,Evaluation,14,0.28,1,Lost
DEAL-1053,Coastal Foods Ltd,Retail,SMB,61000.0,8,39,2,8,3,3,1,0,1,0.85,4,0.44,9.2,0.88,0,0.56,3,0.97,0,0,1,1,1,7,Demo,Discovery,36,0.46,1,Lost
DEAL-1054,Cascade Security,Education,Startup,10300.0,3,17,3,3,0,3,1,1,1,0.6,1,0.48,13.4,0.46,0,0.38,2,0.03,1,1,1,0,1,19,Negotiation,Evaluation,7,0.99,1,Progressed
DEAL-1055,Prime Packaging,Logistics,Mid-Market,135900.0,8,28,4,4,3,2,0,0,1,0.72,9,0.49,40.9,0.75,-1,0.43,3,0.06,0,0,1,1,0,0,Discovery,Lead,3,0.29,0,Lost
DEAL-1056,Acuity Networks,Technology,Mid-Market,84100.0,7,11,0,5,0,0,1,0,1,0.69,1,0.46,6.0,0.51,1,0.5,5,0.36,0,1,0,0,0,0,Discovery,Lead,35,0.53,1,Progressed
DEAL-1057,Apex Cloud Systems,Technology,SMB,41900.0,11,11,3,10,2,2,1,0,1,0.95,1,0.38,3.1,0.18,-1,0.89,2,0.4,0,1,1,0,1,22,Demo,Discovery,53,0.48,0,Lost
DEAL-1058,Kestrel Instruments,Manufacturing,SMB,45000.0,8,24,2,4,1,0,1,1,1,0.7,2,0.73,9.4,0.21,1,0.98,2,0.1,0,1,0,0,1,29,Negotiation,Evaluation,46,0.38,0,Progressed
DEAL-1059,Vector Mobility,Manufacturing,Mid-Market,103500.0,11,3,0,6,2,1,1,1,1,0.95,3,0.83,17.6,0.67,0,0.23,5,0.36,1,1,1,1,0,0,Evaluation,Demo,34,0.3,1,Lost
DEAL-1060,Atlas Energy,Healthcare,SMB,44900.0,11,17,1,2,3,0,0,0,1,0.93,2,0.36,85.6,0.35,0,0.37,5,0.2,0,0,0,1,1,21,Discovery,Lead,49,0.7,1,Lost
DEAL-1061,OmniCommerce,Technology,SMB,39500.0,5,10,1,3,0,0,1,0,0,0.24,1,0.44,78.8,0.59,0,0.83,4,0.07,1,1,0,0,1,27,Proposal,Negotiation,16,0.66,1,Progressed
DEAL-1062,BrightPath Logistics,Healthcare,Enterprise,267700.0,8,29,4,8,0,1,1,1,1,0.74,3,0.5,8.6,0.85,-1,0.85,2,0.16,0,1,1,1,1,17,Demo,Discovery,58,0.63,0,Lost
DEAL-1063,Beacon Robotics,Manufacturing,Startup,16200.0,9,5,4,6,2,2,1,0,1,0.82,6,0.82,8.0,0.58,-1,0.26,4,0.65,1,1,1,1,1,20,Proposal,Negotiation,39,0.95,1,Lost
DEAL-1064,Kestrel Instruments,Education,Mid-Market,89700.0,2,44,0,0,2,0,1,1,0,0.18,6,0.84,16.8,0.4,0,0.96,2,0.56,1,0,0,0,1,25,Negotiation,Evaluation,28,0.35,1,Lost
DEAL-1065,Acuity Networks,Healthcare,Enterprise,327500.0,14,20,4,9,1,0,1,0,1,0.67,5,0.55,1.3,0.22,0,0.59,1,0.05,0,1,0,1,0,0,Demo,Discovery,50,0.97,0,Lost
DEAL-1066,Everline Retail,Retail,Startup,15100.0,6,25,2,2,0,0,1,1,1,0.44,9,0.51,6.6,0.57,1,0.73,0,1.0,1,1,0,0,1,10,Negotiation,Evaluation,5,0.34,0,Progressed
DEAL-1067,Cascade Security,Retail,SMB,27300.0,3,45,2,3,3,0,1,0,1,0.48,6,0.28,3.8,0.91,1,0.86,4,0.71,1,1,0,1,1,20,Proposal,Negotiation,31,0.69,1,Lost
DEAL-1068,Novus Capital,Education,Mid-Market,62700.0,8,16,4,7,0,0,1,0,1,0.82,7,0.27,6.7,0.67,-1,0.65,1,0.44,0,0,0,0,0,0,Discovery,Lead,39,0.77,1,Progressed
DEAL-1069,Vector Mobility,Logistics,Mid-Market,130600.0,9,13,4,9,2,2,1,1,1,0.67,9,0.42,26.8,0.42,1,0.73,2,0.48,1,1,1,0,1,14,Negotiation,Evaluation,35,0.84,1,Lost
DEAL-1070,Prime Packaging,Manufacturing,SMB,53000.0,13,17,2,3,0,3,1,1,1,0.63,6,0.91,31.3,0.77,0,0.23,0,1.0,0,0,1,1,1,18,Proposal,Negotiation,45,0.96,0,Lost
DEAL-1071,Veritas Analytics,Logistics,SMB,37100.0,11,33,1,4,3,2,1,0,1,0.46,3,0.15,11.0,0.57,-1,0.52,3,0.65,0,1,1,1,0,0,Discovery,Lead,8,0.94,1,Lost
DEAL-1072,Beacon Robotics,Logistics,Mid-Market,153700.0,3,26,1,1,1,3,1,1,1,0.96,5,0.85,18.4,0.16,1,0.67,2,0.45,1,1,1,1,1,30,Negotiation,Evaluation,52,0.94,0,Lost
DEAL-1073,Kestrel Instruments,Technology,SMB,61600.0,11,16,1,1,1,0,1,1,1,0.51,7,0.81,2.3,0.55,-1,0.51,1,0.32,0,1,0,1,0,0,Evaluation,Demo,52,0.32,1,Lost
DEAL-1074,Zenith Textiles,Manufacturing,Mid-Market,129300.0,1,42,0,1,1,3,1,1,1,0.92,5,0.7,5.0,0.64,0,0.49,1,0.15,1,1,1,1,1,14,Evaluation,Demo,12,0.41,1,Lost
DEAL-1075,Skyward Aerospace,Education,SMB,64400.0,9,28,4,9,3,0,1,0,1,0.69,9,0.27,1.0,0.4,1,0.54,5,0.09,1,0,0,1,0,0,Discovery,Lead,60,0.75,0,Lost
DEAL-1076,Cobalt Freight,Logistics,Mid-Market,132300.0,7,16,0,3,1,2,1,0,0,0.02,1,0.9,1.0,0.2,0,0.22,1,0.37,1,1,1,1,1,35,Proposal,Negotiation,6,0.55,0,Lost
DEAL-1077,Vector Mobility,Manufacturing,Startup,34800.0,7,33,1,4,0,3,0,0,1,0.72,9,0.45,17.2,0.33,0,0.47,5,0.03,1,1,1,0,0,0,Discovery,Lead,50,0.45,0,Lost
DEAL-1078,Coastal Foods Ltd,Retail,SMB,60200.0,1,15,0,1,2,3,1,1,1,0.85,3,0.55,4.6,0.37,1,0.65,5,0.24,1,1,1,0,1,12,Negotiation,Evaluation,16,0.68,1,Lost
DEAL-1079,Acuity Networks,Financial Services,SMB,73600.0,11,42,3,8,0,3,1,0,1,0.84,8,0.34,28.2,0.32,1,0.31,0,1.0,1,0,1,0,1,6,Negotiation,Evaluation,28,0.59,1,Lost
DEAL-1080,Vector Mobility,Manufacturing,Startup,27600.0,4,3,2,4,0,0,1,0,1,0.74,9,0.32,3.6,0.31,0,0.44,1,0.96,1,1,0,0,1,14,Proposal,Negotiation,40,0.92,1,Progressed
DEAL-1081,Pulse Dynamics,Financial Services,SMB,39200.0,8,34,2,6,1,0,1,1,1,0.46,8,0.76,10.0,0.4,-1,0.49,4,0.74,1,1,0,1,0,0,Evaluation,Demo,25,0.56,0,Progressed
DEAL-1082,Pulse Dynamics,Retail,SMB,37300.0,9,41,2,6,0,1,1,1,1,0.5,6,0.29,25.9,0.7,0,0.34,5,0.52,1,1,1,1,1,27,Negotiation,Evaluation,48,0.91,0,Lost
DEAL-1083,Helix Diagnostics,Healthcare,Startup,12100.0,4,32,3,4,2,0,1,0,1,0.93,8,0.16,40.8,0.56,0,0.21,2,0.98,1,1,0,1,1,7,Discovery,Lead,41,0.64,1,Lost
DEAL-1084,Cascade Security,Healthcare,Startup,24700.0,5,22,2,5,0,0,1,0,1,0.54,4,0.39,6.6,0.79,-1,0.71,0,1.0,0,0,0,0,1,6,Discovery,Lead,25,0.89,1,Progressed
DEAL-1085,Acuity Networks,Logistics,Mid-Market,116600.0,14,6,4,4,0,2,1,1,1,0.73,5,0.19,2.3,0.21,0,0.9,0,1.0,0,0,1,0,1,26,Demo,Discovery,15,0.67,1,Lost
DEAL-1086,Trident Tech,Healthcare,SMB,53300.0,14,24,4,9,0,3,1,1,1,0.8,2,0.55,10.3,0.9,-1,0.28,0,1.0,1,1,1,0,1,18,Negotiation,Evaluation,50,0.42,1,Progressed
DEAL-1087,Cobalt Freight,Retail,Startup,22900.0,7,27,1,7,0,2,1,0,1,0.81,2,0.36,31.1,0.44,1,0.32,2,0.09,0,0,1,0,0,0,Discovery,Lead,51,0.54,1,Lost
DEAL-1088,Beacon Robotics,Financial Services,SMB,26300.0,6,35,0,4,1,0,1,1,1,0.57,7,0.77,2.1,0.71,1,0.91,4,0.69,0,0,0,0,1,5,Proposal,Negotiation,52,0.97,1,Progressed
DEAL-1089,Pulse Dynamics,Logistics,Mid-Market,119400.0,4,29,0,1,2,0,1,1,0,0.19,6,0.5,4.2,0.48,1,0.96,2,0.95,1,1,0,1,0,0,Evaluation,Demo,2,0.35,1,Progressed
DEAL-1090,Pulse Dynamics,Manufacturing,SMB,65800.0,7,23,0,3,3,0,1,0,1,0.42,8,0.9,1.0,0.31,0,0.85,3,0.14,0,1,0,1,1,29,Proposal,Negotiation,36,0.3,1,Lost
DEAL-1091,Prime Packaging,Financial Services,SMB,50300.0,14,44,3,3,0,2,1,1,1,0.77,2,0.24,2.6,0.34,1,0.48,0,1.0,1,1,1,0,0,0,Evaluation,Demo,46,0.73,1,Progressed
DEAL-1092,Cascade Security,Financial Services,SMB,53800.0,8,23,3,8,1,0,1,1,0,0.03,7,0.89,28.3,0.22,1,0.31,3,0.52,1,1,0,0,1,8,Proposal,Negotiation,46,0.48,0,Lost
DEAL-1093,Solstice Media,Logistics,Startup,29600.0,12,15,4,6,1,0,1,1,1,0.67,7,0.65,25.3,0.29,1,0.54,4,0.45,0,1,0,1,1,7,Proposal,Negotiation,12,0.27,1,Progressed
DEAL-1094,Beacon Robotics,Healthcare,SMB,34900.0,2,16,2,2,2,2,1,1,1,0.63,2,0.43,6.5,0.8,1,0.33,2,0.59,0,1,1,1,1,27,Proposal,Negotiation,42,0.75,1,Lost
DEAL-1095,Atlas Energy,Retail,SMB,49300.0,9,44,1,3,3,0,1,0,1,0.43,6,0.91,9.4,0.52,-1,0.84,4,0.41,1,1,0,0,1,15,Negotiation,Evaluation,20,0.96,0,Lost
DEAL-1096,Vanguard Supply,Healthcare,SMB,33400.0,8,36,3,4,0,1,1,1,1,0.97,9,0.81,45.4,0.18,1,0.54,3,0.74,1,1,1,0,1,6,Proposal,Negotiation,9,0.41,1,Progressed
DEAL-1097,Everline Retail,Education,Mid-Market,81000.0,12,37,2,8,2,0,1,0,0,0.06,1,0.61,25.7,0.56,1,0.62,5,0.29,1,1,0,1,0,0,Demo,Discovery,41,0.49,1,Lost
DEAL-1098,Kestrel Instruments,Retail,Enterprise,348300.0,14,41,1,3,0,0,1,1,1,0.84,7,0.54,11.0,0.59,0,0.69,0,1.0,1,1,0,1,0,0,Demo,Discovery,11,0.53,1,Progressed
DEAL-1099,Atlas Energy,Technology,Enterprise,314800.0,2,29,2,2,1,0,1,0,1,0.53,7,0.81,7.4,0.53,0,0.85,4,0.57,1,0,0,1,0,0,Evaluation,Demo,56,0.5,0,Progressed
DEAL-1100,Vector Mobility,Healthcare,SMB,25000.0,7,12,1,5,1,0,1,1,1,0.55,6,0.68,23.9,0.65,-1,0.51,5,0.43,0,0,0,0,0,0,Demo,Discovery,57,0.48,1,Lost
DEAL-1101,Zenith Textiles,Logistics,SMB,31000.0,14,27,1,8,0,3,0,0,1,0.46,6,0.44,38.0,0.38,0,0.8,1,0.07,1,0,1,1,0,0,Discovery,Lead,16,0.81,0,Lost
DEAL-1102,Acuity Networks,Financial Services,Mid-Market,146000.0,2,6,0,0,2,3,1,1,1,0.58,3,0.35,16.3,0.65,-1,0.63,4,0.78,1,1,1,0,1,4,Proposal,Negotiation,48,0.69,1,Lost
DEAL-1103,Kestrel Instruments,Healthcare,SMB,30600.0,8,40,4,5,0,0,1,1,1,0.94,3,0.46,5.2,0.8,0,0.49,3,0.02,0,1,0,0,1,33,Proposal,Negotiation,58,0.76,1,Progressed
DEAL-1104,Acuity Networks,Logistics,SMB,57000.0,9,39,1,5,0,0,0,0,1,0.97,3,0.58,1.0,0.45,1,0.8,5,0.31,1,0,0,0,1,8,Discovery,Lead,21,0.73,1,Progressed
DEAL-1105,Veritas Analytics,Technology,SMB,62100.0,12,11,0,0,2,1,1,0,1,0.6,9,0.78,24.9,0.7,-1,0.49,2,0.89,0,0,1,1,0,0,Demo,Discovery,46,0.8,1,Lost
DEAL-1106,Helix Diagnostics,Technology,SMB,50500.0,1,31,0,1,0,0,1,1,1,0.79,2,0.33,81.6,0.54,-1,0.87,0,1.0,1,0,0,1,0,0,Demo,Discovery,18,0.26,1,Progressed
DEAL-1107,OmniCommerce,Logistics,Mid-Market,82500.0,4,26,2,4,2,0,0,0,1,0.92,3,0.33,79.5,0.55,-1,0.94,3,0.77,0,0,0,1,0,0,Discovery,Lead,38,0.3,1,Lost
DEAL-1108,Novus Capital,Financial Services,Startup,17900.0,8,12,4,7,0,2,1,1,1,0.77,1,0.91,11.7,0.15,1,0.49,2,0.21,0,0,1,1,1,6,Demo,Discovery,2,0.8,0,Progressed
DEAL-1109,Pulse Dynamics,Education,SMB,60000.0,6,29,0,4,2,0,0,0,1,0.44,1,0.5,45.7,0.89,-1,0.43,3,0.32,0,0,0,1,0,0,Discovery,Lead,34,0.88,0,Lost
DEAL-1110,NexGen Health,Retail,SMB,45300.0,9,22,1,8,1,2,1,1,0,0.21,1,0.32,19.5,0.81,-1,0.27,2,0.51,1,1,1,1,0,0,Evaluation,Demo,31,0.43,1,Lost
DEAL-1111,Everline Retail,Retail,Startup,29400.0,2,0,0,0,3,0,1,1,1,0.77,2,0.62,66.0,0.35,-1,0.22,5,0.81,1,1,0,1,0,0,Demo,Discovery,14,0.3,1,Lost
DEAL-1112,Acuity Networks,Education,Mid-Market,109600.0,7,43,3,5,3,0,1,1,0,0.13,3,0.18,2.5,0.63,-1,0.7,4,0.06,0,1,0,1,0,0,Evaluation,Demo,15,0.62,1,Lost
DEAL-1113,Kestrel Instruments,Technology,Enterprise,299800.0,6,30,4,6,0,0,1,1,1,0.63,3,0.17,22.9,0.61,-1,0.9,0,1.0,1,1,0,1,1,7,Negotiation,Evaluation,24,0.83,0,Progressed
DEAL-1114,Pulse Dynamics,Manufacturing,SMB,64600.0,12,3,1,7,0,2,1,1,0,0.1,6,0.88,32.4,0.17,1,0.47,1,0.84,1,0,1,0,0,0,Evaluation,Demo,55,0.67,0,Lost
DEAL-1115,Prime Packaging,Technology,SMB,55700.0,13,8,2,4,0,0,1,0,1,0.93,2,0.83,28.7,0.81,-1,0.49,3,0.34,1,1,0,0,0,0,Evaluation,Demo,5,0.95,1,Progressed
DEAL-1116,Solstice Media,Healthcare,Mid-Market,116200.0,10,22,1,3,0,0,1,1,0,0.05,1,0.91,8.3,0.88,0,0.86,4,0.18,1,1,0,0,1,7,Negotiation,Evaluation,21,0.82,1,Progressed
DEAL-1117,Apex Cloud Systems,Manufacturing,Mid-Market,83800.0,6,10,0,6,1,0,1,0,0,0.21,6,0.36,39.8,0.23,-1,0.24,3,0.88,1,1,0,0,1,15,Evaluation,Demo,30,0.57,0,Lost
DEAL-1118,BrightPath Logistics,Education,Mid-Market,89500.0,6,16,0,0,1,0,1,1,0,0.02,2,0.42,58.7,0.91,0,0.75,5,0.61,0,1,0,1,0,0,Evaluation,Demo,12,0.57,1,Progressed
DEAL-1119,Beacon Robotics,Manufacturing,Mid-Market,89700.0,2,3,1,2,0,2,1,1,0,0.0,2,0.39,17.2,0.66,1,0.57,1,0.64,1,0,1,0,1,17,Proposal,Negotiation,55,0.32,0,Progressed
DEAL-1120,Beacon Robotics,Retail,Startup,31900.0,6,11,3,3,0,2,1,1,0,0.02,2,0.22,25.2,0.41,1,0.52,1,0.84,1,1,1,1,0,0,Evaluation,Demo,30,0.81,0,Lost
DEAL-1121,Trident Tech,Technology,SMB,67700.0,1,32,0,0,1,1,1,1,0,0.06,1,0.49,29.1,0.91,0,0.36,1,0.32,0,1,1,1,1,34,Negotiation,Evaluation,13,0.86,1,Lost
DEAL-1122,Vector Mobility,Technology,Mid-Market,122300.0,9,26,0,6,1,3,1,1,1,0.96,2,0.89,9.9,0.58,-1,0.81,2,0.26,1,0,1,0,0,0,Demo,Discovery,11,0.89,1,Lost
DEAL-1123,Coastal Foods Ltd,Retail,Enterprise,196200.0,4,3,3,4,2,0,1,1,1,0.58,8,0.84,11.3,0.68,-1,0.3,3,0.27,1,0,0,1,1,34,Evaluation,Demo,3,0.97,1,Progressed
DEAL-1124,Synthetix Labs,Technology,SMB,32900.0,5,45,4,5,2,0,1,1,1,0.42,4,0.85,1.0,0.3,-1,0.39,2,0.2,0,0,0,1,0,0,Demo,Discovery,51,0.59,0,Lost
DEAL-1125,Prime Packaging,Financial Services,SMB,73000.0,8,37,4,8,0,0,1,1,1,0.45,1,0.46,15.0,0.28,1,0.81,1,0.68,1,1,0,1,0,0,Evaluation,Demo,12,0.41,1,Progressed
DEAL-1126,Helix Diagnostics,Healthcare,Mid-Market,60800.0,5,38,2,5,2,2,1,1,1,0.67,4,0.52,21.4,0.67,1,0.51,4,0.56,0,1,1,1,1,17,Evaluation,Demo,29,0.33,1,Lost
DEAL-1127,Helix Diagnostics,Manufacturing,Startup,22000.0,4,3,4,4,1,0,1,0,1,0.57,7,0.47,1.0,0.72,1,0.75,1,0.73,1,1,0,1,0,0,Evaluation,Demo,45,0.67,1,Progressed
DEAL-1128,Vector Mobility,Healthcare,Mid-Market,147600.0,3,18,0,3,2,2,1,1,1,0.84,3,0.91,17.7,0.84,1,0.27,5,0.42,0,0,1,1,0,0,Demo,Discovery,49,0.51,1,Lost
DEAL-1129,Atlas Energy,Financial Services,Enterprise,136400.0,4,32,0,3,0,1,1,1,1,0.49,4,0.42,35.3,0.91,0,0.31,1,0.49,0,1,1,0,1,11,Proposal,Negotiation,21,0.89,1,Progressed
DEAL-1130,NexGen Health,Retail,Mid-Market,138000.0,3,39,3,3,0,1,1,1,0,0.01,4,0.73,2.1,0.88,0,0.79,0,1.0,1,0,1,0,1,20,Negotiation,Evaluation,29,0.64,0,Lost
DEAL-1131,Synthetix Labs,Technology,SMB,39500.0,12,33,4,9,0,1,1,1,1,0.68,4,0.28,1.3,0.85,0,0.21,1,0.73,1,1,1,0,1,17,Negotiation,Evaluation,58,0.42,1,Progressed
DEAL-1132,Veritas Analytics,Technology,SMB,27400.0,2,41,0,0,2,2,1,0,0,0.21,4,0.71,24.3,0.64,0,0.53,4,0.62,1,0,1,1,0,0,Discovery,Lead,28,0.32,0,Lost
DEAL-1133,Everline Retail,Retail,Startup,13400.0,5,33,1,3,3,0,1,0,1,0.93,8,0.41,31.1,0.15,1,0.27,4,0.15,1,1,0,0,1,15,Negotiation,Evaluation,20,0.33,1,Lost
DEAL-1134,Trident Tech,Manufacturing,SMB,30000.0,3,2,2,3,2,1,1,1,1,0.43,3,0.68,9.4,0.28,0,0.9,2,0.09,0,1,1,1,0,0,Evaluation,Demo,29,0.96,1,Progressed
DEAL-1135,Acuity Networks,Logistics,Enterprise,158400.0,3,44,0,1,1,0,1,0,1,0.73,8,0.3,38.1,0.44,0,0.68,5,0.48,1,0,0,1,0,0,Discovery,Lead,28,0.89,1,Lost
DEAL-1136,Cascade Security,Education,Mid-Market,132400.0,4,42,2,4,0,3,1,1,0,0.2,4,0.54,2.0,0.66,1,0.5,4,0.01,1,1,1,1,1,5,Proposal,Negotiation,46,0.87,1,Lost
DEAL-1137,Solstice Media,Healthcare,SMB,38900.0,9,14,4,9,0,0,1,0,1,0.86,8,0.22,1.0,0.53,0,0.29,5,0.1,1,0,0,0,1,20,Negotiation,Evaluation,54,0.62,1,Progressed
DEAL-1138,Beacon Robotics,Healthcare,Mid-Market,105600.0,6,23,0,6,0,2,1,1,1,0.76,8,0.72,4.6,0.43,0,0.29,1,0.34,0,0,1,0,1,32,Demo,Discovery,56,0.81,0,Lost
DEAL-1139,OmniCommerce,Logistics,Mid-Market,70700.0,10,12,1,2,3,1,1,1,1,0.82,2,0.76,4.1,0.19,1,0.85,3,0.66,1,1,1,1,1,28,Negotiation,Evaluation,15,0.69,1,Progressed
DEAL-1140,Prime Packaging,Financial Services,Mid-Market,151000.0,12,37,1,3,1,0,1,0,1,0.59,7,0.48,30.1,0.62,1,0.79,2,0.45,0,1,0,1,0,0,Discovery,Lead,26,0.45,1,Lost
DEAL-1141,Vector Mobility,Manufacturing,Mid-Market,153600.0,11,13,1,4,3,3,1,1,0,0.2,3,0.55,25.9,0.68,0,0.75,4,0.58,1,1,1,1,1,19,Proposal,Negotiation,47,0.81,1,Lost
DEAL-1142,Acuity Networks,Education,Startup,10900.0,7,9,0,0,0,3,1,1,0,0.08,1,0.7,22.7,0.38,1,0.23,0,1.0,0,0,1,1,0,0,Demo,Discovery,19,0.85,1,Lost
DEAL-1143,Coastal Foods Ltd,Retail,SMB,72800.0,11,20,4,4,1,2,0,0,1,0.85,8,0.81,13.1,0.85,1,0.75,4,0.78,0,1,1,1,1,8,Discovery,Lead,49,0.52,1,Lost
DEAL-1144,Acuity Networks,Manufacturing,SMB,31500.0,10,16,0,5,1,0,1,1,1,0.75,5,0.54,34.0,0.59,0,0.26,4,0.96,1,0,0,1,1,23,Negotiation,Evaluation,47,0.77,0,Lost
DEAL-1145,Summit BioPharma,Logistics,SMB,43000.0,4,39,4,4,0,0,1,1,1,0.47,6,0.51,1.0,0.85,1,0.92,0,1.0,1,0,0,1,1,2,Proposal,Negotiation,54,0.43,1,Progressed
DEAL-1146,Synthetix Labs,Education,SMB,65100.0,8,31,0,4,3,0,1,1,1,0.5,9,0.58,2.5,0.63,-1,0.72,5,0.84,1,1,0,1,0,0,Demo,Discovery,22,0.82,1,Progressed
DEAL-1147,BrightPath Logistics,Logistics,Mid-Market,62400.0,12,21,0,1,0,3,0,0,0,0.02,4,0.88,16.2,0.46,0,0.69,0,1.0,0,1,1,0,1,3,Discovery,Lead,5,0.57,1,Lost
DEAL-1148,BrightPath Logistics,Manufacturing,Enterprise,144400.0,13,43,2,3,2,0,1,1,0,0.25,1,0.53,13.7,0.56,-1,0.78,4,0.96,1,1,0,1,1,24,Evaluation,Demo,50,0.84,1,Lost
DEAL-1149,Zenith Textiles,Financial Services,Enterprise,152500.0,1,0,1,1,0,3,1,1,1,0.6,7,0.87,12.2,0.81,-1,0.33,2,0.11,1,1,1,1,1,30,Evaluation,Demo,15,0.41,1,Progressed
DEAL-1150,BrightPath Logistics,Manufacturing,Mid-Market,85100.0,4,37,3,4,1,0,1,1,0,0.09,2,0.87,1.1,0.39,0,0.46,5,0.57,0,0,0,1,0,0,Evaluation,Demo,10,0.74,1,Progressed
DEAL-1151,Apex Cloud Systems,Logistics,Mid-Market,147800.0,8,28,2,6,0,3,1,0,1,0.45,5,0.84,11.3,0.26,1,0.35,5,0.73,1,1,1,0,1,14,Negotiation,Evaluation,37,0.79,1,Lost
DEAL-1152,Beacon Robotics,Manufacturing,SMB,74900.0,8,41,1,6,0,0,1,1,1,0.9,3,0.52,46.6,0.54,0,0.48,1,0.76,0,1,0,1,1,10,Negotiation,Evaluation,16,0.26,1,Progressed
DEAL-1153,Prime Packaging,Manufacturing,Startup,28600.0,4,4,2,4,0,2,1,1,1,0.86,7,0.53,25.8,0.5,-1,0.23,0,1.0,0,1,1,0,0,0,Demo,Discovery,4,0.73,1,Progressed
DEAL-1154,Synthetix Labs,Technology,SMB,43800.0,4,33,3,4,0,1,1,1,1,0.4,3,0.5,21.2,0.33,1,0.7,1,0.36,1,1,1,0,0,0,Evaluation,Demo,33,0.41,1,Progressed
DEAL-1155,Prime Packaging,Healthcare,SMB,57400.0,7,1,1,1,0,2,1,1,1,0.92,3,0.19,67.6,0.35,-1,0.6,4,0.88,1,0,1,0,0,0,Demo,Discovery,38,0.55,1,Lost
DEAL-1156,Pulse Dynamics,Education,SMB,32100.0,10,11,4,8,3,1,1,1,1,0.75,2,0.33,24.7,0.45,-1,0.21,4,0.83,0,1,1,1,0,0,Demo,Discovery,48,0.64,0,Lost
DEAL-1157,Prime Packaging,Logistics,Startup,24300.0,14,0,3,9,0,0,1,0,1,0.53,8,0.78,14.7,0.44,1,0.83,5,0.43,1,1,0,0,0,0,Evaluation,Demo,57,0.92,1,Progressed
DEAL-1158,Vanguard Supply,Healthcare,Startup,28100.0,1,36,0,0,2,2,1,0,1,0.64,2,0.27,11.7,0.65,0,0.4,4,0.61,1,1,1,1,1,31,Negotiation,Evaluation,43,0.65,0,Lost
DEAL-1159,Beacon Robotics,Financial Services,SMB,74400.0,10,22,3,5,0,1,0,0,1,0.95,2,0.32,78.0,0.46,0,0.82,5,0.16,1,1,1,0,0,0,Discovery,Lead,49,0.7,0,Lost
DEAL-1160,Vanguard Supply,Healthcare,SMB,55500.0,12,24,3,7,1,2,1,1,1,0.77,8,0.16,9.2,0.8,1,0.42,4,0.62,0,1,1,1,1,23,Proposal,Negotiation,5,0.27,1,Lost
DEAL-1161,BlueShift AI,Financial Services,Startup,8400.0,12,4,0,4,0,0,1,1,1,0.53,4,0.51,44.7,0.46,-1,0.4,0,1.0,0,1,0,0,1,35,Proposal,Negotiation,60,0.55,1,Progressed
DEAL-1162,Atlas Energy,Manufacturing,Mid-Market,156600.0,10,30,1,6,1,0,1,1,1,0.42,2,0.36,28.6,0.44,-1,0.73,2,0.96,1,0,0,1,1,22,Negotiation,Evaluation,45,0.42,0,Lost
DEAL-1163,NexGen Health,Retail,SMB,35900.0,10,17,1,4,0,3,1,0,1,0.91,4,0.33,23.8,0.79,1,0.48,0,1.0,1,1,1,1,1,31,Negotiation,Evaluation,49,0.83,1,Lost
DEAL-1164,Solstice Media,Retail,Enterprise,322600.0,10,17,3,5,1,0,1,1,1,0.47,9,0.79,39.0,0.52,1,0.23,5,0.46,1,0,0,1,1,25,Proposal,Negotiation,19,0.51,1,Progressed
DEAL-1165,Solstice Media,Manufacturing,Mid-Market,86000.0,9,16,1,5,0,1,1,1,0,0.13,7,0.71,8.0,0.44,0,0.42,1,0.81,1,1,1,0,1,10,Negotiation,Evaluation,41,0.38,1,Progressed
DEAL-1166,Zenith Textiles,Healthcare,SMB,31700.0,14,40,4,9,2,0,1,1,1,0.43,2,0.7,39.5,0.2,0,0.57,3,0.26,1,1,0,1,1,27,Negotiation,Evaluation,21,0.72,0,Lost
DEAL-1167,Vector Mobility,Logistics,Enterprise,165800.0,10,41,4,6,1,2,1,1,1,0.85,8,0.86,111.8,0.44,0,0.56,1,0.42,1,0,1,0,0,0,Evaluation,Demo,24,0.96,0,Lost
DEAL-1168,Helix Diagnostics,Retail,SMB,47200.0,14,23,4,11,0,0,1,0,1,0.78,2,0.32,36.0,0.46,-1,0.25,4,0.03,1,0,0,0,1,25,Negotiation,Evaluation,12,0.9,0,Lost
DEAL-1169,Pulse Dynamics,Logistics,SMB,56300.0,3,33,1,1,1,0,0,0,1,0.9,8,0.93,10.0,0.57,0,0.63,5,0.59,1,1,0,1,0,0,Discovery,Lead,44,0.35,1,Progressed
DEAL-1170,Frontier FinCorp,Retail,SMB,65200.0,8,19,2,8,2,0,1,1,1,0.89,6,0.38,33.7,0.56,1,0.92,3,0.01,0,0,0,1,0,0,Evaluation,Demo,11,0.95,1,Progressed
DEAL-1171,NexGen Health,Logistics,Mid-Market,99000.0,7,14,2,3,0,3,1,0,1,0.93,5,0.38,2.6,0.72,0,0.52,1,0.29,1,1,1,0,1,21,Negotiation,Evaluation,42,0.88,0,Lost
DEAL-1172,Coastal Foods Ltd,Financial Services,Startup,34300.0,5,17,1,5,0,1,1,0,0,0.07,7,0.4,42.0,0.77,0,0.56,2,0.84,0,1,1,0,1,17,Negotiation,Evaluation,48,0.84,1,Lost
DEAL-1173,Synthetix Labs,Technology,Startup,28700.0,4,24,3,4,0,0,1,0,1,0.7,4,0.53,9.3,0.67,0,0.93,5,0.74,0,0,0,0,0,0,Discovery,Lead,14,0.37,0,Progressed
DEAL-1174,Skyward Aerospace,Healthcare,Enterprise,174300.0,7,20,0,2,0,0,1,0,1,0.41,1,0.61,1.0,0.68,1,0.67,0,1.0,1,1,0,1,0,0,Evaluation,Demo,39,0.52,0,Progressed
DEAL-1175,Helix Diagnostics,Healthcare,Mid-Market,139100.0,3,31,1,3,3,0,1,1,0,0.27,4,0.17,56.6,0.44,1,0.31,3,0.56,1,1,0,1,1,21,Proposal,Negotiation,52,0.92,1,Lost
DEAL-1176,Vanguard Supply,Education,Mid-Market,151400.0,9,10,0,2,1,0,1,1,1,0.66,9,0.45,71.9,0.29,-1,0.68,4,0.32,1,1,0,1,1,10,Negotiation,Evaluation,20,0.52,1,Progressed
DEAL-1177,Solstice Media,Retail,Mid-Market,71000.0,9,42,0,0,2,0,1,1,0,0.15,2,0.18,72.2,0.64,0,0.71,5,0.05,1,0,0,1,0,0,Demo,Discovery,13,0.64,1,Lost
DEAL-1178,Synthetix Labs,Technology,SMB,56900.0,6,35,3,6,0,3,1,1,1,0.55,1,0.74,14.3,0.79,-1,0.94,0,1.0,1,1,1,0,1,27,Evaluation,Demo,52,0.96,1,Progressed
DEAL-1179,Aegis Software,Logistics,SMB,58700.0,12,42,3,4,1,3,1,0,1,0.6,3,0.58,8.3,0.61,0,0.9,2,0.41,0,0,1,1,0,0,Demo,Discovery,52,0.66,1,Lost
DEAL-1180,Novus Capital,Manufacturing,SMB,47600.0,7,0,0,4,2,0,1,1,1,0.58,5,0.94,33.5,0.32,0,0.22,5,0.92,1,1,0,0,1,10,Proposal,Negotiation,3,0.86,0,Progressed
DEAL-1181,Frontier FinCorp,Financial Services,Startup,14900.0,5,5,4,5,2,2,1,0,0,0.14,8,0.81,37.6,0.68,1,0.84,5,0.04,0,1,1,1,1,28,Proposal,Negotiation,60,0.32,1,Lost
DEAL-1182,Vector Mobility,Technology,Enterprise,172100.0,11,38,0,6,0,0,1,0,0,0.17,6,0.55,19.1,0.32,-1,0.73,3,0.22,0,0,0,0,0,0,Discovery,Lead,21,0.99,0,Lost
DEAL-1183,BlueShift AI,Manufacturing,Startup,21500.0,13,44,1,3,2,1,1,0,1,0.73,9,0.64,14.0,0.72,-1,0.39,3,0.68,1,1,1,1,1,21,Negotiation,Evaluation,37,0.45,0,Lost
DEAL-1184,Helix Diagnostics,Technology,Mid-Market,76900.0,6,39,3,6,1,1,1,0,1,0.52,6,0.27,3.0,0.71,-1,0.29,4,0.87,0,1,1,1,0,0,Demo,Discovery,30,0.29,0,Lost
DEAL-1185,Novus Capital,Financial Services,Startup,22800.0,13,16,4,11,1,1,1,1,1,0.79,7,0.62,3.7,0.66,-1,0.4,1,0.05,1,1,1,1,1,24,Proposal,Negotiation,48,0.29,1,Lost
DEAL-1186,Zenith Textiles,Manufacturing,Enterprise,269400.0,4,24,4,4,2,0,1,1,1,0.51,9,0.92,2.6,0.58,1,0.22,4,0.33,0,1,0,1,0,0,Evaluation,Demo,33,0.43,1,Progressed
DEAL-1187,Helix Diagnostics,Manufacturing,Enterprise,324800.0,14,1,4,8,1,0,1,1,0,0.04,7,0.57,2.1,0.67,1,0.74,4,0.43,1,0,0,1,0,0,Demo,Discovery,11,0.56,1,Progressed
DEAL-1188,Summit BioPharma,Education,Startup,26600.0,9,8,3,5,3,3,1,0,1,0.82,3,0.4,41.4,0.83,1,0.22,3,0.3,1,1,1,0,1,18,Proposal,Negotiation,60,0.49,1,Lost
DEAL-1189,Veritas Analytics,Healthcare,SMB,36500.0,1,22,0,1,0,1,1,1,1,0.78,3,0.83,29.4,0.53,-1,0.33,3,0.93,1,1,1,1,0,0,Demo,Discovery,34,0.42,1,Progressed
DEAL-1190,Cobalt Freight,Education,Mid-Market,128800.0,14,29,1,7,0,0,1,0,1,0.62,6,0.47,70.6,0.87,1,0.66,5,0.52,1,1,0,0,1,26,Negotiation,Evaluation,51,0.64,1,Progressed
DEAL-1191,Coastal Foods Ltd,Financial Services,SMB,63300.0,1,12,1,1,3,0,1,1,1,0.67,7,0.39,102.5,0.86,1,0.6,5,0.09,0,1,0,1,1,26,Negotiation,Evaluation,58,0.36,1,Lost
DEAL-1192,Cobalt Freight,Technology,Startup,23900.0,12,12,3,4,1,0,1,1,1,0.86,2,0.22,2.1,0.69,1,0.48,3,0.38,1,1,0,1,0,0,Evaluation,Demo,22,0.64,0,Progressed
DEAL-1193,Vector Mobility,Healthcare,Startup,27200.0,7,19,2,7,0,0,1,0,1,0.96,1,0.65,36.0,0.34,0,0.59,0,1.0,1,1,0,0,0,0,Evaluation,Demo,42,0.62,1,Progressed
DEAL-1194,Pulse Dynamics,Financial Services,SMB,56400.0,14,13,0,2,2,3,1,1,1,0.79,5,0.41,56.8,0.22,-1,0.53,5,0.61,0,1,1,1,1,24,Demo,Discovery,5,0.38,1,Lost
DEAL-1195,BrightPath Logistics,Education,SMB,43400.0,7,4,3,4,0,3,1,0,1,0.56,9,0.48,2.8,0.31,-1,0.68,5,0.48,1,0,1,1,0,0,Evaluation,Demo,32,0.33,0,Lost
DEAL-1196,Atlas Energy,Retail,SMB,56600.0,8,11,4,7,1,0,1,0,1,0.47,4,0.79,15.2,0.92,0,0.24,5,0.01,1,0,0,1,0,0,Evaluation,Demo,14,0.51,1,Progressed
DEAL-1197,Solstice Media,Retail,Mid-Market,121600.0,1,11,0,1,0,0,1,1,1,0.42,3,0.54,1.4,0.63,1,0.9,3,0.84,1,0,0,0,0,0,Evaluation,Demo,45,0.59,1,Progressed
DEAL-1198,Kestrel Instruments,Manufacturing,Startup,12000.0,14,1,2,8,1,2,1,0,1,0.51,2,0.84,21.0,0.73,1,0.87,2,0.09,1,1,1,0,1,8,Proposal,Negotiation,55,0.78,1,Progressed
DEAL-1199,Coastal Foods Ltd,Education,Startup,10500.0,9,1,3,5,0,3,1,1,1,0.7,6,0.26,78.6,0.82,1,0.73,5,0.46,0,0,1,0,1,6,Demo,Discovery,23,0.35,0,Lost
DEAL-1200,Coastal Foods Ltd,Technology,SMB,57900.0,5,1,4,5,0,0,1,0,1,0.85,2,0.37,48.7,0.27,-1,0.21,4,0.21,0,0,0,1,0,0,Demo,Discovery,22,0.71,0,Lost
DEAL-1201,BrightPath Logistics,Manufacturing,Mid-Market,93900.0,8,3,1,1,2,3,1,1,0,0.02,7,0.46,6.1,0.69,1,0.69,3,0.31,1,1,1,1,1,30,Negotiation,Evaluation,59,0.76,1,Lost
DEAL-1202,BrightPath Logistics,Education,Mid-Market,129900.0,2,29,1,2,1,0,1,0,0,0.26,5,0.88,119.0,0.45,1,0.92,2,0.49,0,1,0,0,1,9,Negotiation,Evaluation,32,0.49,1,Lost
DEAL-1203,BlueShift AI,Education,Mid-Market,70700.0,9,41,0,4,3,0,1,1,0,0.19,9,0.28,1.8,0.52,-1,0.47,4,0.78,1,1,0,1,1,5,Proposal,Negotiation,31,0.85,1,Lost
DEAL-1204,OmniCommerce,Financial Services,Mid-Market,71400.0,10,29,2,3,0,2,1,1,0,0.18,7,0.41,17.8,0.65,-1,0.27,4,0.76,1,1,1,0,1,21,Negotiation,Evaluation,13,0.85,0,Lost
DEAL-1205,Kestrel Instruments,Logistics,SMB,72200.0,7,45,2,3,0,1,1,1,1,0.89,5,0.2,23.8,0.84,-1,0.2,2,0.86,1,1,1,0,1,25,Proposal,Negotiation,2,0.66,1,Progressed
DEAL-1206,Acuity Networks,Financial Services,Startup,12700.0,3,12,3,3,0,2,1,1,1,0.47,1,0.21,23.7,0.16,1,0.89,1,0.14,1,1,1,1,1,12,Negotiation,Evaluation,11,0.74,1,Progressed
DEAL-1207,Acuity Networks,Financial Services,Mid-Market,98500.0,4,11,3,4,2,0,1,0,1,0.81,5,0.48,21.1,0.57,0,0.23,3,0.11,1,0,0,1,1,18,Discovery,Lead,38,0.28,1,Lost
DEAL-1208,BrightPath Logistics,Financial Services,Enterprise,140300.0,8,40,0,4,1,3,1,1,1,0.41,8,0.56,23.2,0.51,1,0.46,2,0.17,1,1,1,1,1,4,Proposal,Negotiation,5,0.51,1,Lost
DEAL-1209,Atlas Energy,Healthcare,SMB,57800.0,5,39,0,2,1,0,1,0,1,0.55,5,0.37,7.8,0.35,1,0.29,4,0.66,1,0,0,1,1,3,Negotiation,Evaluation,7,0.38,0,Lost
DEAL-1210,BrightPath Logistics,Healthcare,SMB,66100.0,14,31,3,9,2,3,1,1,1,0.52,6,0.19,10.5,0.35,-1,0.24,3,0.48,0,1,1,1,0,0,Demo,Discovery,44,0.59,1,Lost
DEAL-1211,Acuity Networks,Technology,SMB,64900.0,7,43,2,2,1,1,1,0,1,0.89,5,0.42,21.0,0.36,-1,0.4,3,0.73,0,1,1,1,0,0,Discovery,Lead,60,0.68,0,Lost
DEAL-1212,Zenith Textiles,Education,Startup,19100.0,9,6,3,8,1,3,1,1,0,0.03,4,0.91,40.3,0.64,1,0.95,4,0.38,0,1,1,1,0,0,Demo,Discovery,48,0.31,0,Lost
DEAL-1213,Cobalt Freight,Logistics,Enterprise,266900.0,5,27,2,4,1,0,1,0,1,0.62,6,0.95,27.7,0.35,0,0.34,1,0.18,0,1,0,0,1,17,Demo,Discovery,51,0.3,0,Lost
DEAL-1214,BrightPath Logistics,Technology,SMB,37500.0,8,1,3,5,0,0,1,0,1,0.92,1,0.56,13.0,0.87,0,0.57,5,0.54,1,1,0,0,0,0,Discovery,Lead,4,0.55,1,Progressed
DEAL-1215,Frontier FinCorp,Manufacturing,Mid-Market,100100.0,11,41,0,5,2,0,1,1,0,0.14,5,0.67,64.8,0.29,-1,0.95,2,0.39,1,1,0,1,1,29,Proposal,Negotiation,56,0.74,1,Lost
DEAL-1216,Apex Cloud Systems,Technology,Startup,27400.0,10,15,3,9,0,0,1,0,1,0.88,8,0.92,39.9,0.16,0,0.24,0,1.0,1,1,0,0,0,0,Discovery,Lead,52,0.83,1,Progressed
DEAL-1217,Apex Cloud Systems,Logistics,SMB,71200.0,1,9,1,1,0,0,1,1,1,0.48,3,0.66,104.7,0.85,-1,0.56,4,0.82,1,1,0,0,1,13,Negotiation,Evaluation,60,0.38,1,Progressed
DEAL-1218,Kestrel Instruments,Education,Enterprise,276000.0,6,7,4,6,2,0,1,1,1,0.84,3,0.42,11.5,0.24,-1,0.79,2,0.17,0,0,0,1,0,0,Demo,Discovery,22,0.37,1,Lost
DEAL-1219,NexGen Health,Technology,Enterprise,138600.0,1,11,0,1,0,3,1,1,1,0.8,4,0.26,84.1,0.36,0,0.52,4,0.6,1,1,1,1,1,23,Negotiation,Evaluation,46,0.94,1,Lost
DEAL-1220,Beacon Robotics,Healthcare,Startup,34600.0,2,39,1,2,1,1,1,1,1,0.52,1,0.3,15.2,0.76,1,0.86,3,0.16,1,0,1,1,1,30,Proposal,Negotiation,16,0.92,0,Lost
DEAL-1221,Novus Capital,Technology,Enterprise,160500.0,13,1,3,4,0,0,0,0,0,0.17,7,0.31,12.9,0.67,0,0.38,1,0.24,0,1,0,0,0,0,Discovery,Lead,59,0.33,0,Lost
DEAL-1222,Acuity Networks,Healthcare,Startup,24500.0,3,24,2,3,3,1,1,0,1,0.56,6,0.25,48.0,0.68,-1,0.42,3,0.42,1,1,1,1,1,11,Negotiation,Evaluation,48,0.33,1,Lost
DEAL-1223,Beacon Robotics,Education,Startup,19100.0,9,31,1,8,0,1,1,0,1,0.91,4,0.41,40.2,0.6,1,0.94,0,1.0,1,1,1,0,1,28,Negotiation,Evaluation,19,0.93,1,Progressed
DEAL-1224,Prime Packaging,Education,Mid-Market,142100.0,8,31,1,2,1,1,1,0,1,0.95,3,0.44,69.5,0.33,-1,0.21,1,0.86,1,1,1,1,1,12,Proposal,Negotiation,50,0.75,1,Lost
DEAL-1225,Frontier FinCorp,Logistics,SMB,56700.0,14,40,0,6,0,2,1,0,1,0.56,9,0.61,45.5,0.31,1,0.26,5,0.51,1,0,1,0,0,0,Evaluation,Demo,35,0.9,0,Lost
DEAL-1226,Beacon Robotics,Logistics,Startup,27200.0,4,8,2,3,3,0,1,1,1,0.84,4,0.75,3.3,0.74,0,0.48,5,0.28,0,1,0,1,1,35,Proposal,Negotiation,9,0.45,1,Lost
DEAL-1227,Cobalt Freight,Financial Services,SMB,58700.0,12,4,1,8,0,3,0,0,1,0.44,3,0.37,73.9,0.69,0,0.32,5,0.29,1,0,1,0,1,2,Discovery,Lead,7,0.4,0,Lost
DEAL-1228,BrightPath Logistics,Technology,Enterprise,173400.0,9,41,2,8,0,0,1,1,1,0.68,9,0.82,26.7,0.49,0,0.64,2,0.79,1,1,0,0,1,19,Proposal,Negotiation,23,0.91,1,Progressed
DEAL-1229,NexGen Health,Financial Services,Enterprise,283700.0,5,11,1,5,1,0,1,0,0,0.09,3,0.5,23.1,0.43,-1,0.64,2,0.15,1,0,0,0,1,10,Demo,Discovery,12,0.28,1,Lost
DEAL-1230,Solstice Media,Healthcare,Startup,27900.0,9,21,2,9,0,0,1,1,1,0.49,8,0.42,26.7,0.24,0,0.9,4,0.31,1,1,0,0,0,0,Evaluation,Demo,50,0.35,1,Progressed
DEAL-1231,Atlas Energy,Financial Services,Startup,33300.0,5,12,0,0,2,2,1,1,1,0.45,9,0.47,17.6,0.53,1,0.67,5,0.4,1,0,1,1,1,29,Proposal,Negotiation,56,0.95,1,Lost
DEAL-1232,BrightPath Logistics,Healthcare,Mid-Market,104400.0,7,28,2,4,3,0,1,1,0,0.18,2,0.26,45.9,0.38,1,0.97,4,0.09,1,1,0,1,1,9,Negotiation,Evaluation,48,0.3,0,Lost
DEAL-1233,Synthetix Labs,Retail,SMB,49500.0,14,19,4,8,1,3,1,1,1,0.49,5,0.91,19.3,0.79,0,0.3,2,0.18,0,1,1,1,1,31,Negotiation,Evaluation,37,0.74,1,Lost
DEAL-1234,Vector Mobility,Manufacturing,Mid-Market,107600.0,12,7,2,2,0,0,1,1,0,0.14,3,0.44,12.4,0.19,0,0.53,2,0.29,1,1,0,1,0,0,Evaluation,Demo,12,0.92,0,Progressed
DEAL-1235,Aegis Software,Healthcare,SMB,68600.0,14,43,2,6,0,0,1,1,1,0.48,3,0.56,3.5,0.44,0,0.52,1,0.22,1,1,0,0,0,0,Evaluation,Demo,8,0.93,1,Progressed
DEAL-1236,Vector Mobility,Financial Services,Mid-Market,130200.0,13,7,3,10,0,0,1,0,1,0.68,5,0.7,5.7,0.26,0,0.89,2,0.71,1,0,0,1,0,0,Discovery,Lead,9,0.69,0,Progressed
DEAL-1237,Apex Cloud Systems,Healthcare,Startup,10100.0,12,7,0,0,0,1,1,1,0,0.2,1,0.53,3.5,0.85,-1,0.25,0,1.0,1,1,1,0,1,10,Negotiation,Evaluation,50,0.74,1,Lost
DEAL-1238,Vanguard Supply,Financial Services,SMB,33000.0,9,39,1,2,1,2,1,0,0,0.06,5,0.29,13.8,0.73,-1,0.96,1,0.37,1,0,1,1,1,28,Discovery,Lead,54,0.32,0,Lost
DEAL-1239,Pulse Dynamics,Retail,Startup,34600.0,2,29,0,2,2,0,1,1,1,0.72,1,0.22,56.3,0.53,0,0.42,2,0.98,0,0,0,1,0,0,Demo,Discovery,33,0.69,0,Lost
DEAL-1240,Synthetix Labs,Education,SMB,59000.0,3,0,3,3,0,0,1,1,1,0.47,7,0.47,36.7,0.6,-1,0.78,1,0.36,1,1,0,0,1,28,Negotiation,Evaluation,30,0.91,1,Progressed
DEAL-1241,Vanguard Supply,Education,Mid-Market,118200.0,5,41,3,5,1,1,1,1,0,0.15,5,0.27,12.1,0.5,-1,0.4,5,0.03,1,0,1,1,1,21,Negotiation,Evaluation,44,0.62,0,Lost
DEAL-1242,Veritas Analytics,Financial Services,Startup,10100.0,13,33,3,10,0,0,1,1,1,0.55,6,0.8,71.7,0.57,-1,0.94,3,0.38,0,0,0,0,0,0,Demo,Discovery,20,0.27,1,Progressed
DEAL-1243,Trident Tech,Logistics,Startup,19600.0,5,45,3,5,3,0,1,0,1,0.8,8,0.53,3.8,0.81,1,0.24,4,0.62,1,0,0,0,1,23,Discovery,Lead,38,0.44,1,Lost
DEAL-1244,Atlas Energy,Technology,Mid-Market,122500.0,7,6,3,7,0,0,1,1,1,0.54,5,0.62,7.2,0.85,-1,0.88,1,0.54,1,1,0,0,0,0,Evaluation,Demo,28,0.33,0,Progressed
DEAL-1245,Prime Packaging,Financial Services,Startup,16500.0,10,24,2,3,0,0,1,1,1,0.87,6,0.28,14.8,0.38,0,0.36,0,1.0,1,1,0,0,1,6,Negotiation,Evaluation,8,0.72,1,Progressed
DEAL-1246,Atlas Energy,Technology,SMB,38700.0,10,33,3,9,3,0,1,1,1,0.58,5,0.5,9.6,0.57,-1,0.52,4,0.67,1,1,0,1,0,0,Demo,Discovery,24,0.44,1,Lost
DEAL-1247,Skyward Aerospace,Education,Mid-Market,106700.0,11,34,4,10,0,2,1,1,1,0.61,3,0.34,24.1,0.72,0,0.86,0,1.0,1,1,1,0,1,16,Proposal,Negotiation,48,0.55,1,Progressed
DEAL-1248,Everline Retail,Healthcare,Startup,14600.0,14,19,3,10,0,1,1,1,1,0.52,5,0.26,3.3,0.35,0,0.71,0,1.0,1,1,1,1,1,27,Proposal,Negotiation,29,0.38,1,Progressed
DEAL-1249,Skyward Aerospace,Logistics,Enterprise,211300.0,14,8,1,2,1,3,1,1,0,0.2,9,0.35,3.3,0.83,-1,0.67,2,0.83,1,1,1,0,1,14,Proposal,Negotiation,49,0.82,1,Lost
DEAL-1250,Cobalt Freight,Retail,SMB,54500.0,8,34,2,3,0,1,1,1,1,0.96,3,0.44,10.2,0.7,0,0.22,4,0.84,1,1,1,0,0,0,Evaluation,Demo,36,0.97,0,Progressed
DEAL-1251,OmniCommerce,Manufacturing,Enterprise,277600.0,9,15,3,9,1,3,1,0,1,0.93,5,0.22,54.5,0.78,-1,0.43,1,0.63,0,0,1,1,1,32,Discovery,Lead,60,0.89,1,Lost
DEAL-1252,Acuity Networks,Education,SMB,46100.0,14,6,1,5,1,0,1,1,1,0.87,6,0.51,4.5,0.17,-1,0.7,3,0.0,0,0,0,1,1,9,Proposal,Negotiation,6,0.39,1,Progressed
DEAL-1253,Skyward Aerospace,Retail,Mid-Market,91900.0,8,8,2,4,1,1,1,1,0,0.03,6,0.3,5.1,0.82,1,0.38,4,0.91,1,1,1,1,1,10,Proposal,Negotiation,54,0.95,0,Lost
DEAL-1254,Frontier FinCorp,Healthcare,Enterprise,147000.0,12,33,3,10,1,0,1,0,0,0.28,5,0.38,2.2,0.53,-1,0.54,1,0.73,1,1,0,0,1,16,Negotiation,Evaluation,9,0.4,1,Lost
DEAL-1255,Skyward Aerospace,Logistics,SMB,25500.0,3,20,3,3,0,0,1,1,1,0.44,9,0.2,3.1,0.41,-1,0.57,4,0.01,1,1,0,1,1,9,Negotiation,Evaluation,47,0.51,1,Progressed
DEAL-1256,Beacon Robotics,Technology,SMB,38000.0,9,31,2,9,2,0,1,1,1,0.48,2,0.4,10.9,0.9,0,0.88,5,0.93,1,1,0,1,0,0,Demo,Discovery,7,0.87,0,Progressed
DEAL-1257,NexGen Health,Manufacturing,Mid-Market,109100.0,3,35,3,3,3,0,1,0,0,0.14,3,0.71,16.8,0.49,0,0.23,5,0.46,1,0,0,1,0,0,Demo,Discovery,11,0.51,0,Lost
DEAL-1258,Synthetix Labs,Healthcare,Mid-Market,142300.0,10,42,4,7,0,1,1,1,1,0.64,2,0.35,38.6,0.53,-1,0.89,5,0.39,1,0,1,1,1,31,Proposal,Negotiation,2,0.27,1,Lost
DEAL-1259,Vanguard Supply,Financial Services,Mid-Market,92900.0,1,41,1,1,2,2,1,0,0,0.19,6,0.79,23.7,0.72,1,0.94,3,0.18,1,1,1,1,1,10,Proposal,Negotiation,10,0.53,0,Lost
DEAL-1260,Prime Packaging,Education,SMB,65300.0,5,43,4,5,2,0,1,0,1,0.52,8,0.86,33.1,0.52,1,0.67,3,0.61,1,0,0,1,0,0,Evaluation,Demo,44,0.32,1,Lost
DEAL-1261,Apex Cloud Systems,Retail,SMB,57400.0,2,18,1,2,0,0,1,0,1,0.8,5,0.82,4.9,0.55,0,0.64,0,1.0,0,0,0,1,1,23,Discovery,Lead,60,0.66,0,Lost
DEAL-1262,BrightPath Logistics,Education,SMB,30700.0,11,29,1,3,0,3,1,0,1,0.57,8,0.76,15.9,0.5,0,0.47,1,0.19,1,1,1,0,1,26,Negotiation,Evaluation,4,0.93,0,Lost
DEAL-1263,NexGen Health,Logistics,SMB,59600.0,14,42,4,11,0,1,1,1,1,0.8,7,0.79,23.1,0.22,-1,0.21,0,1.0,1,0,1,1,1,35,Evaluation,Demo,41,0.33,0,Lost
DEAL-1264,Trident Tech,Education,SMB,48700.0,1,7,0,0,3,3,1,1,1,0.74,4,0.39,33.0,0.79,0,0.24,5,0.98,1,1,1,1,1,3,Negotiation,Evaluation,33,0.26,1,Lost
DEAL-1265,Prime Packaging,Financial Services,SMB,55600.0,11,31,1,1,3,0,1,1,0,0.27,7,0.86,1.0,0.24,1,0.93,5,0.02,0,0,0,1,1,22,Proposal,Negotiation,3,0.51,1,Lost
DEAL-1266,Vector Mobility,Education,Mid-Market,106800.0,5,45,3,5,1,0,1,1,1,0.49,4,0.38,54.1,0.73,1,0.58,1,0.1,1,0,0,0,1,23,Evaluation,Demo,52,0.38,1,Lost
DEAL-1267,NexGen Health,Education,Enterprise,235800.0,13,4,2,8,0,2,0,0,1,0.68,6,0.78,17.2,0.74,1,0.41,5,0.71,1,1,1,1,1,7,Discovery,Lead,41,0.36,1,Lost
DEAL-1268,Coastal Foods Ltd,Financial Services,Startup,25000.0,14,13,2,4,0,2,1,1,1,0.82,2,0.27,14.2,0.43,-1,0.3,3,0.25,0,1,1,0,0,0,Evaluation,Demo,47,0.4,0,Lost
DEAL-1269,Aegis Software,Education,SMB,64400.0,3,27,3,3,1,0,1,1,1,0.95,8,0.27,18.3,0.16,1,0.94,2,0.98,1,1,0,1,1,4,Negotiation,Evaluation,56,0.31,1,Progressed
DEAL-1270,OmniCommerce,Education,Mid-Market,112000.0,5,26,3,5,1,3,1,1,1,0.93,1,0.81,11.4,0.84,1,0.92,3,0.89,1,1,1,1,1,26,Proposal,Negotiation,57,0.77,1,Lost
DEAL-1271,Trident Tech,Technology,Startup,17000.0,12,8,4,8,2,0,1,1,0,0.19,1,0.17,1.0,0.76,1,0.4,2,0.42,1,1,0,0,0,0,Demo,Discovery,7,0.87,1,Progressed
DEAL-1272,Everline Retail,Retail,SMB,61800.0,8,21,1,4,1,0,1,1,1,0.81,3,0.72,9.5,0.55,-1,0.28,1,0.45,1,1,0,0,0,0,Evaluation,Demo,21,0.63,0,Progressed
DEAL-1273,BrightPath Logistics,Manufacturing,Mid-Market,100300.0,9,33,3,7,3,3,1,1,1,0.8,8,0.74,3.1,0.47,-1,0.31,5,0.13,0,1,1,1,1,24,Proposal,Negotiation,33,0.34,1,Lost
DEAL-1274,Everline Retail,Financial Services,Enterprise,145400.0,6,36,2,2,1,2,1,0,0,0.11,5,0.54,27.3,0.76,-1,0.81,2,0.22,0,0,1,1,1,20,Proposal,Negotiation,11,0.56,1,Lost
DEAL-1275,Solstice Media,Education,SMB,66700.0,14,38,1,3,2,2,1,1,1,0.66,6,0.22,37.4,0.63,1,0.52,3,0.54,1,1,1,1,1,2,Proposal,Negotiation,42,0.42,1,Lost
DEAL-1276,Kestrel Instruments,Education,Mid-Market,116100.0,2,41,2,2,0,0,1,1,1,0.96,9,0.3,18.5,0.52,-1,0.29,1,0.27,1,1,0,0,0,0,Demo,Discovery,41,0.94,1,Progressed
DEAL-1277,Solstice Media,Retail,SMB,49600.0,1,21,1,1,1,0,1,1,0,0.03,2,0.58,21.2,0.37,-1,0.4,2,0.68,1,1,0,0,1,10,Negotiation,Evaluation,3,0.32,1,Progressed
DEAL-1278,Solstice Media,Manufacturing,SMB,66400.0,2,3,0,0,1,0,1,0,1,0.69,2,0.37,3.3,0.4,1,0.52,3,0.91,1,1,0,1,1,9,Proposal,Negotiation,39,0.61,0,Progressed
DEAL-1279,Acuity Networks,Retail,Startup,25200.0,4,9,2,4,1,2,1,0,1,0.96,9,0.51,8.0,0.15,0,0.95,5,0.0,0,0,1,1,1,14,Demo,Discovery,52,0.71,1,Lost
DEAL-1280,Cascade Security,Manufacturing,Startup,28000.0,10,4,2,3,2,2,1,0,1,0.56,7,0.32,20.3,0.54,0,0.89,5,0.98,1,0,1,1,1,2,Negotiation,Evaluation,46,0.95,1,Lost
DEAL-1281,Apex Cloud Systems,Logistics,Enterprise,260000.0,1,0,0,1,3,0,1,1,1,0.63,2,0.78,10.6,0.65,-1,0.62,5,0.67,1,1,0,1,1,12,Proposal,Negotiation,59,0.91,1,Progressed
DEAL-1282,Kestrel Instruments,Logistics,Enterprise,148700.0,6,12,3,3,1,0,1,0,0,0.28,6,0.3,6.5,0.78,1,0.44,1,0.97,0,1,0,1,0,0,Demo,Discovery,49,0.78,1,Lost
DEAL-1283,Helix Diagnostics,Retail,Startup,15500.0,9,31,1,4,2,3,1,1,1,0.44,3,0.75,2.6,0.25,1,0.87,5,0.19,1,1,1,1,1,30,Proposal,Negotiation,45,0.9,0,Lost
DEAL-1284,Acuity Networks,Logistics,Mid-Market,125000.0,14,20,3,9,0,0,1,1,1,0.61,1,0.86,4.2,0.32,0,0.92,2,0.39,1,1,0,1,0,0,Evaluation,Demo,9,0.64,1,Progressed
DEAL-1285,BrightPath Logistics,Healthcare,Startup,16900.0,2,40,2,2,1,3,1,0,1,0.94,5,0.35,5.0,0.51,0,0.85,4,0.94,0,0,1,1,0,0,Discovery,Lead,32,0.86,1,Lost
DEAL-1286,Coastal Foods Ltd,Retail,SMB,67400.0,2,8,0,1,1,3,1,0,1,0.46,1,0.6,54.5,0.38,0,0.51,3,0.86,0,0,1,1,1,7,Discovery,Lead,21,0.71,0,Lost
DEAL-1287,Skyward Aerospace,Education,Startup,22000.0,10,12,0,1,0,0,1,0,1,0.89,3,0.66,2.0,0.35,0,0.58,1,0.14,0,1,0,0,0,0,Discovery,Lead,40,0.71,1,Lost
DEAL-1288,Atlas Energy,Financial Services,Mid-Market,74700.0,5,38,2,4,0,0,1,1,1,0.48,4,0.56,96.9,0.79,-1,0.53,1,0.79,1,1,0,1,0,0,Evaluation,Demo,2,0.39,0,Progressed
DEAL-1289,Atlas Energy,Financial Services,Enterprise,261700.0,7,21,1,2,2,0,1,1,0,0.07,1,0.66,2.9,0.68,0,0.69,5,0.81,1,1,0,0,1,23,Negotiation,Evaluation,58,0.43,0,Lost
DEAL-1290,Everline Retail,Healthcare,SMB,34700.0,10,23,0,0,0,0,1,1,0,0.05,9,0.35,48.1,0.3,-1,0.86,0,1.0,1,0,0,1,0,0,Demo,Discovery,14,0.92,0,Lost
DEAL-1291,Kestrel Instruments,Manufacturing,Mid-Market,154100.0,13,39,3,4,0,2,1,0,0,0.06,9,0.45,40.8,0.44,1,0.54,0,1.0,1,0,1,0,1,9,Discovery,Lead,11,0.72,1,Lost
DEAL-1292,Atlas Energy,Retail,Startup,10200.0,8,42,4,5,3,3,1,1,1,0.84,6,0.55,26.5,0.51,0,0.76,3,0.47,1,1,1,0,0,0,Demo,Discovery,34,0.64,1,Lost
DEAL-1293,BlueShift AI,Healthcare,SMB,69400.0,10,10,2,6,1,0,1,0,0,0.11,1,0.52,63.6,0.63,0,0.55,2,0.32,0,1,0,1,1,6,Proposal,Negotiation,7,0.57,0,Progressed
DEAL-1294,Cascade Security,Financial Services,SMB,28900.0,5,14,0,0,1,0,0,0,0,0.1,5,0.75,7.9,0.74,0,0.35,1,0.01,1,1,0,1,0,0,Discovery,Lead,25,0.7,1,Progressed
DEAL-1295,Helix Diagnostics,Technology,SMB,50600.0,13,9,3,6,1,1,1,1,1,0.7,9,0.76,35.2,0.71,0,0.47,1,0.77,0,1,1,0,1,20,Demo,Discovery,48,0.31,1,Lost
DEAL-1296,Zenith Textiles,Retail,Mid-Market,143400.0,6,14,3,6,2,3,1,1,1,0.59,1,0.6,13.3,0.17,-1,0.32,2,0.63,1,0,1,1,1,5,Negotiation,Evaluation,50,0.95,1,Lost
DEAL-1297,Summit BioPharma,Retail,Startup,23400.0,8,40,2,3,0,0,1,1,1,0.75,1,0.3,17.0,0.2,0,0.42,5,0.45,0,0,0,1,0,0,Demo,Discovery,8,0.42,1,Lost
DEAL-1298,Apex Cloud Systems,Financial Services,SMB,62200.0,7,13,1,4,1,0,1,1,1,0.49,5,0.62,22.6,0.54,1,0.56,1,0.06,1,1,0,1,1,30,Evaluation,Demo,29,0.4,1,Progressed
DEAL-1299,Coastal Foods Ltd,Logistics,Startup,25500.0,8,22,2,8,0,2,1,1,0,0.27,7,0.52,8.2,0.85,-1,0.74,5,0.24,1,1,1,1,1,5,Proposal,Negotiation,54,0.32,1,Lost
DEAL-1300,Novus Capital,Healthcare,Enterprise,214600.0,13,35,0,5,3,1,0,0,1,0.59,8,0.28,15.7,0.31,-1,0.56,5,0.38,0,0,1,1,0,0,Discovery,Lead,50,0.3,1,Lost
DEAL-1301,Prime Packaging,Retail,Startup,22800.0,4,45,3,4,0,0,1,1,1,0.75,3,0.39,18.3,0.56,0,0.33,0,1.0,1,0,0,1,1,14,Negotiation,Evaluation,54,0.75,1,Progressed
DEAL-1302,Coastal Foods Ltd,Education,Mid-Market,112300.0,11,45,0,6,0,0,1,0,0,0.23,4,0.89,3.5,0.44,-1,0.36,0,1.0,1,1,0,1,1,11,Evaluation,Demo,30,0.26,1,Lost
DEAL-1303,Coastal Foods Ltd,Retail,SMB,65800.0,6,35,1,5,1,2,1,1,1,0.53,2,0.44,1.6,0.28,0,0.71,1,0.22,1,0,1,0,0,0,Demo,Discovery,36,0.26,1,Lost
DEAL-1304,Everline Retail,Logistics,SMB,74500.0,14,36,1,5,0,3,0,0,1,0.63,3,0.42,27.5,0.64,1,0.45,3,0.34,0,0,1,1,0,0,Discovery,Lead,40,0.88,1,Lost
DEAL-1305,Zenith Textiles,Healthcare,Startup,28500.0,2,19,0,2,2,0,1,0,0,0.15,4,0.27,34.3,0.31,-1,0.39,3,0.13,1,1,0,1,1,19,Negotiation,Evaluation,50,0.79,1,Lost
DEAL-1306,Pulse Dynamics,Education,Mid-Market,94300.0,4,34,0,1,0,1,1,1,1,0.51,1,0.2,12.7,0.53,-1,0.24,1,0.09,0,0,1,1,0,0,Demo,Discovery,40,0.98,1,Progressed
DEAL-1307,Pulse Dynamics,Retail,Startup,14700.0,5,36,3,5,1,1,1,1,1,0.95,6,0.47,10.3,0.28,0,0.53,3,0.82,1,0,1,1,0,0,Demo,Discovery,19,0.7,1,Lost
DEAL-1308,Beacon Robotics,Logistics,Startup,18300.0,5,29,2,5,3,0,1,1,1,0.51,4,0.15,4.8,0.81,1,0.77,3,0.97,1,1,0,1,1,27,Proposal,Negotiation,40,0.61,1,Progressed
DEAL-1309,Everline Retail,Retail,Enterprise,157300.0,13,27,2,7,2,0,1,1,1,0.8,7,0.89,1.7,0.72,-1,0.57,2,0.71,1,1,0,1,1,10,Proposal,Negotiation,47,0.93,0,Progressed
DEAL-1310,Veritas Analytics,Financial Services,Enterprise,313500.0,1,7,0,1,3,3,1,1,1,0.7,4,0.85,44.3,0.28,0,0.4,4,0.59,1,1,1,1,1,10,Negotiation,Evaluation,47,0.47,0,Lost
DEAL-1311,Summit BioPharma,Logistics,SMB,40400.0,3,31,0,0,0,1,1,0,1,0.78,7,0.29,3.6,0.44,1,0.3,4,0.45,0,1,1,1,0,0,Discovery,Lead,51,0.61,1,Lost
DEAL-1312,Vector Mobility,Retail,SMB,70600.0,2,40,0,0,0,0,1,1,0,0.18,8,0.54,4.3,0.74,-1,0.25,0,1.0,1,1,0,1,1,32,Evaluation,Demo,7,0.81,1,Progressed
DEAL-1313,Solstice Media,Financial Services,SMB,43500.0,6,20,1,3,0,2,1,1,1,0.91,2,0.15,4.3,0.82,0,0.77,1,0.6,1,1,1,0,1,29,Negotiation,Evaluation,26,0.91,1,Progressed
DEAL-1314,Skyward Aerospace,Education,SMB,45700.0,4,0,2,2,3,1,1,0,1,0.59,8,0.34,17.8,0.52,1,0.68,3,0.99,1,0,1,0,0,0,Evaluation,Demo,57,0.31,1,Lost
DEAL-1315,Cascade Security,Technology,Startup,29500.0,5,43,4,5,0,2,1,1,1,0.54,4,0.29,10.7,0.88,1,0.27,5,0.16,1,0,1,0,0,0,Demo,Discovery,59,0.57,1,Lost
DEAL-1316,Everline Retail,Logistics,Startup,22400.0,12,31,0,5,3,0,1,1,1,0.77,7,0.88,40.7,0.72,1,0.5,4,0.81,0,0,0,1,1,8,Demo,Discovery,38,0.73,1,Lost
DEAL-1317,Apex Cloud Systems,Education,SMB,44000.0,12,0,2,2,0,0,1,0,1,0.65,6,0.79,13.9,0.87,-1,0.61,1,0.4,1,1,0,1,1,32,Proposal,Negotiation,36,0.7,1,Progressed
DEAL-1318,Apex Cloud Systems,Financial Services,SMB,62400.0,14,44,0,5,0,0,1,1,1,0.81,8,0.65,8.6,0.32,0,0.75,2,0.83,1,1,0,1,0,0,Evaluation,Demo,34,0.53,1,Progressed
DEAL-1319,NexGen Health,Education,SMB,44600.0,14,42,1,1,3,0,1,1,1,0.97,7,0.46,33.0,0.56,0,0.42,5,0.1,1,1,0,1,1,20,Proposal,Negotiation,27,0.93,1,Lost
DEAL-1320,NexGen Health,Financial Services,Startup,26800.0,5,9,1,2,1,0,1,1,1,0.9,2,0.69,55.2,0.91,-1,0.49,5,0.93,1,0,0,1,0,0,Demo,Discovery,49,0.98,1,Progressed
DEAL-1321,Apex Cloud Systems,Logistics,Mid-Market,84500.0,2,15,1,2,2,0,1,1,0,0.22,2,0.77,11.6,0.82,1,0.5,3,0.01,1,1,0,0,1,31,Evaluation,Demo,46,0.72,0,Lost
DEAL-1322,Novus Capital,Technology,Mid-Market,78100.0,8,41,3,7,3,3,1,0,0,0.27,9,0.3,23.5,0.78,-1,0.51,4,0.06,1,1,1,1,1,8,Proposal,Negotiation,10,0.85,0,Lost
DEAL-1323,Veritas Analytics,Logistics,Startup,23000.0,13,20,0,0,0,0,1,0,1,0.89,1,0.22,3.0,0.25,0,0.48,3,0.25,1,1,0,0,0,0,Demo,Discovery,38,0.65,0,Progressed
DEAL-1324,Prime Packaging,Logistics,SMB,70500.0,6,38,4,6,1,2,1,0,1,0.54,4,0.26,9.8,0.81,-1,0.95,1,0.28,0,0,1,1,1,26,Demo,Discovery,46,0.7,1,Lost
DEAL-1325,Vanguard Supply,Logistics,SMB,59700.0,9,13,0,4,0,0,1,1,1,0.88,3,0.49,3.6,0.27,0,0.5,1,0.27,1,0,0,0,0,0,Demo,Discovery,47,0.96,1,Progressed
DEAL-1326,Aegis Software,Manufacturing,Startup,29500.0,5,0,0,3,2,1,1,1,1,0.47,9,0.73,18.3,0.39,0,0.27,4,0.55,0,1,1,1,0,0,Demo,Discovery,26,0.51,1,Lost
DEAL-1327,Kestrel Instruments,Financial Services,SMB,69100.0,7,30,4,6,2,2,1,1,1,0.78,3,0.45,53.8,0.72,-1,0.92,2,0.78,1,1,1,1,0,0,Evaluation,Demo,2,0.72,0,Lost
DEAL-1328,Acuity Networks,Financial Services,Enterprise,322700.0,14,14,2,3,2,1,1,1,1,0.77,2,0.73,9.0,0.88,-1,0.65,2,0.93,1,1,1,1,1,31,Evaluation,Demo,28,0.31,1,Lost
DEAL-1329,Skyward Aerospace,Logistics,Enterprise,280500.0,7,0,4,7,1,0,1,0,1,0.6,9,0.7,6.9,0.18,0,0.95,4,0.17,0,0,0,0,0,0,Discovery,Lead,47,0.75,1,Progressed
DEAL-1330,Solstice Media,Logistics,Startup,22600.0,13,7,2,6,3,0,1,1,1,0.63,5,0.89,50.2,0.89,1,0.84,3,0.06,1,0,0,1,1,12,Negotiation,Evaluation,20,0.28,1,Progressed
DEAL-1331,Zenith Textiles,Technology,SMB,34900.0,9,32,1,7,3,0,1,0,1,0.53,7,0.45,10.0,0.43,-1,0.62,3,0.16,0,0,0,1,0,0,Discovery,Lead,60,0.45,0,Lost
DEAL-1332,Coastal Foods Ltd,Healthcare,SMB,62200.0,1,10,0,1,1,0,1,1,1,0.86,3,0.41,3.9,0.74,0,0.59,3,0.11,0,1,0,1,0,0,Evaluation,Demo,9,0.93,1,Progressed
DEAL-1333,Solstice Media,Retail,Enterprise,289600.0,7,30,2,6,1,1,1,1,0,0.05,9,0.3,6.2,0.37,-1,0.87,1,0.2,1,1,1,1,1,10,Negotiation,Evaluation,7,0.99,0,Lost
DEAL-1334,Apex Cloud Systems,Retail,Startup,34700.0,3,27,0,1,0,0,0,0,1,0.58,4,0.33,24.6,0.48,-1,0.6,2,0.27,0,0,0,0,0,0,Discovery,Lead,57,0.73,0,Lost
DEAL-1335,Coastal Foods Ltd,Logistics,Mid-Market,81200.0,8,17,4,5,2,3,1,1,1,0.59,2,0.23,28.4,0.16,1,0.8,2,0.81,1,1,1,0,1,7,Negotiation,Evaluation,13,0.35,0,Lost
DEAL-1336,Novus Capital,Financial Services,Startup,23800.0,11,12,1,8,2,3,1,0,1,0.57,8,0.94,10.2,0.31,1,0.32,3,0.89,1,1,1,1,1,28,Discovery,Lead,6,0.34,0,Lost
DEAL-1337,Acuity Networks,Financial Services,Enterprise,235900.0,1,10,1,1,0,0,1,1,0,0.29,4,0.74,4.8,0.46,1,0.62,0,1.0,1,1,0,0,0,0,Evaluation,Demo,4,0.63,0,Progressed
DEAL-1338,Zenith Textiles,Healthcare,SMB,54600.0,1,32,1,1,0,3,1,0,1,0.72,3,0.33,12.3,0.56,0,0.23,2,0.27,1,1,1,0,0,0,Evaluation,Demo,56,0.36,1,Lost
DEAL-1339,Helix Diagnostics,Financial Services,Enterprise,194600.0,12,35,2,4,0,3,1,1,0,0.02,1,0.81,14.9,0.32,0,0.34,4,0.72,1,1,1,0,1,29,Negotiation,Evaluation,59,0.97,0,Lost
DEAL-1340,Vanguard Supply,Healthcare,SMB,65400.0,13,25,1,8,1,0,1,1,1,0.92,2,0.55,22.7,0.5,-1,0.35,5,0.65,0,0,0,1,0,0,Demo,Discovery,48,0.61,0,Progressed
DEAL-1341,BrightPath Logistics,Retail,Startup,32500.0,7,6,4,6,0,1,0,0,1,0.46,1,0.76,1.0,0.65,-1,0.3,2,0.94,1,0,1,1,0,0,Discovery,Lead,40,0.82,1,Progressed
DEAL-1342,Summit BioPharma,Healthcare,SMB,53100.0,8,10,2,7,1,0,1,0,1,0.56,9,0.25,61.4,0.79,-1,0.62,3,0.0,0,0,0,1,1,25,Negotiation,Evaluation,11,0.33,1,Lost
DEAL-1343,OmniCommerce,Education,Enterprise,233100.0,2,14,0,1,1,2,1,1,0,0.28,2,0.87,29.5,0.62,-1,0.53,1,0.15,1,1,1,0,0,0,Evaluation,Demo,6,0.5,0,Lost
DEAL-1344,OmniCommerce,Education,Startup,8100.0,3,41,1,3,0,0,1,1,1,0.97,2,0.24,22.4,0.48,1,0.42,1,0.77,0,0,0,1,0,0,Demo,Discovery,26,0.32,1,Lost
DEAL-1345,Apex Cloud Systems,Education,Enterprise,332000.0,7,26,4,7,0,0,1,1,1,0.53,2,0.61,13.2,0.47,1,0.81,1,0.24,1,1,0,1,1,8,Proposal,Negotiation,36,0.85,0,Progressed
DEAL-1346,Frontier FinCorp,Manufacturing,Mid-Market,146700.0,14,8,2,9,1,0,1,1,1,0.93,4,0.32,62.3,0.32,1,0.31,5,0.38,1,0,0,1,0,0,Demo,Discovery,55,0.96,0,Lost
DEAL-1347,Synthetix Labs,Financial Services,Enterprise,126900.0,6,9,0,1,2,1,1,0,1,0.49,3,0.53,14.4,0.26,1,0.74,3,0.44,0,0,1,1,0,0,Discovery,Lead,2,0.47,1,Lost
DEAL-1348,Cascade Security,Healthcare,Startup,30500.0,11,29,4,8,0,0,1,1,1,0.56,2,0.57,12.2,0.9,-1,0.78,0,1.0,1,1,0,0,1,5,Proposal,Negotiation,34,0.55,1,Progressed
DEAL-1349,Cobalt Freight,Retail,SMB,57100.0,14,24,1,1,0,0,1,1,0,0.11,6,0.17,1.4,0.37,1,0.28,0,1.0,1,0,0,0,0,0,Evaluation,Demo,43,0.41,1,Progressed
DEAL-1350,Prime Packaging,Technology,Startup,10500.0,5,0,2,4,1,2,1,0,1,0.82,3,0.71,1.0,0.22,0,0.9,4,0.02,1,1,1,0,1,30,Negotiation,Evaluation,34,0.62,0,Lost
DEAL-1351,Helix Diagnostics,Technology,Enterprise,173300.0,4,43,1,2,0,2,1,1,1,0.7,6,0.51,9.7,0.25,0,0.48,3,0.89,1,1,1,1,1,32,Proposal,Negotiation,35,0.88,0,Lost
DEAL-1352,Zenith Textiles,Healthcare,Mid-Market,91000.0,14,5,3,4,2,0,1,0,0,0.02,6,0.43,60.6,0.2,1,0.8,3,0.76,1,1,0,1,1,32,Negotiation,Evaluation,22,0.44,0,Lost
DEAL-1353,Vector Mobility,Manufacturing,SMB,67900.0,11,8,3,8,0,3,1,1,0,0.12,8,0.36,10.2,0.82,1,0.23,0,1.0,1,0,1,0,1,5,Proposal,Negotiation,56,0.97,0,Progressed
DEAL-1354,Vector Mobility,Retail,Mid-Market,94900.0,8,41,4,8,3,1,0,0,0,0.29,7,0.76,14.4,0.3,0,0.25,4,0.21,0,0,1,0,0,0,Discovery,Lead,7,0.5,0,Lost
DEAL-1355,Coastal Foods Ltd,Financial Services,Mid-Market,66200.0,13,23,3,10,0,2,1,0,0,0.23,7,0.37,6.1,0.64,-1,0.31,0,1.0,1,0,1,1,0,0,Demo,Discovery,5,0.45,1,Lost
DEAL-1356,BrightPath Logistics,Retail,SMB,62700.0,3,12,2,3,1,3,1,1,1,0.96,7,0.43,4.7,0.68,0,0.84,4,0.08,1,1,1,1,1,21,Negotiation,Evaluation,32,0.67,0,Lost
DEAL-1357,Cobalt Freight,Healthcare,SMB,40800.0,13,43,3,7,1,3,1,0,1,0.88,3,0.66,16.6,0.64,1,0.28,1,0.7,1,1,1,1,1,1,Proposal,Negotiation,48,0.41,1,Lost
DEAL-1358,Frontier FinCorp,Technology,SMB,40300.0,14,7,3,10,1,3,1,1,1,0.65,6,0.24,10.8,0.29,0,0.49,1,0.38,1,1,1,1,1,7,Negotiation,Evaluation,28,0.66,1,Lost
DEAL-1359,Kestrel Instruments,Education,Startup,25500.0,10,26,0,7,0,0,1,0,1,0.74,1,0.68,20.9,0.81,-1,0.37,3,0.2,1,1,0,0,1,26,Proposal,Negotiation,36,0.59,0,Lost
DEAL-1360,Frontier FinCorp,Education,Startup,15700.0,11,16,2,8,0,1,1,1,1,0.41,3,0.78,77.9,0.8,1,0.84,2,0.96,0,0,1,0,0,0,Demo,Discovery,2,0.69,0,Progressed
DEAL-1361,Atlas Energy,Retail,Startup,25200.0,12,11,3,8,0,0,1,1,1,0.69,7,0.82,3.9,0.63,0,0.85,2,0.09,1,1,0,0,1,6,Proposal,Negotiation,12,0.37,1,Progressed
DEAL-1362,Zenith Textiles,Logistics,Mid-Market,158300.0,11,40,2,4,0,3,1,1,0,0.16,4,0.73,120.0,0.77,0,0.8,2,0.93,1,1,1,0,1,8,Demo,Discovery,43,0.74,0,Lost
DEAL-1363,Trident Tech,Manufacturing,Enterprise,141300.0,8,23,1,7,0,3,1,0,0,0.15,2,0.32,16.7,0.47,0,0.69,1,0.3,0,1,1,0,1,23,Discovery,Lead,33,0.58,1,Lost
DEAL-1364,Veritas Analytics,Financial Services,SMB,32900.0,12,16,0,3,0,0,1,1,1,0.84,4,0.84,33.3,0.24,-1,0.22,0,1.0,1,1,0,0,1,19,Proposal,Negotiation,3,0.35,1,Progressed
DEAL-1365,Kestrel Instruments,Retail,SMB,72300.0,4,16,1,2,2,3,1,0,1,0.74,3,0.79,5.7,0.88,0,0.54,4,0.82,1,0,1,1,1,29,Evaluation,Demo,27,0.58,0,Lost
DEAL-1366,Coastal Foods Ltd,Financial Services,SMB,45500.0,10,41,4,9,0,3,1,0,1,0.65,3,0.44,5.1,0.21,1,0.49,2,0.01,0,1,1,1,1,5,Negotiation,Evaluation,3,0.36,1,Lost
DEAL-1367,Veritas Analytics,Healthcare,SMB,30100.0,5,45,4,5,1,0,1,0,1,0.84,6,0.8,1.0,0.3,-1,0.83,2,0.12,1,1,0,0,0,0,Discovery,Lead,38,0.62,1,Progressed
DEAL-1368,Atlas Energy,Technology,Enterprise,185400.0,14,25,0,0,1,0,1,0,1,0.88,7,0.73,1.6,0.36,0,0.51,2,0.61,1,1,0,1,1,8,Evaluation,Demo,43,0.66,1,Lost
DEAL-1369,Veritas Analytics,Technology,Startup,9300.0,1,8,0,1,0,1,1,0,1,0.61,9,0.94,35.9,0.87,-1,0.4,0,1.0,1,1,1,0,1,11,Negotiation,Evaluation,16,0.83,1,Progressed
DEAL-1370,Atlas Energy,Retail,Startup,16600.0,3,37,3,3,0,1,1,0,1,0.78,5,0.41,13.9,0.71,-1,0.27,5,0.35,1,1,1,0,0,0,Discovery,Lead,35,0.82,1,Lost
DEAL-1371,Coastal Foods Ltd,Healthcare,Startup,13800.0,14,24,1,8,0,0,0,0,1,0.71,6,0.76,12.3,0.39,0,0.71,0,1.0,0,1,0,1,0,0,Discovery,Lead,23,0.88,1,Progressed
DEAL-1372,Summit BioPharma,Technology,SMB,33200.0,5,36,0,1,0,0,1,0,0,0.14,5,0.17,4.8,0.66,0,0.47,4,0.35,1,1,0,0,1,29,Negotiation,Evaluation,58,0.34,0,Lost
DEAL-1373,Everline Retail,Technology,Mid-Market,133200.0,7,12,2,5,0,1,1,1,1,0.69,7,0.24,47.5,0.19,-1,0.95,0,1.0,0,1,1,1,1,26,Negotiation,Evaluation,13,0.41,1,Lost
DEAL-1374,Pulse Dynamics,Logistics,Mid-Market,129200.0,8,13,1,4,1,1,1,1,1,0.83,2,0.3,7.6,0.85,1,0.57,5,0.17,1,0,1,1,0,0,Evaluation,Demo,42,0.48,0,Progressed
DEAL-1375,Vanguard Supply,Technology,Startup,28500.0,1,38,1,1,0,2,1,1,0,0.25,5,0.82,24.8,0.55,-1,0.79,0,1.0,1,1,1,1,1,17,Proposal,Negotiation,2,0.82,1,Lost
DEAL-1376,Vanguard Supply,Manufacturing,SMB,66400.0,5,45,2,5,0,2,1,0,1,0.82,1,0.27,4.1,0.47,-1,0.71,3,0.24,1,1,1,0,1,25,Proposal,Negotiation,32,0.35,1,Lost
DEAL-1377,Vanguard Supply,Logistics,Mid-Market,149900.0,8,33,1,5,0,3,1,1,1,0.95,5,0.4,30.2,0.18,1,0.75,0,1.0,1,1,1,0,1,32,Evaluation,Demo,58,0.87,1,Lost
DEAL-1378,Apex Cloud Systems,Retail,Mid-Market,112300.0,5,39,4,5,0,0,1,1,0,0.09,8,0.18,6.0,0.37,1,0.3,0,1.0,1,0,0,0,1,33,Demo,Discovery,21,0.61,1,Lost
DEAL-1379,Aegis Software,Financial Services,Startup,10300.0,5,9,1,4,2,0,1,0,1,0.61,7,0.49,6.3,0.89,-1,0.9,4,0.17,1,1,0,1,1,17,Proposal,Negotiation,60,0.93,0,Lost
DEAL-1380,Beacon Robotics,Healthcare,SMB,29300.0,10,40,3,5,3,0,1,1,1,0.48,8,0.71,4.7,0.54,1,0.76,3,0.42,0,1,0,1,1,9,Negotiation,Evaluation,52,0.6,1,Lost
DEAL-1381,Trident Tech,Education,Startup,21800.0,3,39,2,2,2,0,1,1,1,0.91,8,0.82,25.4,0.22,0,0.85,2,0.1,1,0,0,1,1,33,Negotiation,Evaluation,10,0.73,1,Lost
DEAL-1382,Coastal Foods Ltd,Logistics,Startup,11900.0,12,31,1,4,0,0,1,1,1,0.94,8,0.65,6.7,0.3,-1,0.2,0,1.0,0,0,0,0,0,0,Demo,Discovery,21,0.7,1,Progressed
DEAL-1383,Trident Tech,Retail,SMB,34200.0,4,34,2,4,1,0,1,1,0,0.01,3,0.8,30.7,0.66,-1,0.6,1,0.48,0,0,0,1,1,7,Negotiation,Evaluation,56,0.77,1,Lost
DEAL-1384,Synthetix Labs,Retail,Startup,15700.0,2,36,1,1,0,0,1,0,1,0.78,8,0.18,12.1,0.85,-1,0.56,2,0.98,1,1,0,0,1,34,Proposal,Negotiation,21,0.79,1,Progressed
DEAL-1385,BrightPath Logistics,Healthcare,Mid-Market,95200.0,12,36,2,9,1,0,1,1,1,0.94,2,0.88,26.5,0.65,0,0.95,1,0.13,1,0,0,1,0,0,Demo,Discovery,19,0.7,0,Progressed
DEAL-1386,Vector Mobility,Logistics,Startup,10600.0,2,31,2,2,0,0,1,0,1,0.93,4,0.23,54.4,0.83,1,0.9,3,0.06,1,1,0,0,0,0,Evaluation,Demo,50,0.81,0,Progressed
DEAL-1387,NexGen Health,Manufacturing,Startup,20100.0,3,40,1,2,0,0,1,1,0,0.05,9,0.8,1.0,0.3,1,0.22,0,1.0,0,1,0,0,1,22,Evaluation,Demo,33,0.96,0,Lost
DEAL-1388,Novus Capital,Logistics,Mid-Market,109600.0,14,13,4,11,2,0,1,1,1,0.89,2,0.5,53.6,0.63,-1,0.64,4,0.1,0,1,0,1,1,25,Proposal,Negotiation,24,0.34,1,Progressed
DEAL-1389,BrightPath Logistics,Education,Enterprise,342700.0,2,34,2,2,2,1,1,1,0,0.02,2,0.62,40.8,0.87,0,0.71,3,0.2,0,1,1,1,1,4,Proposal,Negotiation,41,0.27,0,Lost
DEAL-1390,BrightPath Logistics,Education,Enterprise,328000.0,12,2,2,3,1,0,1,1,1,0.91,8,0.91,11.5,0.36,-1,0.28,1,0.43,1,1,0,0,1,13,Negotiation,Evaluation,40,0.62,1,Progressed
DEAL-1391,Vector Mobility,Retail,Mid-Market,133800.0,9,30,0,6,0,0,1,0,1,0.72,2,0.5,21.4,0.84,0,0.47,0,1.0,1,1,0,1,1,35,Negotiation,Evaluation,46,0.5,1,Progressed
DEAL-1392,Kestrel Instruments,Technology,Enterprise,177500.0,1,4,0,0,0,0,1,1,0,0.18,4,0.95,12.6,0.25,0,0.57,0,1.0,1,1,0,1,1,23,Negotiation,Evaluation,13,0.34,1,Progressed
DEAL-1393,Vector Mobility,Healthcare,SMB,40100.0,6,35,2,6,0,1,1,1,1,0.46,6,0.87,19.3,0.69,1,0.58,1,0.3,0,1,1,0,1,29,Demo,Discovery,35,0.31,1,Lost
DEAL-1394,Cobalt Freight,Technology,Startup,30600.0,5,17,4,5,3,1,1,1,1,0.62,1,0.84,71.2,0.45,-1,0.38,5,0.53,1,0,1,1,1,17,Evaluation,Demo,54,0.53,1,Lost
DEAL-1395,Atlas Energy,Healthcare,Mid-Market,94100.0,14,39,3,9,2,0,0,0,0,0.22,5,0.84,34.6,0.87,0,0.53,4,0.16,1,1,0,0,1,18,Discovery,Lead,53,0.78,0,Lost
DEAL-1396,Pulse Dynamics,Education,SMB,41900.0,7,2,4,7,3,0,1,1,1,0.87,1,0.25,38.6,0.59,0,0.85,3,0.02,0,1,0,1,0,0,Evaluation,Demo,19,0.88,1,Lost
DEAL-1397,BrightPath Logistics,Manufacturing,Enterprise,246800.0,2,28,0,1,3,0,1,1,0,0.19,3,0.85,13.3,0.66,-1,0.29,5,0.58,1,1,0,0,0,0,Evaluation,Demo,18,0.28,1,Progressed
DEAL-1398,Frontier FinCorp,Financial Services,Mid-Market,120100.0,6,6,0,4,0,2,1,1,0,0.1,6,0.81,7.2,0.67,-1,0.7,1,0.33,1,1,1,0,1,19,Negotiation,Evaluation,9,0.9,1,Progressed
DEAL-1399,NexGen Health,Manufacturing,Startup,33100.0,10,1,0,3,0,1,1,1,1,0.85,6,0.9,3.6,0.44,1,0.23,3,0.96,1,1,1,0,1,35,Evaluation,Demo,34,0.79,1,Progressed
DEAL-1400,Vector Mobility,Financial Services,Mid-Market,120700.0,11,33,4,11,0,0,1,0,1,0.93,6,0.34,7.6,0.74,0,0.38,0,1.0,1,1,0,0,0,0,Evaluation,Demo,19,0.48,0,Progressed
DEAL-1401,Frontier FinCorp,Logistics,SMB,36500.0,13,26,1,3,1,1,1,1,1,0.74,3,0.63,1.0,0.76,0,0.44,3,0.58,1,1,1,0,1,17,Proposal,Negotiation,17,0.31,1,Progressed
DEAL-1402,OmniCommerce,Retail,Mid-Market,72600.0,1,27,0,0,1,3,1,0,1,0.63,7,0.43,19.4,0.46,1,0.39,2,0.59,0,1,1,1,0,0,Discovery,Lead,10,0.47,1,Lost
DEAL-1403,Cobalt Freight,Logistics,Mid-Market,88900.0,8,44,1,3,1,0,1,1,1,0.49,1,0.62,25.3,0.43,1,0.55,1,0.94,0,1,0,1,1,33,Proposal,Negotiation,60,0.49,1,Lost
DEAL-1404,Acuity Networks,Manufacturing,SMB,40900.0,3,9,0,1,1,0,1,1,1,0.58,6,0.38,1.0,0.24,0,0.58,1,0.94,1,0,0,0,1,33,Negotiation,Evaluation,35,0.42,1,Progressed
DEAL-1405,Zenith Textiles,Financial Services,Enterprise,340800.0,9,34,1,1,0,0,1,1,0,0.08,7,0.74,3.5,0.55,0,0.43,5,0.44,1,1,0,1,1,8,Negotiation,Evaluation,55,0.33,1,Progressed
DEAL-1406,Kestrel Instruments,Technology,Mid-Market,82200.0,2,20,0,2,2,3,1,1,1,0.79,2,0.72,26.2,0.39,-1,0.54,4,0.19,1,0,1,1,1,13,Evaluation,Demo,19,0.94,0,Lost
DEAL-1407,Apex Cloud Systems,Retail,Mid-Market,133400.0,5,8,1,5,2,3,1,0,1,0.4,2,0.54,4.6,0.62,1,0.34,2,0.38,0,0,1,1,1,15,Discovery,Lead,35,0.56,1,Lost
DEAL-1408,Skyward Aerospace,Retail,SMB,56500.0,10,22,4,10,2,0,1,0,1,0.92,5,0.49,11.6,0.49,-1,0.72,3,0.66,1,1,0,1,1,27,Evaluation,Demo,8,0.34,1,Progressed
DEAL-1409,Zenith Textiles,Manufacturing,SMB,35800.0,14,26,0,5,0,0,1,1,1,0.66,7,0.36,17.6,0.19,0,0.77,0,1.0,1,1,0,1,0,0,Evaluation,Demo,45,0.5,1,Progressed
DEAL-1410,Veritas Analytics,Manufacturing,Startup,22600.0,12,1,3,4,1,0,1,1,1,0.44,1,0.56,22.2,0.43,-1,0.97,3,0.29,1,1,0,1,0,0,Evaluation,Demo,60,0.87,0,Progressed
DEAL-1411,Vector Mobility,Technology,Mid-Market,112700.0,9,25,3,3,2,0,1,1,0,0.23,4,0.18,6.8,0.73,0,0.71,5,0.86,0,1,0,1,0,0,Demo,Discovery,20,0.35,1,Lost
DEAL-1412,Beacon Robotics,Financial Services,Enterprise,142000.0,10,25,1,5,0,3,1,1,0,0.08,4,0.23,10.5,0.9,1,0.57,0,1.0,0,1,1,0,0,0,Evaluation,Demo,29,0.47,1,Lost
DEAL-1413,Novus Capital,Retail,Enterprise,295400.0,12,6,3,6,0,0,1,1,0,0.11,2,0.66,30.5,0.41,1,0.96,1,0.86,0,1,0,0,1,15,Proposal,Negotiation,3,0.32,0,Progressed
DEAL-1414,Prime Packaging,Manufacturing,SMB,62000.0,14,9,0,5,0,0,1,1,1,0.84,8,0.59,15.5,0.39,1,0.38,3,0.92,0,0,0,0,1,13,Proposal,Negotiation,40,0.59,1,Progressed
DEAL-1415,Everline Retail,Technology,Enterprise,233900.0,11,33,3,5,2,0,1,1,0,0.13,5,0.73,26.2,0.83,0,0.61,2,0.65,1,1,0,1,1,34,Proposal,Negotiation,28,0.71,1,Lost
DEAL-1416,Prime Packaging,Retail,Startup,16900.0,12,8,1,8,0,1,1,0,0,0.29,5,0.71,5.8,0.3,-1,0.62,0,1.0,0,1,1,0,0,0,Discovery,Lead,22,0.49,1,Lost
DEAL-1417,Vanguard Supply,Manufacturing,Mid-Market,146800.0,10,19,2,8,3,3,1,1,1,0.44,3,0.23,1.0,0.32,-1,0.41,4,0.33,1,1,1,1,0,0,Evaluation,Demo,37,0.33,1,Lost
DEAL-1418,Summit BioPharma,Healthcare,Startup,14300.0,4,5,4,4,0,2,1,1,0,0.29,3,0.56,1.3,0.49,1,0.57,0,1.0,1,1,1,0,1,21,Demo,Discovery,12,0.47,1,Lost
DEAL-1419,Veritas Analytics,Education,Startup,12500.0,11,17,1,7,2,0,1,1,1,0.8,9,0.87,16.5,0.65,-1,0.22,3,0.73,1,1,0,1,1,25,Proposal,Negotiation,30,0.52,1,Lost
DEAL-1420,Novus Capital,Technology,Startup,17700.0,4,0,4,4,2,0,1,1,1,0.69,1,0.64,35.4,0.18,0,0.7,5,0.27,1,1,0,1,0,0,Evaluation,Demo,8,0.54,1,Progressed
DEAL-1421,NexGen Health,Retail,Mid-Market,124800.0,9,6,0,5,0,0,1,0,0,0.22,3,0.22,2.7,0.79,-1,0.24,0,1.0,0,1,0,0,0,0,Discovery,Lead,41,0.72,0,Lost
DEAL-1422,Synthetix Labs,Logistics,Mid-Market,91600.0,12,10,4,9,1,3,1,1,0,0.25,1,0.2,16.4,0.79,1,0.32,1,0.04,1,1,1,1,1,1,Proposal,Negotiation,2,0.45,0,Lost
DEAL-1423,Beacon Robotics,Manufacturing,Startup,20600.0,14,44,0,7,1,1,1,0,0,0.1,1,0.76,28.0,0.76,-1,0.7,5,0.31,1,1,1,1,0,0,Discovery,Lead,9,0.59,0,Lost
DEAL-1424,Vanguard Supply,Healthcare,SMB,45700.0,14,12,2,5,1,2,1,1,1,0.45,6,0.61,41.0,0.42,1,0.61,5,0.04,0,1,1,1,0,0,Demo,Discovery,20,0.86,1,Lost
DEAL-1425,Skyward Aerospace,Education,SMB,42100.0,9,35,2,3,3,2,1,0,0,0.28,9,0.68,38.6,0.29,-1,0.56,4,0.66,1,1,1,1,1,1,Proposal,Negotiation,51,0.49,0,Lost
DEAL-1426,Prime Packaging,Manufacturing,SMB,70100.0,3,22,2,3,1,0,1,0,1,0.66,7,0.73,21.4,0.51,-1,0.4,2,0.68,1,1,0,1,1,33,Negotiation,Evaluation,36,0.53,0,Lost
DEAL-1427,Acuity Networks,Education,SMB,53900.0,10,1,1,3,1,0,1,1,1,0.7,3,0.25,10.7,0.41,-1,0.96,1,0.46,0,1,0,1,0,0,Evaluation,Demo,58,0.48,0,Lost
DEAL-1428,Summit BioPharma,Retail,Startup,14600.0,11,35,2,2,0,0,1,1,1,0.8,4,0.88,18.7,0.66,0,0.75,0,1.0,1,1,0,1,1,28,Negotiation,Evaluation,12,0.81,1,Progressed
DEAL-1429,Beacon Robotics,Technology,SMB,58500.0,10,1,1,3,1,0,1,1,1,0.4,7,0.88,49.5,0.65,-1,0.59,2,0.09,0,0,0,1,0,0,Demo,Discovery,25,0.28,1,Progressed
DEAL-1430,Vanguard Supply,Retail,Startup,18800.0,9,6,3,4,3,0,1,1,1,0.63,1,0.28,25.8,0.25,1,0.5,3,0.42,1,1,0,1,1,33,Evaluation,Demo,45,0.59,1,Lost
DEAL-1431,Prime Packaging,Logistics,SMB,51800.0,6,7,1,4,3,0,1,1,1,0.49,6,0.91,28.3,0.69,0,0.35,5,0.43,1,1,0,0,1,24,Proposal,Negotiation,50,0.85,0,Lost
DEAL-1432,Solstice Media,Logistics,SMB,66000.0,9,17,1,5,0,3,1,0,1,0.75,6,0.74,16.1,0.56,0,0.39,0,1.0,1,1,1,0,0,0,Evaluation,Demo,28,0.31,1,Progressed
DEAL-1433,Synthetix Labs,Education,Enterprise,308700.0,10,29,0,1,1,0,1,0,1,0.82,2,0.46,6.0,0.9,-1,0.46,2,0.4,1,1,0,1,0,0,Evaluation,Demo,25,0.72,1,Progressed
DEAL-1434,Everline Retail,Education,Startup,15000.0,5,39,4,5,3,2,1,1,1,0.67,7,0.37,1.0,0.68,-1,0.42,4,0.91,0,0,1,1,0,0,Demo,Discovery,46,0.75,0,Lost
DEAL-1435,Cobalt Freight,Financial Services,Mid-Market,123500.0,2,14,0,0,0,0,1,0,0,0.21,8,0.62,28.7,0.64,0,0.62,4,0.34,1,1,0,0,0,0,Evaluation,Demo,16,0.6,0,Progressed
DEAL-1436,BlueShift AI,Manufacturing,SMB,58000.0,10,5,3,8,2,1,1,0,1,0.58,6,0.51,85.0,0.51,-1,0.69,2,0.43,1,0,1,1,1,25,Discovery,Lead,15,0.37,1,Lost
DEAL-1437,Apex Cloud Systems,Retail,Mid-Market,145000.0,2,25,0,0,1,3,0,0,1,0.84,7,0.59,69.3,0.42,-1,0.53,2,0.63,1,1,1,1,0,0,Discovery,Lead,38,0.69,1,Lost
DEAL-1438,Vector Mobility,Retail,SMB,48200.0,14,28,1,3,1,1,1,0,1,0.84,3,0.7,44.7,0.23,1,0.71,3,0.64,1,1,1,0,1,27,Negotiation,Evaluation,20,0.97,1,Progressed
DEAL-1439,Solstice Media,Financial Services,Startup,23400.0,8,43,0,5,0,1,1,0,1,0.63,9,0.84,9.2,0.8,-1,0.56,1,0.47,0,0,1,1,0,0,Discovery,Lead,49,0.79,1,Lost
DEAL-1440,Pulse Dynamics,Logistics,Mid-Market,159000.0,13,11,3,4,3,0,1,1,1,0.49,8,0.73,3.1,0.2,1,0.23,4,0.86,1,1,0,1,1,35,Proposal,Negotiation,55,0.75,1,Lost
DEAL-1441,Cobalt Freight,Retail,Mid-Market,66000.0,13,25,0,5,1,0,1,1,1,0.66,2,0.23,1.9,0.8,1,0.79,1,0.41,1,1,0,0,1,5,Negotiation,Evaluation,47,0.33,1,Progressed
DEAL-1442,OmniCommerce,Retail,Mid-Market,135700.0,6,18,3,5,2,3,1,1,0,0.01,3,0.27,31.0,0.37,-1,0.89,5,0.31,1,1,1,1,1,19,Negotiation,Evaluation,46,0.67,0,Lost
DEAL-1443,Kestrel Instruments,Logistics,Startup,24400.0,14,24,2,5,2,2,0,0,1,0.55,9,0.75,1.6,0.92,0,0.57,2,0.16,0,0,1,1,0,0,Discovery,Lead,56,0.92,1,Lost
DEAL-1444,Prime Packaging,Healthcare,SMB,44000.0,11,4,2,5,1,0,1,0,1,0.86,4,0.44,37.5,0.5,1,0.91,4,0.74,1,1,0,1,0,0,Evaluation,Demo,15,0.87,1,Progressed
DEAL-1445,Vector Mobility,Logistics,SMB,29000.0,13,3,3,6,0,1,1,1,1,0.9,4,0.7,9.2,0.5,-1,0.96,2,0.74,1,0,1,0,0,0,Demo,Discovery,18,0.45,0,Progressed
DEAL-1446,Aegis Software,Financial Services,SMB,29900.0,13,3,2,3,0,1,1,0,0,0.16,4,0.63,23.0,0.38,-1,0.65,0,1.0,0,1,1,1,1,17,Demo,Discovery,32,0.89,1,Lost
DEAL-1447,Veritas Analytics,Manufacturing,SMB,33800.0,9,30,4,8,3,0,1,1,0,0.17,5,0.65,6.4,0.24,-1,0.58,4,0.5,1,1,0,1,0,0,Evaluation,Demo,18,0.49,1,Lost
DEAL-1448,Synthetix Labs,Healthcare,Startup,10900.0,4,13,2,4,0,0,1,1,1,0.8,4,0.61,38.5,0.27,-1,0.35,1,0.61,1,1,0,1,1,18,Evaluation,Demo,22,0.54,0,Progressed
DEAL-1449,Vanguard Supply,Retail,Enterprise,311900.0,6,9,2,4,1,1,1,1,0,0.13,7,0.76,120.0,0.15,0,0.24,5,0.97,1,1,1,1,0,0,Evaluation,Demo,55,0.55,1,Lost
DEAL-1450,BlueShift AI,Manufacturing,SMB,62000.0,13,13,4,11,3,3,1,0,1,0.95,8,0.91,12.3,0.88,1,0.5,5,0.25,1,1,1,0,1,8,Evaluation,Demo,8,0.96,1,Lost
DEAL-1451,Novus Capital,Technology,SMB,63800.0,7,9,1,5,0,3,1,1,1,0.59,9,0.76,15.7,0.35,1,0.84,1,0.87,1,1,1,0,1,14,Proposal,Negotiation,14,0.76,0,Progressed
DEAL-1452,Cobalt Freight,Healthcare,SMB,41700.0,11,45,2,6,0,3,1,1,1,0.65,8,0.79,99.4,0.79,-1,0.91,0,1.0,1,0,1,0,1,22,Proposal,Negotiation,49,0.63,1,Lost
DEAL-1453,Novus Capital,Technology,SMB,73700.0,13,7,4,6,1,0,1,1,1,0.67,4,0.75,35.1,0.74,0,0.84,5,0.65,1,0,0,1,1,28,Proposal,Negotiation,56,0.59,1,Lost
DEAL-1454,BlueShift AI,Financial Services,SMB,56200.0,7,1,0,3,2,0,1,0,1,0.74,6,0.58,32.1,0.65,-1,0.8,2,0.87,1,0,0,0,1,9,Evaluation,Demo,29,0.68,1,Lost
DEAL-1455,BrightPath Logistics,Manufacturing,Enterprise,333500.0,11,13,1,5,0,3,1,1,0,0.28,6,0.17,6.5,0.83,0,0.3,0,1.0,0,0,1,0,0,0,Demo,Discovery,29,0.95,1,Lost
DEAL-1456,Atlas Energy,Education,Startup,34200.0,9,37,4,5,2,0,1,0,1,0.83,6,0.75,8.1,0.39,-1,0.36,4,0.48,1,0,0,1,0,0,Demo,Discovery,50,0.32,1,Lost
DEAL-1457,Everline Retail,Manufacturing,SMB,40500.0,2,27,2,2,0,0,1,0,1,0.63,8,0.16,8.4,0.89,1,0.7,1,0.18,0,0,0,0,0,0,Demo,Discovery,46,0.49,1,Lost
DEAL-1458,Summit BioPharma,Education,Mid-Market,89300.0,10,26,1,7,2,0,1,1,1,0.83,3,0.44,27.3,0.86,-1,0.22,3,0.91,0,1,0,1,1,3,Demo,Discovery,13,0.4,1,Lost
DEAL-1459,Apex Cloud Systems,Retail,Startup,18200.0,10,33,1,3,0,0,0,0,0,0.02,8,0.52,5.9,0.47,1,0.54,5,0.31,1,0,0,1,0,0,Discovery,Lead,2,0.88,1,Lost
DEAL-1460,OmniCommerce,Technology,SMB,62400.0,14,36,1,3,1,2,1,0,1,0.53,2,0.74,50.7,0.7,0,0.89,1,0.18,1,0,1,1,0,0,Demo,Discovery,34,0.33,1,Lost
DEAL-1461,Vanguard Supply,Education,Enterprise,195400.0,6,42,1,5,1,2,1,0,0,0.01,4,0.93,69.5,0.16,1,0.23,1,0.32,1,0,1,1,1,26,Discovery,Lead,49,0.84,1,Lost
DEAL-1462,Summit BioPharma,Retail,Mid-Market,114600.0,2,17,2,2,2,0,1,1,0,0.1,8,0.77,4.4,0.5,-1,0.72,4,0.06,1,1,0,0,0,0,Evaluation,Demo,23,0.5,0,Lost
DEAL-1463,Beacon Robotics,Logistics,SMB,68700.0,5,28,3,5,2,3,1,0,1,0.91,9,0.31,113.5,0.8,-1,0.81,5,0.53,1,0,1,1,0,0,Discovery,Lead,57,0.4,0,Lost
DEAL-1464,Cascade Security,Healthcare,SMB,30000.0,3,40,1,2,1,0,1,1,0,0.29,7,0.39,17.3,0.84,0,0.9,1,0.0,1,1,0,1,1,5,Proposal,Negotiation,41,0.6,0,Progressed
DEAL-1465,Acuity Networks,Healthcare,Startup,30200.0,13,15,3,5,0,2,1,1,0,0.07,5,0.26,6.3,0.46,1,0.78,1,0.44,0,0,1,0,1,31,Negotiation,Evaluation,27,0.95,0,Lost
DEAL-1466,Cobalt Freight,Manufacturing,Mid-Market,114100.0,10,29,1,2,2,0,1,1,1,0.62,5,0.24,5.0,0.51,1,0.33,3,0.22,1,1,0,1,0,0,Evaluation,Demo,58,0.78,1,Lost
DEAL-1467,Skyward Aerospace,Retail,Mid-Market,156300.0,7,3,0,4,3,0,1,1,1,0.64,5,0.94,36.3,0.21,-1,0.76,4,0.22,1,1,0,1,0,0,Evaluation,Demo,59,0.61,1,Lost
DEAL-1468,Veritas Analytics,Financial Services,Enterprise,273500.0,1,38,0,0,0,3,1,0,1,0.61,7,0.8,83.5,0.7,-1,0.47,3,0.94,1,1,1,1,1,14,Proposal,Negotiation,8,0.83,1,Lost
DEAL-1469,Zenith Textiles,Logistics,Enterprise,142700.0,7,1,3,7,0,3,1,1,0,0.29,5,0.51,51.7,0.19,0,0.75,1,0.56,0,1,1,1,1,22,Evaluation,Demo,54,0.72,1,Lost
DEAL-1470,Beacon Robotics,Logistics,Mid-Market,156600.0,6,19,0,5,0,0,1,0,1,0.77,7,0.31,34.1,0.81,0,0.47,2,0.96,0,1,0,1,1,19,Discovery,Lead,42,0.85,1,Lost
DEAL-1471,Beacon Robotics,Healthcare,SMB,59800.0,4,5,0,4,2,0,1,1,1,0.71,7,0.26,28.6,0.45,1,0.84,2,0.57,1,1,0,0,1,18,Negotiation,Evaluation,56,0.91,0,Progressed
DEAL-1472,Pulse Dynamics,Education,Mid-Market,81900.0,4,28,1,2,3,2,0,0,0,0.18,8,0.48,6.1,0.57,1,0.35,4,0.63,1,1,1,1,1,17,Discovery,Lead,20,0.39,1,Lost
DEAL-1473,Frontier FinCorp,Healthcare,SMB,42900.0,12,8,2,5,2,3,1,0,1,0.85,9,0.72,6.1,0.56,-1,0.83,5,0.72,1,0,1,1,1,30,Proposal,Negotiation,39,0.7,1,Lost
DEAL-1474,Prime Packaging,Financial Services,SMB,72700.0,3,1,3,3,1,0,1,1,1,0.44,5,0.61,20.8,0.88,1,0.22,3,0.99,1,1,0,1,0,0,Evaluation,Demo,32,0.69,1,Progressed
DEAL-1475,Cascade Security,Retail,Startup,22600.0,11,37,2,2,1,0,1,1,1,0.47,2,0.64,2.3,0.56,1,0.33,4,0.84,1,1,0,1,1,7,Proposal,Negotiation,5,0.39,1,Progressed
DEAL-1476,Atlas Energy,Logistics,Enterprise,209100.0,7,24,3,5,0,3,1,0,0,0.21,5,0.55,3.3,0.29,0,0.36,5,0.34,1,1,1,1,0,0,Evaluation,Demo,13,0.51,0,Lost
DEAL-1477,Cascade Security,Technology,Startup,18400.0,1,36,1,1,1,2,1,1,1,0.71,6,0.23,52.7,0.68,-1,0.67,3,0.51,0,0,1,1,1,8,Demo,Discovery,14,0.67,1,Lost
DEAL-1478,Trident Tech,Manufacturing,Startup,26400.0,10,33,1,2,0,0,1,1,1,0.93,8,0.89,19.2,0.57,0,0.81,5,0.34,1,0,0,0,1,31,Negotiation,Evaluation,14,0.95,1,Progressed
DEAL-1479,Skyward Aerospace,Logistics,Mid-Market,119100.0,14,33,0,5,3,0,1,1,1,0.63,9,0.66,2.2,0.37,-1,0.55,5,0.4,1,1,0,1,1,31,Proposal,Negotiation,38,0.4,1,Lost
DEAL-1480,Trident Tech,Retail,Enterprise,297300.0,13,43,0,0,1,1,1,1,1,0.92,9,0.29,7.2,0.39,-1,0.62,2,0.19,1,1,1,1,0,0,Demo,Discovery,7,0.28,1,Lost
DEAL-1481,Cascade Security,Manufacturing,Mid-Market,64500.0,4,6,3,4,1,1,1,1,1,0.69,1,0.19,30.8,0.44,1,0.29,1,0.98,0,1,1,0,0,0,Demo,Discovery,47,0.46,1,Lost
DEAL-1482,Acuity Networks,Logistics,SMB,68200.0,11,19,1,5,0,0,1,0,1,0.62,4,0.8,6.0,0.53,1,0.21,0,1.0,1,0,0,0,1,32,Negotiation,Evaluation,46,0.76,0,Progressed
DEAL-1483,Beacon Robotics,Manufacturing,Startup,28000.0,11,45,3,7,1,2,1,1,1,0.46,2,0.47,27.6,0.83,-1,0.94,3,0.13,1,0,1,1,1,6,Proposal,Negotiation,20,0.66,1,Lost
DEAL-1484,Kestrel Instruments,Technology,Startup,24600.0,8,9,3,3,1,1,1,1,1,0.82,1,0.61,21.5,0.88,0,0.87,1,0.46,1,0,1,0,1,13,Proposal,Negotiation,51,0.44,0,Lost
DEAL-1485,Novus Capital,Retail,Startup,19900.0,14,15,4,8,1,3,1,0,1,0.43,2,0.48,41.8,0.56,1,0.76,2,0.04,0,1,1,1,1,8,Proposal,Negotiation,12,0.79,1,Lost
DEAL-1486,Aegis Software,Logistics,Startup,22700.0,1,41,1,1,1,0,1,1,1,0.83,8,0.64,20.0,0.42,1,0.55,1,0.54,1,1,0,1,1,24,Evaluation,Demo,45,0.93,1,Lost
DEAL-1487,Acuity Networks,Education,SMB,27100.0,7,45,4,7,1,0,1,1,1,0.95,7,0.86,7.5,0.5,0,0.55,2,0.33,1,0,0,0,1,24,Negotiation,Evaluation,10,0.54,1,Progressed
DEAL-1488,Beacon Robotics,Education,Mid-Market,100800.0,11,19,1,7,3,0,1,0,1,0.57,7,0.19,25.8,0.32,1,0.89,4,0.18,1,0,0,1,0,0,Demo,Discovery,32,0.74,1,Lost
DEAL-1489,Atlas Energy,Education,Startup,18900.0,13,12,1,7,0,1,1,0,1,0.84,8,0.4,45.6,0.87,1,0.61,0,1.0,1,1,1,0,0,0,Evaluation,Demo,31,0.71,1,Progressed
DEAL-1490,Frontier FinCorp,Healthcare,Mid-Market,155800.0,5,4,2,5,1,2,1,1,0,0.1,3,0.38,43.5,0.23,1,0.32,1,0.12,0,1,1,1,0,0,Evaluation,Demo,39,0.9,1,Lost
DEAL-1491,Everline Retail,Logistics,Enterprise,329100.0,2,2,0,1,2,2,1,1,1,0.74,6,0.89,28.7,0.6,-1,0.55,3,0.89,0,0,1,1,1,13,Negotiation,Evaluation,26,0.26,1,Lost
DEAL-1492,Solstice Media,Manufacturing,Mid-Market,154900.0,2,22,2,2,0,0,1,0,0,0.05,5,0.3,33.5,0.37,1,0.91,2,0.05,0,0,0,0,0,0,Discovery,Lead,41,0.27,1,Lost
DEAL-1493,Aegis Software,Logistics,SMB,29000.0,9,2,1,1,2,0,1,1,1,0.63,5,0.71,4.1,0.41,1,0.87,3,0.13,0,0,0,1,1,6,Proposal,Negotiation,3,0.83,1,Progressed
DEAL-1494,Solstice Media,Education,SMB,30700.0,13,8,0,3,1,0,0,0,1,0.85,2,0.16,32.7,0.16,0,0.88,1,0.63,1,1,0,0,1,6,Discovery,Lead,13,0.71,0,Progressed
DEAL-1495,OmniCommerce,Technology,Startup,29400.0,4,13,0,0,0,0,1,1,1,0.81,8,0.63,4.2,0.29,0,0.77,0,1.0,0,0,0,0,1,13,Negotiation,Evaluation,22,0.69,1,Progressed
DEAL-1496,OmniCommerce,Education,Startup,13100.0,6,14,1,4,2,0,1,1,1,0.57,7,0.35,17.0,0.42,-1,0.61,5,0.28,0,1,0,1,1,28,Proposal,Negotiation,20,0.73,0,Lost
DEAL-1497,Aegis Software,Logistics,SMB,73900.0,11,5,2,7,2,1,1,1,1,0.82,6,0.51,1.0,0.72,0,0.49,3,0.55,1,0,1,1,1,30,Proposal,Negotiation,45,0.47,0,Lost
DEAL-1498,Kestrel Instruments,Education,Enterprise,212700.0,14,29,3,5,1,1,1,1,0,0.01,3,0.78,95.4,0.44,1,0.32,3,0.15,0,0,1,0,0,0,Demo,Discovery,49,0.52,1,Lost
DEAL-1499,Trident Tech,Education,Enterprise,246300.0,4,12,3,4,0,0,1,1,1,0.68,1,0.43,24.0,0.23,0,0.75,1,0.52,0,1,0,0,1,22,Negotiation,Evaluation,29,0.7,1,Progressed
DEAL-1500,Skyward Aerospace,Financial Services,SMB,31100.0,3,33,2,3,2,2,1,1,1,0.67,1,0.51,18.6,0.47,-1,0.94,2,0.92,1,1,1,1,0,0,Evaluation,Demo,53,0.76,0,Lost
DEAL-1501,Solstice Media,Education,Mid-Market,157100.0,4,45,4,4,0,0,1,1,1,0.67,1,0.4,36.3,0.83,0,0.79,0,1.0,1,1,0,1,0,0,Demo,Discovery,54,0.71,1,Progressed
DEAL-1502,Summit BioPharma,Education,Mid-Market,131200.0,6,3,3,4,1,3,1,0,0,0.19,9,0.27,18.7,0.36,0,0.58,4,0.82,1,0,1,1,0,0,Demo,Discovery,42,0.48,1,Lost
DEAL-1503,Pulse Dynamics,Education,SMB,60000.0,14,0,2,6,1,0,1,1,1,0.64,6,0.52,79.1,0.85,-1,0.55,1,0.76,0,0,0,1,0,0,Demo,Discovery,11,0.53,0,Progressed
DEAL-1504,Apex Cloud Systems,Manufacturing,Enterprise,148500.0,14,20,4,11,2,1,1,1,1,0.72,7,0.67,64.5,0.45,0,0.68,5,0.32,1,1,1,0,0,0,Evaluation,Demo,11,0.81,0,Lost
DEAL-1505,Cascade Security,Healthcare,Enterprise,174100.0,13,23,2,7,0,0,0,0,0,0.12,1,0.57,2.6,0.64,0,0.74,0,1.0,0,1,0,0,0,0,Discovery,Lead,28,0.66,1,Progressed
DEAL-1506,Beacon Robotics,Technology,Startup,30800.0,4,30,0,0,0,3,1,0,1,0.69,6,0.46,1.7,0.64,0,0.22,3,0.67,0,0,1,0,0,0,Demo,Discovery,50,0.82,1,Lost
DEAL-1507,Frontier FinCorp,Logistics,Startup,31800.0,9,10,3,6,1,2,1,0,1,0.76,5,0.6,8.6,0.54,-1,0.85,2,0.2,0,0,1,0,0,0,Demo,Discovery,36,0.81,1,Lost
DEAL-1508,BlueShift AI,Healthcare,Startup,9100.0,13,6,1,4,0,0,1,1,1,0.79,5,0.44,20.9,0.19,1,0.38,2,0.51,0,0,0,1,1,21,Proposal,Negotiation,49,0.91,1,Progressed
DEAL-1509,BlueShift AI,Financial Services,Mid-Market,152100.0,8,35,4,8,1,0,1,1,1,0.89,1,0.84,10.2,0.88,-1,0.44,4,0.1,1,1,0,1,0,0,Demo,Discovery,6,0.53,0,Progressed
DEAL-1510,Helix Diagnostics,Technology,SMB,26700.0,2,19,0,1,1,3,1,1,1,0.47,1,0.85,49.3,0.87,-1,0.21,1,0.87,0,1,1,1,1,14,Negotiation,Evaluation,58,0.31,0,Lost
DEAL-1511,Skyward Aerospace,Retail,Startup,21400.0,14,29,3,5,0,0,1,0,1,0.96,5,0.72,87.1,0.7,-1,0.83,2,0.23,0,1,0,1,1,28,Discovery,Lead,38,0.27,1,Lost
DEAL-1512,OmniCommerce,Retail,Mid-Market,131600.0,12,3,2,7,2,2,0,0,1,0.72,6,0.68,1.0,0.44,1,0.62,5,0.41,0,0,1,1,1,32,Discovery,Lead,40,0.49,1,Lost
DEAL-1513,Acuity Networks,Manufacturing,Enterprise,139900.0,5,8,2,4,1,1,1,1,1,0.5,1,0.42,1.0,0.86,1,0.31,5,0.85,1,1,1,1,1,33,Negotiation,Evaluation,30,0.5,1,Progressed
DEAL-1514,Cascade Security,Technology,SMB,37700.0,9,42,1,4,0,1,1,0,1,0.86,9,0.9,35.3,0.55,0,0.37,3,0.23,1,1,1,0,0,0,Evaluation,Demo,33,0.51,1,Lost
DEAL-1515,Cascade Security,Education,Startup,11900.0,2,44,1,1,0,0,1,1,1,0.46,4,0.17,27.6,0.17,-1,0.36,5,0.07,1,1,0,0,1,20,Negotiation,Evaluation,21,0.86,0,Lost
DEAL-1516,Frontier FinCorp,Healthcare,SMB,56000.0,8,40,4,4,2,1,1,1,1,0.55,8,0.84,120.0,0.45,1,0.8,4,0.95,1,1,1,1,1,6,Negotiation,Evaluation,4,0.56,1,Lost
DEAL-1517,Beacon Robotics,Technology,Startup,27600.0,12,40,0,7,0,3,1,1,1,0.67,6,0.4,13.3,0.75,0,0.37,0,1.0,1,1,1,0,1,33,Negotiation,Evaluation,49,0.55,0,Lost
DEAL-1518,Vanguard Supply,Logistics,SMB,65100.0,9,41,0,4,0,0,1,1,1,0.92,5,0.83,38.0,0.18,1,0.46,1,0.2,1,1,0,1,1,25,Proposal,Negotiation,9,0.33,0,Progressed
DEAL-1519,NexGen Health,Healthcare,SMB,59200.0,14,31,1,8,2,0,0,0,1,0.75,1,0.5,28.4,0.43,1,0.54,5,0.63,0,0,0,1,0,0,Discovery,Lead,8,0.77,0,Lost
DEAL-1520,Vanguard Supply,Logistics,SMB,45100.0,4,8,0,0,3,0,1,1,1,0.66,9,0.45,7.7,0.35,-1,0.96,4,0.12,0,0,0,1,0,0,Demo,Discovery,7,0.74,1,Lost
DEAL-1521,Cascade Security,Education,Startup,22200.0,5,37,4,4,0,0,1,1,0,0.14,4,0.3,72.3,0.52,0,0.37,4,0.15,1,1,0,0,0,0,Evaluation,Demo,58,0.38,1,Lost
DEAL-1522,Atlas Energy,Healthcare,Startup,28300.0,14,40,2,5,0,3,1,0,1,0.9,7,0.17,69.0,0.67,0,0.5,1,0.48,1,1,1,1,0,0,Evaluation,Demo,28,0.7,1,Lost
DEAL-1523,Trident Tech,Retail,Mid-Market,103300.0,1,26,0,0,1,0,1,1,0,0.12,8,0.67,13.1,0.91,0,0.44,2,0.86,0,1,0,1,0,0,Demo,Discovery,51,0.65,1,Lost
DEAL-1524,Skyward Aerospace,Financial Services,SMB,64300.0,3,30,2,2,0,0,1,1,1,0.44,5,0.9,7.7,0.82,1,0.6,2,0.57,1,1,0,0,1,17,Negotiation,Evaluation,23,0.48,1,Progressed
DEAL-1525,Skyward Aerospace,Logistics,Startup,24600.0,13,8,2,5,2,2,1,1,1,0.74,3,0.24,99.2,0.71,0,0.7,5,0.18,1,1,1,1,0,0,Evaluation,Demo,47,0.4,0,Lost
DEAL-1526,Vanguard Supply,Financial Services,Startup,11400.0,7,35,3,3,3,0,1,0,1,0.94,9,0.62,6.3,0.36,1,0.53,3,0.6,0,0,0,0,1,4,Discovery,Lead,14,0.45,0,Lost
DEAL-1527,BrightPath Logistics,Manufacturing,Startup,22500.0,3,6,3,3,2,0,1,0,0,0.29,5,0.38,5.8,0.34,-1,0.68,2,0.35,0,1,0,1,0,0,Discovery,Lead,59,0.67,1,Lost
DEAL-1528,BlueShift AI,Healthcare,SMB,25900.0,3,5,2,3,1,2,0,0,1,0.54,3,0.86,11.0,0.86,0,0.28,2,0.58,0,0,1,1,0,0,Discovery,Lead,8,0.43,1,Lost
DEAL-1529,Apex Cloud Systems,Logistics,Enterprise,315600.0,13,24,0,4,1,0,1,1,0,0.26,6,0.41,47.9,0.53,1,0.5,1,0.14,1,1,0,0,0,0,Demo,Discovery,58,0.58,1,Progressed
DEAL-1530,Vanguard Supply,Healthcare,Mid-Market,149800.0,7,38,3,3,3,0,1,1,0,0.21,1,0.46,4.9,0.42,0,0.22,3,0.09,0,1,0,1,1,11,Proposal,Negotiation,17,0.57,0,Lost
DEAL-1531,Atlas Energy,Logistics,SMB,51500.0,4,2,3,4,2,0,0,0,1,0.49,9,0.19,48.7,0.21,0,0.55,3,0.87,0,0,0,1,0,0,Discovery,Lead,50,0.47,1,Lost
DEAL-1532,Kestrel Instruments,Education,Enterprise,319400.0,12,11,2,9,2,0,1,0,0,0.29,2,0.2,44.7,0.23,-1,0.62,4,0.72,1,0,0,1,1,18,Negotiation,Evaluation,59,0.83,1,Lost
DEAL-1533,Zenith Textiles,Financial Services,SMB,27800.0,3,10,0,3,0,0,1,0,1,0.88,5,0.52,34.4,0.5,1,0.29,5,0.07,0,0,0,1,0,0,Demo,Discovery,56,0.43,1,Lost
DEAL-1534,Beacon Robotics,Logistics,SMB,51300.0,11,33,2,8,3,0,1,1,1,0.47,1,0.32,1.0,0.61,0,0.86,3,0.38,0,0,0,1,0,0,Evaluation,Demo,35,0.34,1,Lost
DEAL-1535,Kestrel Instruments,Education,Mid-Market,124900.0,5,25,1,2,0,3,0,0,0,0.15,8,0.72,60.9,0.44,-1,0.56,0,1.0,1,0,1,0,0,0,Discovery,Lead,59,0.56,1,Lost
DEAL-1536,Helix Diagnostics,Education,SMB,54900.0,6,32,4,6,0,0,1,0,0,0.09,9,0.28,15.8,0.91,-1,0.78,0,1.0,1,0,0,0,0,0,Discovery,Lead,57,0.67,1,Lost
DEAL-1537,Frontier FinCorp,Financial Services,SMB,43400.0,13,33,4,5,2,0,1,1,1,0.42,9,0.73,3.0,0.59,-1,0.98,3,0.66,1,0,0,1,1,6,Negotiation,Evaluation,50,0.36,1,Lost
DEAL-1538,Vanguard Supply,Retail,Startup,9200.0,1,8,0,1,0,1,1,1,1,0.49,9,0.6,13.5,0.91,-1,0.2,0,1.0,1,1,1,0,1,30,Proposal,Negotiation,14,0.3,1,Progressed
DEAL-1539,Solstice Media,Financial Services,Mid-Market,97200.0,8,16,4,8,2,0,1,0,1,0.82,9,0.7,5.4,0.77,-1,0.38,3,0.33,1,1,0,1,1,20,Evaluation,Demo,35,0.27,1,Lost
DEAL-1540,Vanguard Supply,Technology,Mid-Market,115500.0,14,14,1,8,0,1,1,1,1,0.64,7,0.49,20.9,0.41,-1,0.39,5,0.77,0,1,1,0,0,0,Demo,Discovery,8,0.71,0,Progressed
DEAL-1541,Frontier FinCorp,Technology,SMB,49300.0,8,25,4,7,0,0,1,1,1,0.5,3,0.63,7.5,0.61,-1,0.28,5,0.15,1,1,0,1,1,10,Negotiation,Evaluation,29,0.31,1,Progressed
DEAL-1542,Zenith Textiles,Retail,Startup,11600.0,14,23,2,3,0,0,1,0,0,0.17,1,0.64,14.6,0.78,-1,0.82,3,0.27,1,0,0,0,0,0,Discovery,Lead,12,0.91,1,Progressed
DEAL-1543,Vector Mobility,Manufacturing,Startup,29000.0,9,6,3,6,1,3,1,1,0,0.14,8,0.44,1.0,0.54,0,0.71,3,0.79,0,0,1,0,0,0,Evaluation,Demo,4,0.85,0,Lost
DEAL-1544,Cobalt Freight,Healthcare,Startup,10000.0,13,21,2,5,0,0,1,1,1,0.79,9,0.73,15.7,0.38,1,0.36,0,1.0,0,1,0,0,1,12,Negotiation,Evaluation,29,0.6,1,Progressed
DEAL-1545,Cobalt Freight,Logistics,Enterprise,300300.0,14,20,3,5,0,0,1,1,0,0.09,3,0.16,22.0,0.75,0,0.52,2,0.04,1,1,0,0,0,0,Evaluation,Demo,49,0.61,0,Progressed
DEAL-1546,Coastal Foods Ltd,Education,Startup,17700.0,6,39,2,4,1,1,1,0,1,0.69,4,0.27,47.2,0.67,1,0.78,3,0.43,0,1,1,1,0,0,Discovery,Lead,8,0.45,1,Lost
DEAL-1547,Coastal Foods Ltd,Manufacturing,SMB,45400.0,11,4,3,9,2,0,1,1,1,0.94,4,0.51,36.3,0.38,1,0.86,5,0.39,0,1,0,0,1,4,Negotiation,Evaluation,60,0.85,1,Progressed
DEAL-1548,Kestrel Instruments,Education,SMB,65700.0,9,26,0,4,2,1,1,0,1,0.52,9,0.38,2.7,0.24,-1,0.92,5,0.18,1,1,1,1,1,2,Proposal,Negotiation,44,0.54,0,Lost
DEAL-1549,Novus Capital,Logistics,SMB,57900.0,11,16,3,5,0,0,1,1,1,0.84,5,0.4,6.7,0.57,1,0.7,1,0.85,1,1,0,1,1,12,Negotiation,Evaluation,15,0.31,0,Progressed
DEAL-1550,Cobalt Freight,Manufacturing,Startup,28700.0,13,34,3,4,0,1,1,1,1,0.61,2,0.43,29.1,0.45,-1,0.63,0,1.0,0,1,1,0,1,31,Negotiation,Evaluation,44,0.44,1,Lost
DEAL-1551,Aegis Software,Logistics,SMB,42000.0,7,27,0,6,3,1,1,0,1,0.85,2,0.93,19.7,0.72,1,0.93,4,0.39,1,0,1,0,0,0,Demo,Discovery,12,0.83,1,Lost
DEAL-1552,Frontier FinCorp,Logistics,SMB,62500.0,1,20,1,1,0,1,1,0,1,0.84,3,0.53,10.4,0.58,1,0.77,4,0.79,0,1,1,0,1,4,Demo,Discovery,55,0.5,1,Progressed
DEAL-1553,Skyward Aerospace,Healthcare,Mid-Market,141600.0,3,17,2,3,0,0,0,0,1,0.83,7,0.17,1.0,0.91,0,0.34,1,0.36,0,0,0,1,0,0,Discovery,Lead,35,0.32,0,Lost
DEAL-1554,Kestrel Instruments,Technology,Startup,15500.0,14,35,4,5,0,0,1,1,1,0.93,5,0.23,3.4,0.46,-1,0.44,0,1.0,0,1,0,0,1,7,Proposal,Negotiation,38,0.9,1,Progressed
DEAL-1555,Coastal Foods Ltd,Retail,Mid-Market,100600.0,2,16,0,2,1,0,1,1,0,0.05,2,0.65,20.1,0.16,-1,0.77,5,0.99,1,1,0,1,1,13,Proposal,Negotiation,59,0.34,1,Progressed
DEAL-1556,Pulse Dynamics,Technology,SMB,55700.0,7,12,4,7,3,0,1,1,1,0.93,5,0.37,5.4,0.62,-1,0.75,4,0.0,1,1,0,1,0,0,Evaluation,Demo,10,0.44,1,Progressed
DEAL-1557,Atlas Energy,Technology,Enterprise,177200.0,12,2,1,4,0,0,0,0,0,0.29,5,0.92,4.4,0.59,1,0.36,5,0.41,0,0,0,0,0,0,Discovery,Lead,48,0.33,1,Progressed
DEAL-1558,Acuity Networks,Retail,Mid-Market,128000.0,8,42,1,3,1,1,1,1,1,0.9,4,0.54,29.4,0.88,0,0.24,3,0.06,1,0,1,0,0,0,Demo,Discovery,26,0.25,0,Lost
DEAL-1559,NexGen Health,Retail,Mid-Market,107300.0,13,33,0,7,0,2,1,1,0,0.21,5,0.82,1.0,0.89,0,0.33,1,0.78,1,1,1,1,0,0,Evaluation,Demo,21,0.41,1,Progressed
DEAL-1560,Cascade Security,Manufacturing,Mid-Market,87200.0,11,33,2,8,1,1,1,0,1,0.54,5,0.35,49.1,0.34,1,0.93,4,0.63,0,0,1,1,1,27,Discovery,Lead,6,0.88,1,Lost
DEAL-1561,Zenith Textiles,Retail,Startup,10900.0,5,27,2,5,1,0,1,0,1,0.89,6,0.23,30.0,0.51,-1,0.89,2,0.47,0,1,0,0,0,0,Evaluation,Demo,39,0.49,0,Lost
DEAL-1562,Acuity Networks,Education,Startup,20600.0,9,4,0,7,0,3,1,1,0,0.08,7,0.25,40.5,0.37,1,0.89,0,1.0,0,1,1,1,0,0,Demo,Discovery,16,0.91,1,Progressed
DEAL-1563,Aegis Software,Healthcare,Startup,26600.0,9,10,0,7,0,3,1,1,0,0.17,5,0.15,2.0,0.69,0,0.79,1,0.74,0,0,1,0,0,0,Demo,Discovery,52,0.66,1,Lost
DEAL-1564,Novus Capital,Healthcare,Startup,13600.0,3,18,3,3,0,0,1,1,1,0.82,6,0.65,40.8,0.83,0,0.85,5,0.83,1,0,0,0,1,27,Negotiation,Evaluation,16,0.57,0,Progressed
DEAL-1565,Aegis Software,Healthcare,Startup,12200.0,2,27,0,2,0,0,1,1,1,0.91,9,0.91,14.4,0.87,1,0.97,1,0.95,1,1,0,0,0,0,Demo,Discovery,19,0.91,0,Progressed
DEAL-1566,Novus Capital,Education,Mid-Market,62000.0,7,18,3,7,1,0,1,0,1,0.47,1,0.33,31.6,0.69,-1,0.64,5,0.05,1,1,0,0,1,35,Discovery,Lead,57,0.54,1,Progressed
DEAL-1567,Pulse Dynamics,Financial Services,SMB,42000.0,9,5,2,6,3,3,1,0,0,0.26,4,0.26,2.0,0.76,1,0.7,4,0.07,1,1,1,1,1,22,Evaluation,Demo,37,0.63,0,Lost
DEAL-1568,Aegis Software,Technology,Mid-Market,137500.0,12,1,0,1,2,3,1,1,1,0.74,2,0.7,37.4,0.52,-1,0.54,5,0.06,0,0,1,1,0,0,Evaluation,Demo,12,0.91,1,Lost
DEAL-1569,Vanguard Supply,Healthcare,Startup,29900.0,10,42,4,10,3,1,1,1,1,0.49,5,0.55,25.8,0.76,0,0.5,3,0.03,1,1,1,1,0,0,Evaluation,Demo,33,0.28,0,Lost
DEAL-1570,Novus Capital,Financial Services,SMB,32500.0,7,36,0,3,0,1,1,1,1,0.97,6,0.68,30.5,0.43,-1,0.81,0,1.0,1,1,1,0,1,30,Negotiation,Evaluation,11,0.53,1,Progressed
DEAL-1571,Kestrel Instruments,Technology,Mid-Market,137900.0,14,33,1,3,2,3,0,0,0,0.04,7,0.35,6.2,0.56,1,0.91,2,0.73,0,1,1,1,1,34,Discovery,Lead,5,0.8,0,Lost
DEAL-1572,OmniCommerce,Education,Startup,25500.0,7,17,1,3,0,0,1,0,1,0.57,3,0.57,27.4,0.65,1,0.77,1,0.24,1,0,0,1,0,0,Discovery,Lead,11,0.55,0,Progressed
DEAL-1573,Trident Tech,Education,SMB,48100.0,1,24,1,1,1,3,1,1,1,0.57,1,0.3,1.8,0.76,1,0.73,5,0.29,0,0,1,1,0,0,Demo,Discovery,24,0.5,0,Lost
DEAL-1574,Trident Tech,Financial Services,SMB,65700.0,9,1,1,2,2,1,1,1,1,0.5,5,0.42,31.2,0.9,0,0.68,5,0.04,1,0,1,1,1,13,Evaluation,Demo,17,0.77,1,Lost
DEAL-1575,Vanguard Supply,Financial Services,SMB,60400.0,7,14,1,2,1,0,1,0,1,0.67,2,0.59,32.6,0.62,-1,0.39,5,0.49,1,1,0,0,0,0,Discovery,Lead,8,0.32,0,Lost
DEAL-1576,BrightPath Logistics,Education,Mid-Market,110500.0,13,20,3,4,0,0,1,1,1,0.82,9,0.86,11.1,0.16,-1,0.36,0,1.0,1,1,0,1,1,34,Negotiation,Evaluation,34,0.27,1,Progressed
DEAL-1577,Pulse Dynamics,Logistics,SMB,48600.0,12,31,2,6,2,0,1,1,1,0.93,4,0.46,105.5,0.62,0,0.3,2,0.07,1,1,0,0,1,15,Proposal,Negotiation,9,0.29,0,Lost
DEAL-1578,Cascade Security,Retail,SMB,26300.0,3,26,1,2,2,0,1,1,1,0.44,8,0.37,31.0,0.41,-1,0.27,5,0.13,1,0,0,1,0,0,Demo,Discovery,15,0.94,1,Progressed
DEAL-1579,Pulse Dynamics,Retail,Enterprise,218600.0,13,2,4,5,3,0,0,0,1,0.41,1,0.91,16.0,0.82,-1,0.61,3,0.88,1,0,0,0,0,0,Discovery,Lead,49,0.4,1,Lost
DEAL-1580,Everline Retail,Healthcare,Mid-Market,85400.0,6,22,0,6,1,0,1,1,0,0.03,8,0.49,21.5,0.58,-1,0.68,2,0.75,1,0,0,1,1,13,Negotiation,Evaluation,34,0.98,0,Lost
DEAL-1581,Pulse Dynamics,Retail,Enterprise,329900.0,12,33,1,7,0,3,0,0,0,0.22,1,0.23,58.4,0.44,1,0.74,0,1.0,1,1,1,0,0,0,Discovery,Lead,15,0.7,0,Lost
DEAL-1582,Cobalt Freight,Manufacturing,SMB,33300.0,13,38,4,10,0,0,1,1,1,0.78,9,0.66,24.0,0.73,1,0.77,3,0.89,1,0,0,1,1,16,Proposal,Negotiation,38,0.75,0,Progressed
DEAL-1583,Atlas Energy,Technology,SMB,63600.0,5,36,4,5,0,1,1,0,1,0.88,5,0.77,31.7,0.75,0,0.52,0,1.0,1,0,1,0,0,0,Demo,Discovery,58,0.66,1,Progressed
DEAL-1584,Zenith Textiles,Logistics,SMB,62500.0,5,35,1,5,0,3,1,1,1,0.93,4,0.87,57.5,0.55,1,0.9,2,0.9,0,1,1,0,1,22,Proposal,Negotiation,16,0.81,0,Lost
DEAL-1585,Kestrel Instruments,Education,Mid-Market,100600.0,13,22,4,6,0,1,1,1,1,0.62,7,0.43,4.8,0.64,-1,0.21,3,0.67,1,1,1,0,1,22,Negotiation,Evaluation,44,0.61,1,Progressed
DEAL-1586,Aegis Software,Technology,SMB,34600.0,5,25,4,5,0,2,1,1,1,0.76,1,0.83,16.3,0.79,-1,0.57,0,1.0,0,0,1,1,1,33,Demo,Discovery,39,0.42,0,Lost
DEAL-1587,BrightPath Logistics,Logistics,Startup,24500.0,14,1,0,1,1,3,1,0,1,0.45,2,0.84,6.8,0.4,0,0.52,5,0.87,1,1,1,0,1,2,Negotiation,Evaluation,35,0.38,1,Lost
DEAL-1588,Cobalt Freight,Retail,SMB,44500.0,1,45,1,1,3,3,1,1,1,0.75,6,0.17,17.4,0.76,1,0.88,3,0.92,1,1,1,1,1,17,Negotiation,Evaluation,50,0.79,0,Lost
DEAL-1589,Cascade Security,Logistics,SMB,28400.0,4,12,1,4,0,0,1,1,1,0.58,3,0.31,10.7,0.86,0,0.28,0,1.0,1,1,0,0,0,0,Demo,Discovery,7,0.65,1,Progressed
DEAL-1590,Zenith Textiles,Retail,Startup,28300.0,4,32,2,3,0,0,1,1,1,0.62,4,0.32,11.9,0.21,1,0.63,4,0.73,1,1,0,0,1,3,Negotiation,Evaluation,33,0.48,1,Progressed
DEAL-1591,Everline Retail,Retail,SMB,74700.0,4,28,1,3,0,3,1,0,0,0.14,8,0.68,83.7,0.28,-1,0.26,5,0.88,0,0,1,0,0,0,Discovery,Lead,27,0.87,1,Lost
DEAL-1592,Acuity Networks,Healthcare,SMB,42000.0,14,31,4,11,1,0,1,1,1,0.91,9,0.34,9.4,0.24,1,0.34,2,0.03,1,1,0,1,0,0,Demo,Discovery,50,0.75,1,Lost
DEAL-1593,Acuity Networks,Retail,Mid-Market,159400.0,8,30,0,6,0,0,1,1,1,0.87,1,0.44,35.6,0.15,1,0.31,1,0.22,1,0,0,1,1,24,Negotiation,Evaluation,17,0.74,0,Lost
DEAL-1594,Solstice Media,Financial Services,Enterprise,335500.0,11,16,3,5,2,3,1,0,1,0.44,3,0.41,1.8,0.46,0,0.79,4,0.24,0,0,1,0,1,3,Discovery,Lead,35,0.96,1,Lost
DEAL-1595,Kestrel Instruments,Technology,Enterprise,279100.0,4,42,4,4,0,0,1,1,1,0.57,3,0.39,4.5,0.62,1,0.68,0,1.0,1,1,0,0,1,3,Proposal,Negotiation,47,0.66,1,Progressed
DEAL-1596,Cobalt Freight,Technology,SMB,34000.0,9,25,3,9,3,0,1,1,1,0.51,8,0.37,42.4,0.75,1,0.25,3,0.61,1,1,0,1,1,28,Negotiation,Evaluation,14,0.71,1,Lost
DEAL-1597,OmniCommerce,Education,Startup,30500.0,6,33,4,5,0,3,1,0,1,0.58,9,0.15,13.5,0.65,1,0.69,0,1.0,1,1,1,0,1,22,Negotiation,Evaluation,49,0.43,1,Lost
DEAL-1598,Atlas Energy,Technology,Startup,11400.0,5,34,1,5,1,2,1,1,1,0.63,7,0.31,29.4,0.42,1,0.43,5,0.68,1,1,1,1,0,0,Evaluation,Demo,56,0.72,1,Lost
DEAL-1599,Atlas Energy,Technology,SMB,33200.0,2,43,2,2,1,0,1,1,1,0.94,3,0.88,4.4,0.41,-1,0.96,4,0.87,0,1,0,1,0,0,Demo,Discovery,36,0.38,1,Progressed
DEAL-1600,Cascade Security,Technology,SMB,44600.0,6,1,3,6,1,0,1,1,1,0.41,6,0.75,15.4,0.75,0,0.84,1,0.63,1,1,0,1,1,8,Evaluation,Demo,26,0.42,1,Progressed
DEAL-1601,Veritas Analytics,Retail,Startup,13400.0,14,45,2,5,0,2,1,0,1,0.52,5,0.22,44.6,0.38,-1,0.45,0,1.0,1,0,1,1,1,7,Evaluation,Demo,52,0.49,0,Lost
DEAL-1602,Acuity Networks,Retail,Enterprise,130500.0,10,17,1,2,0,2,1,1,0,0.11,8,0.46,48.6,0.56,-1,0.74,4,0.61,0,0,1,0,1,26,Evaluation,Demo,51,0.64,0,Lost
DEAL-1603,Apex Cloud Systems,Manufacturing,SMB,70600.0,13,27,3,3,2,2,1,1,1,0.86,8,0.58,5.5,0.37,-1,0.31,4,0.98,1,1,1,1,1,21,Evaluation,Demo,57,0.77,1,Lost
DEAL-1604,Synthetix Labs,Financial Services,SMB,50100.0,5,39,0,0,0,0,1,0,1,0.4,1,0.18,1.4,0.77,0,0.7,1,0.96,1,1,0,1,1,21,Negotiation,Evaluation,23,0.68,1,Progressed
DEAL-1605,BrightPath Logistics,Healthcare,Startup,17200.0,1,33,0,1,1,2,1,0,0,0.26,9,0.64,18.2,0.45,1,0.98,3,0.42,1,0,1,1,1,9,Proposal,Negotiation,49,0.61,1,Lost
DEAL-1606,Cascade Security,Logistics,Mid-Market,151900.0,5,13,0,4,0,1,1,1,1,0.87,2,0.74,65.2,0.3,-1,0.3,5,0.63,0,0,1,0,0,0,Demo,Discovery,53,0.7,0,Lost
DEAL-1607,NexGen Health,Healthcare,Mid-Market,106300.0,1,34,0,1,2,0,1,1,1,0.5,3,0.87,9.1,0.52,0,0.4,4,0.48,1,1,0,1,1,6,Negotiation,Evaluation,35,0.97,1,Progressed
DEAL-1608,Aegis Software,Education,Mid-Market,105400.0,11,35,1,2,1,1,1,1,0,0.13,2,0.67,3.9,0.29,0,0.74,5,0.93,1,1,1,1,1,12,Negotiation,Evaluation,5,0.4,0,Lost
DEAL-1609,Atlas Energy,Financial Services,Startup,19100.0,3,6,3,3,1,2,1,1,1,0.54,3,0.41,103.6,0.43,-1,0.82,4,0.32,1,1,1,1,1,32,Proposal,Negotiation,6,0.88,0,Lost
DEAL-1610,Kestrel Instruments,Retail,SMB,72100.0,10,21,2,6,1,0,1,1,1,0.81,2,0.29,48.6,0.49,1,0.54,1,0.07,1,1,0,1,1,32,Proposal,Negotiation,53,0.39,1,Progressed
DEAL-1611,Summit BioPharma,Retail,Mid-Market,141800.0,3,37,1,2,0,2,1,1,1,0.46,6,0.47,14.6,0.76,-1,0.63,0,1.0,1,1,1,1,0,0,Demo,Discovery,3,0.38,1,Lost
DEAL-1612,Atlas Energy,Retail,SMB,35500.0,12,45,2,7,0,0,1,1,1,0.44,1,0.31,26.4,0.36,0,0.38,0,1.0,0,1,0,0,0,0,Demo,Discovery,17,0.54,1,Progressed
DEAL-1613,Vector Mobility,Technology,Startup,12000.0,10,10,4,9,0,1,0,0,1,0.78,9,0.3,3.6,0.62,-1,0.91,3,0.21,1,0,1,0,0,0,Discovery,Lead,7,0.68,1,Progressed
DEAL-1614,Everline Retail,Healthcare,Startup,31400.0,12,29,3,10,0,3,1,0,1,0.79,2,0.24,26.9,0.46,-1,0.91,4,0.45,1,0,1,0,0,0,Demo,Discovery,5,0.28,1,Lost
DEAL-1615,Novus Capital,Logistics,Startup,15900.0,4,27,3,4,0,1,1,0,1,0.79,5,0.77,84.1,0.23,0,0.34,0,1.0,1,1,1,0,0,0,Demo,Discovery,36,0.32,0,Lost
DEAL-1616,Veritas Analytics,Manufacturing,SMB,25900.0,14,37,1,6,3,1,1,1,1,0.87,1,0.79,14.1,0.32,1,0.64,5,0.82,1,0,1,1,0,0,Evaluation,Demo,48,0.51,0,Lost
DEAL-1617,Frontier FinCorp,Retail,SMB,71200.0,4,1,2,2,0,1,1,0,1,0.43,2,0.44,48.6,0.27,-1,0.63,1,0.44,0,1,1,0,0,0,Demo,Discovery,3,0.46,0,Lost
DEAL-1618,Trident Tech,Financial Services,Mid-Market,150100.0,6,20,2,6,3,2,1,1,1,0.4,5,0.18,43.7,0.2,-1,0.68,3,0.56,0,1,1,1,0,0,Demo,Discovery,54,0.92,1,Lost
DEAL-1619,Skyward Aerospace,Education,Enterprise,205600.0,7,11,1,5,0,0,1,0,1,0.55,7,0.15,69.4,0.18,-1,0.8,4,0.04,1,1,0,0,1,7,Negotiation,Evaluation,55,0.84,1,Progressed
DEAL-1620,Vanguard Supply,Education,Enterprise,232500.0,7,33,0,0,0,0,1,1,1,0.66,3,0.62,23.1,0.82,-1,0.96,3,0.2,1,0,0,0,1,6,Proposal,Negotiation,8,0.77,1,Progressed
DEAL-1621,Synthetix Labs,Education,SMB,73500.0,5,31,2,3,2,0,1,0,0,0.13,6,0.58,48.8,0.56,0,0.55,4,0.5,1,1,0,1,1,13,Negotiation,Evaluation,13,0.77,1,Lost
DEAL-1622,NexGen Health,Education,Mid-Market,153900.0,5,27,3,5,3,3,1,1,0,0.07,3,0.71,64.1,0.52,-1,0.24,3,0.1,0,1,1,1,0,0,Demo,Discovery,7,0.45,1,Lost
DEAL-1623,Skyward Aerospace,Retail,Startup,14800.0,1,41,1,1,0,1,1,1,1,0.84,5,0.61,28.1,0.39,1,0.98,1,0.26,1,1,1,1,1,26,Proposal,Negotiation,51,0.3,1,Lost
DEAL-1624,Cascade Security,Retail,Mid-Market,124800.0,4,29,4,4,0,0,1,0,1,0.83,2,0.48,25.8,0.44,-1,0.32,0,1.0,0,0,0,0,0,0,Discovery,Lead,54,0.61,0,Lost
DEAL-1625,Novus Capital,Logistics,Enterprise,274000.0,10,18,4,5,0,3,1,1,0,0.25,5,0.28,12.0,0.48,1,0.31,0,1.0,1,0,1,1,1,2,Proposal,Negotiation,30,0.41,1,Lost
DEAL-1626,Skyward Aerospace,Logistics,SMB,67500.0,9,5,1,6,2,0,1,1,1,0.98,8,0.87,25.7,0.84,-1,0.96,5,0.93,1,1,0,1,1,26,Proposal,Negotiation,38,0.96,1,Progressed
DEAL-1627,Trident Tech,Financial Services,Startup,28500.0,8,22,4,7,1,1,1,1,1,0.94,9,0.29,120.0,0.78,0,0.62,2,0.67,1,0,1,1,1,6,Proposal,Negotiation,30,0.56,1,Lost
DEAL-1628,Skyward Aerospace,Technology,Enterprise,237500.0,8,43,4,8,0,1,1,1,1,0.69,8,0.73,36.6,0.45,1,0.93,5,0.27,1,0,1,1,1,28,Demo,Discovery,40,0.6,0,Lost
DEAL-1629,Acuity Networks,Technology,SMB,52600.0,4,11,3,4,2,2,1,0,1,0.61,8,0.61,20.1,0.81,1,0.72,2,0.05,1,1,1,1,1,16,Proposal,Negotiation,37,0.54,1,Lost
DEAL-1630,Veritas Analytics,Retail,Startup,20200.0,5,9,0,3,0,1,1,0,0,0.29,6,0.61,12.4,0.34,1,0.52,1,0.5,0,0,1,1,0,0,Discovery,Lead,11,0.65,0,Lost
DEAL-1631,Acuity Networks,Healthcare,Enterprise,210900.0,3,33,3,3,1,3,1,1,0,0.09,4,0.95,9.5,0.24,1,0.39,4,1.0,1,0,1,1,1,1,Negotiation,Evaluation,3,0.74,0,Lost
DEAL-1632,Pulse Dynamics,Technology,Enterprise,193900.0,9,6,3,8,0,2,0,0,1,0.56,5,0.55,34.5,0.35,1,0.28,0,1.0,0,1,1,0,0,0,Discovery,Lead,60,0.49,1,Lost
DEAL-1633,Prime Packaging,Logistics,Startup,21900.0,12,16,4,4,0,3,1,1,1,0.9,8,0.82,38.4,0.26,0,0.26,4,0.79,0,0,1,0,1,35,Proposal,Negotiation,36,0.45,1,Lost
DEAL-1634,Pulse Dynamics,Logistics,Enterprise,211000.0,10,35,3,7,0,3,1,1,1,0.9,6,0.42,3.1,0.35,0,0.83,0,1.0,1,1,1,1,1,16,Proposal,Negotiation,26,0.29,1,Progressed
DEAL-1635,BlueShift AI,Logistics,Startup,11100.0,8,5,3,3,0,0,1,1,1,0.72,7,0.32,18.9,0.39,0,0.96,0,1.0,0,0,0,0,0,0,Demo,Discovery,55,0.73,1,Progressed
DEAL-1636,Atlas Energy,Manufacturing,Mid-Market,89900.0,10,16,1,1,0,2,1,1,0,0.26,9,0.64,28.5,0.48,0,0.24,2,0.01,1,1,1,0,0,0,Evaluation,Demo,60,0.83,0,Lost
DEAL-1637,Cobalt Freight,Education,Enterprise,296600.0,4,12,4,4,2,0,0,0,1,0.61,7,0.85,11.8,0.75,1,0.34,5,0.05,0,1,0,0,0,0,Discovery,Lead,29,0.56,1,Lost
DEAL-1638,NexGen Health,Education,Startup,12700.0,5,11,3,5,0,3,1,1,0,0.09,2,0.46,11.2,0.23,-1,0.42,0,1.0,1,1,1,0,1,4,Negotiation,Evaluation,46,0.98,0,Lost
DEAL-1639,Beacon Robotics,Technology,Startup,23900.0,7,30,3,5,1,3,1,0,1,0.91,6,0.51,6.2,0.75,-1,0.93,1,0.79,1,0,1,1,1,4,Demo,Discovery,57,0.45,0,Lost
DEAL-1640,Vanguard Supply,Healthcare,Mid-Market,148400.0,6,14,3,5,1,0,1,1,1,0.43,9,0.43,26.5,0.78,-1,0.49,4,0.31,1,1,0,1,1,17,Proposal,Negotiation,48,0.45,1,Progressed
DEAL-1641,Aegis Software,Manufacturing,Startup,26200.0,7,16,2,7,2,2,1,1,1,0.9,2,0.24,23.2,0.88,-1,0.93,2,0.61,1,1,1,1,0,0,Evaluation,Demo,43,0.98,1,Lost
DEAL-1642,Aegis Software,Retail,Mid-Market,84300.0,5,41,1,4,0,2,1,0,1,0.71,3,0.81,47.8,0.84,0,0.76,0,1.0,1,1,1,0,1,13,Demo,Discovery,3,0.73,0,Lost
DEAL-1643,Veritas Analytics,Education,Enterprise,194700.0,9,32,1,5,0,0,1,0,1,0.91,1,0.18,17.6,0.86,1,0.81,4,0.72,1,1,0,1,1,23,Proposal,Negotiation,59,0.8,1,Progressed
DEAL-1644,Vanguard Supply,Manufacturing,SMB,58500.0,6,16,2,5,0,0,1,0,1,0.91,2,0.53,10.0,0.63,0,0.75,0,1.0,0,0,0,0,0,0,Discovery,Lead,54,0.66,1,Progressed
DEAL-1645,Vector Mobility,Financial Services,Mid-Market,140400.0,10,37,3,5,0,3,1,1,1,0.68,3,0.82,11.5,0.23,0,0.73,1,0.81,1,1,1,1,1,12,Proposal,Negotiation,5,0.44,0,Progressed
DEAL-1646,Summit BioPharma,Education,SMB,36300.0,8,10,4,7,0,1,1,1,0,0.19,9,0.55,18.3,0.45,-1,0.94,1,0.71,0,0,1,1,0,0,Demo,Discovery,38,0.67,0,Lost
DEAL-1647,Zenith Textiles,Technology,Startup,22100.0,8,27,3,4,0,0,0,0,1,0.75,9,0.89,22.5,0.67,1,0.5,0,1.0,0,0,0,0,1,19,Discovery,Lead,60,0.26,1,Progressed
DEAL-1648,Helix Diagnostics,Healthcare,Mid-Market,68500.0,9,3,3,7,0,0,1,1,1,0.77,4,0.4,30.4,0.46,1,0.45,0,1.0,1,1,0,0,1,26,Negotiation,Evaluation,52,0.75,1,Progressed
DEAL-1649,Zenith Textiles,Manufacturing,Mid-Market,87900.0,6,37,3,6,1,3,0,0,1,0.65,7,0.49,74.7,0.22,-1,0.91,2,0.87,1,1,1,0,1,35,Discovery,Lead,23,0.54,0,Lost
DEAL-1650,BlueShift AI,Financial Services,Mid-Market,151600.0,5,39,3,3,3,1,1,0,1,0.84,7,0.49,62.8,0.31,1,0.31,4,0.16,1,1,1,1,1,34,Proposal,Negotiation,41,0.65,1,Lost
DEAL-1651,Atlas Energy,Technology,SMB,74800.0,11,41,3,4,0,0,1,1,1,0.5,8,0.83,1.5,0.59,0,0.22,1,0.94,1,1,0,0,1,34,Evaluation,Demo,3,0.69,1,Progressed
DEAL-1652,Synthetix Labs,Education,Startup,8400.0,2,35,0,2,0,0,1,1,1,0.61,9,0.4,2.6,0.89,0,0.58,0,1.0,1,0,0,0,1,10,Evaluation,Demo,10,0.47,0,Progressed
DEAL-1653,Veritas Analytics,Logistics,SMB,72000.0,7,17,1,3,2,1,1,1,1,0.66,5,0.73,16.0,0.43,-1,0.28,5,0.37,0,1,1,1,0,0,Demo,Discovery,40,0.66,1,Lost
DEAL-1654,Frontier FinCorp,Retail,Mid-Market,131000.0,1,3,0,1,0,3,1,1,0,0.29,8,0.29,8.8,0.79,0,0.86,1,0.92,1,0,1,0,0,0,Demo,Discovery,47,0.6,1,Lost
DEAL-1655,Synthetix Labs,Financial Services,Startup,26600.0,12,28,1,2,0,0,1,0,1,0.71,6,0.15,39.0,0.2,0,0.94,0,1.0,0,0,0,0,0,0,Demo,Discovery,28,0.72,1,Lost
DEAL-1656,Synthetix Labs,Logistics,Startup,13000.0,2,2,2,2,0,0,1,1,1,0.88,3,0.31,22.6,0.18,-1,0.83,5,0.0,1,1,0,1,1,20,Demo,Discovery,54,0.69,1,Progressed
DEAL-1657,Solstice Media,Logistics,SMB,65500.0,3,36,3,3,0,3,1,1,1,0.64,3,0.63,30.2,0.36,0,0.8,5,0.96,1,1,1,0,1,20,Proposal,Negotiation,37,0.56,1,Lost
DEAL-1658,BrightPath Logistics,Healthcare,Enterprise,286800.0,2,2,1,2,2,0,0,0,1,0.75,4,0.7,3.1,0.2,0,0.37,5,0.44,1,0,0,1,0,0,Discovery,Lead,11,0.9,1,Lost
DEAL-1659,BlueShift AI,Education,SMB,52300.0,1,27,1,1,1,3,1,0,1,0.55,5,0.89,4.8,0.54,1,0.44,1,0.92,1,1,1,1,1,22,Proposal,Negotiation,37,0.38,0,Lost
DEAL-1660,Cobalt Freight,Education,SMB,38800.0,1,25,1,1,1,0,1,1,1,0.63,4,0.6,17.9,0.71,-1,0.66,2,0.11,1,1,0,1,1,7,Proposal,Negotiation,23,0.65,1,Progressed
DEAL-1661,Everline Retail,Technology,Enterprise,226400.0,9,24,0,0,2,0,1,1,1,0.66,7,0.19,29.6,0.69,-1,0.69,4,0.92,1,0,0,1,0,0,Demo,Discovery,23,0.55,1,Lost
DEAL-1662,BrightPath Logistics,Logistics,Startup,19800.0,6,36,2,6,2,2,0,0,1,0.87,1,0.21,7.1,0.24,-1,0.87,2,0.69,1,1,1,0,1,32,Discovery,Lead,2,0.94,0,Lost
DEAL-1663,Cobalt Freight,Logistics,Startup,11500.0,10,35,0,5,2,3,1,1,0,0.23,2,0.19,79.1,0.91,0,0.95,2,0.01,0,0,1,0,1,19,Proposal,Negotiation,45,0.71,0,Lost
DEAL-1664,Beacon Robotics,Manufacturing,Mid-Market,151000.0,4,41,2,4,0,0,1,0,1,0.6,4,0.88,19.2,0.68,0,0.31,0,1.0,1,1,0,0,1,2,Proposal,Negotiation,59,0.52,1,Progressed
DEAL-1665,Acuity Networks,Education,SMB,28700.0,7,45,3,7,1,2,1,1,1,0.98,9,0.36,1.1,0.67,1,0.89,1,0.31,1,0,1,1,1,11,Evaluation,Demo,4,0.41,0,Lost
DEAL-1666,Zenith Textiles,Healthcare,Startup,17400.0,1,4,1,1,1,0,1,1,1,0.51,2,0.52,22.1,0.35,1,0.25,4,0.22,0,1,0,1,1,27,Negotiation,Evaluation,22,0.39,1,Progressed
DEAL-1667,Coastal Foods Ltd,Manufacturing,Startup,25200.0,9,35,3,7,2,2,1,0,1,0.45,7,0.51,41.0,0.76,1,0.92,5,0.96,0,1,1,1,1,35,Demo,Discovery,2,0.46,1,Lost
DEAL-1668,Vector Mobility,Financial Services,Enterprise,140200.0,10,37,3,7,0,1,1,0,1,0.54,3,0.79,5.7,0.83,-1,0.56,1,0.26,1,0,1,1,0,0,Demo,Discovery,27,0.51,1,Lost
DEAL-1669,Synthetix Labs,Healthcare,Startup,28300.0,1,11,0,1,0,2,1,1,1,0.78,2,0.43,22.7,0.85,-1,0.61,5,0.69,0,0,1,0,0,0,Demo,Discovery,8,0.92,0,Progressed
DEAL-1670,Beacon Robotics,Technology,Mid-Market,148100.0,10,29,3,5,3,0,1,0,0,0.02,6,0.88,55.3,0.52,1,0.67,4,0.61,1,0,0,0,0,0,Discovery,Lead,26,0.41,1,Lost
DEAL-1671,Vector Mobility,Technology,Mid-Market,159500.0,3,10,3,3,0,0,0,0,0,0.09,3,0.65,10.5,0.8,-1,0.31,0,1.0,0,1,0,1,1,34,Discovery,Lead,5,0.95,1,Progressed
DEAL-1672,BrightPath Logistics,Retail,Enterprise,340000.0,10,38,1,1,0,0,1,1,0,0.01,4,0.93,7.7,0.36,1,0.74,1,0.72,1,0,0,1,0,0,Demo,Discovery,49,0.41,1,Lost
DEAL-1673,Coastal Foods Ltd,Education,Mid-Market,110300.0,7,21,0,6,0,0,1,0,1,0.88,6,0.72,41.5,0.61,0,0.56,4,0.61,1,1,0,1,1,6,Evaluation,Demo,27,0.51,1,Progressed
DEAL-1674,Synthetix Labs,Logistics,Enterprise,137000.0,5,24,4,4,3,0,1,1,1,0.47,1,0.36,2.4,0.8,1,0.62,4,0.39,0,1,0,1,0,0,Demo,Discovery,39,0.45,0,Lost
DEAL-1675,Coastal Foods Ltd,Manufacturing,SMB,69200.0,14,26,3,10,1,0,0,0,1,0.49,9,0.79,23.5,0.43,-1,0.44,2,0.66,0,1,0,1,0,0,Discovery,Lead,26,0.46,0,Progressed
DEAL-1676,Pulse Dynamics,Financial Services,SMB,25400.0,11,38,3,5,1,2,1,0,0,0.26,2,0.22,4.4,0.9,0,0.37,1,0.94,0,1,1,1,1,3,Negotiation,Evaluation,14,0.55,1,Lost
DEAL-1677,Prime Packaging,Financial Services,Enterprise,262100.0,12,39,3,5,2,1,1,1,1,0.45,7,0.36,32.0,0.3,0,0.83,5,0.95,1,1,1,1,0,0,Demo,Discovery,48,0.91,0,Lost
DEAL-1678,Summit BioPharma,Education,Startup,26600.0,2,5,2,2,1,0,1,1,1,0.82,6,0.84,2.4,0.75,0,0.91,2,0.33,1,1,0,1,1,18,Proposal,Negotiation,33,0.67,1,Progressed
DEAL-1679,Helix Diagnostics,Manufacturing,Enterprise,202900.0,4,27,2,4,0,0,1,1,0,0.22,9,0.46,1.0,0.77,0,0.36,0,1.0,1,1,0,1,1,22,Negotiation,Evaluation,56,0.46,1,Progressed
DEAL-1680,Veritas Analytics,Manufacturing,SMB,65700.0,3,25,1,3,0,0,1,1,0,0.03,4,0.16,19.0,0.82,0,0.31,5,0.27,1,1,0,1,0,0,Evaluation,Demo,38,0.52,1,Progressed
DEAL-1681,Pulse Dynamics,Education,Enterprise,336400.0,14,7,2,7,0,0,1,1,0,0.17,4,0.68,6.3,0.5,-1,0.95,0,1.0,1,1,0,1,1,10,Evaluation,Demo,15,0.75,1,Progressed
DEAL-1682,BrightPath Logistics,Manufacturing,Mid-Market,104700.0,9,17,2,4,3,0,1,1,1,0.83,3,0.5,16.5,0.85,0,0.4,5,0.05,1,0,0,1,1,2,Demo,Discovery,25,0.87,1,Lost
DEAL-1683,Acuity Networks,Education,SMB,62100.0,3,14,3,3,0,2,1,1,1,0.59,4,0.31,105.7,0.15,0,0.91,0,1.0,1,1,1,0,1,34,Negotiation,Evaluation,10,0.73,1,Progressed
DEAL-1684,Coastal Foods Ltd,Technology,Startup,12100.0,14,43,1,3,0,3,0,0,1,0.89,4,0.25,12.4,0.17,0,0.38,0,1.0,1,1,1,0,0,0,Discovery,Lead,21,0.67,0,Lost
DEAL-1685,Everline Retail,Healthcare,SMB,42300.0,12,9,4,10,1,0,1,1,1,0.51,8,0.78,13.4,0.41,1,0.49,5,0.91,0,1,0,1,0,0,Demo,Discovery,60,0.71,1,Progressed
DEAL-1686,Cascade Security,Financial Services,Mid-Market,60100.0,6,30,1,6,0,0,1,0,0,0.03,6,0.93,113.7,0.51,-1,0.91,3,0.51,1,1,0,1,1,13,Evaluation,Demo,16,0.66,1,Lost
DEAL-1687,Everline Retail,Technology,SMB,32800.0,2,22,2,2,2,0,1,1,1,0.77,3,0.71,3.3,0.89,0,0.72,3,0.53,0,0,0,1,0,0,Demo,Discovery,59,0.87,0,Lost
DEAL-1688,Summit BioPharma,Logistics,Enterprise,152600.0,3,45,0,0,2,0,1,1,0,0.17,3,0.72,20.7,0.66,1,0.69,5,0.41,1,1,0,1,1,14,Proposal,Negotiation,20,0.39,1,Lost
DEAL-1689,Coastal Foods Ltd,Retail,Startup,32200.0,13,30,1,2,2,2,0,0,1,0.86,5,0.23,7.7,0.33,0,0.72,4,0.77,0,1,1,1,0,0,Discovery,Lead,36,0.42,1,Lost
DEAL-1690,Cascade Security,Education,SMB,45000.0,10,30,2,8,0,1,1,0,1,0.43,6,0.35,10.5,0.21,-1,0.93,2,0.43,0,1,1,1,0,0,Discovery,Lead,22,0.74,0,Lost
DEAL-1691,Atlas Energy,Logistics,Startup,27500.0,10,13,4,9,0,3,1,1,1,0.43,1,0.8,1.7,0.16,-1,0.54,0,1.0,1,1,1,0,1,5,Negotiation,Evaluation,37,0.37,1,Lost
DEAL-1692,Atlas Energy,Healthcare,Mid-Market,103000.0,10,25,3,10,0,0,1,1,1,0.53,3,0.49,38.7,0.84,-1,0.26,1,0.44,1,1,0,0,1,34,Negotiation,Evaluation,4,0.7,1,Progressed
DEAL-1693,Prime Packaging,Logistics,SMB,42600.0,14,40,1,5,0,0,1,1,1,0.62,5,0.3,6.4,0.88,1,0.77,2,0.23,0,1,0,0,0,0,Demo,Discovery,9,0.68,0,Progressed
DEAL-1694,Kestrel Instruments,Retail,SMB,39100.0,11,29,2,9,3,1,0,0,1,0.67,5,0.4,25.3,0.66,0,0.59,3,0.92,0,0,1,1,0,0,Discovery,Lead,47,0.47,1,Lost
DEAL-1695,Vanguard Supply,Education,SMB,26200.0,4,22,2,3,2,1,1,0,1,0.97,7,0.64,18.3,0.89,0,0.26,4,0.14,0,0,1,0,1,8,Negotiation,Evaluation,14,0.9,0,Lost
DEAL-1696,NexGen Health,Retail,SMB,35300.0,5,15,0,2,1,2,1,1,1,0.72,6,0.64,26.6,0.42,0,0.52,2,0.75,1,0,1,1,1,8,Proposal,Negotiation,20,0.57,1,Lost
DEAL-1697,Veritas Analytics,Financial Services,Startup,24400.0,14,45,2,6,0,3,1,1,1,0.56,7,0.36,120.0,0.55,1,0.85,1,0.22,1,1,1,0,1,14,Proposal,Negotiation,30,0.77,1,Lost
DEAL-1698,Skyward Aerospace,Education,SMB,63500.0,9,37,2,3,2,0,1,0,1,0.73,3,0.2,31.5,0.28,0,0.79,2,0.35,1,0,0,1,1,9,Demo,Discovery,12,0.6,1,Lost
DEAL-1699,Apex Cloud Systems,Technology,Startup,9200.0,5,36,3,5,1,0,1,0,1,0.73,1,0.26,15.0,0.72,0,0.28,1,0.33,1,1,0,1,1,22,Negotiation,Evaluation,6,0.83,1,Progressed
DEAL-1700,Helix Diagnostics,Logistics,Mid-Market,156400.0,9,27,0,3,0,0,1,0,1,0.51,6,0.47,75.9,0.32,-1,0.37,2,0.89,0,1,0,0,0,0,Discovery,Lead,18,0.65,0,Lost
DEAL-1701,Vector Mobility,Healthcare,Startup,20400.0,3,16,3,3,0,3,0,0,1,0.81,7,0.55,4.6,0.68,1,0.51,0,1.0,0,1,1,0,1,25,Discovery,Lead,3,0.86,1,Lost
DEAL-1702,Coastal Foods Ltd,Healthcare,Enterprise,270400.0,11,42,3,10,0,3,1,1,0,0.01,4,0.82,18.4,0.2,-1,0.62,2,0.16,1,1,1,0,0,0,Evaluation,Demo,6,0.84,0,Lost
DEAL-1703,Vector Mobility,Education,Enterprise,156700.0,4,8,4,4,0,0,1,0,0,0.04,7,0.61,2.4,0.23,-1,0.88,1,0.25,1,1,0,0,1,30,Proposal,Negotiation,52,0.42,1,Progressed
DEAL-1704,Synthetix Labs,Technology,SMB,46300.0,13,30,4,9,1,0,1,1,0,0.11,1,0.21,10.2,0.85,-1,0.77,2,0.17,1,1,0,0,0,0,Evaluation,Demo,17,0.66,1,Progressed
DEAL-1705,Kestrel Instruments,Financial Services,Mid-Market,139700.0,13,1,0,7,3,2,1,1,0,0.02,6,0.2,26.2,0.78,1,0.52,5,0.73,1,1,1,1,0,0,Demo,Discovery,12,0.87,0,Lost
DEAL-1706,Kestrel Instruments,Education,Mid-Market,146200.0,5,3,3,5,0,0,1,1,1,0.49,8,0.65,4.0,0.41,-1,0.34,0,1.0,1,0,0,0,1,10,Proposal,Negotiation,16,0.48,1,Progressed
DEAL-1707,Prime Packaging,Healthcare,Mid-Market,105100.0,13,4,1,2,0,1,1,0,0,0.16,9,0.18,117.4,0.69,1,0.63,5,0.67,0,0,1,1,0,0,Demo,Discovery,7,0.85,0,Lost
DEAL-1708,Helix Diagnostics,Healthcare,SMB,42600.0,10,39,4,8,2,1,1,1,1,0.92,2,0.55,44.3,0.28,-1,0.91,5,0.25,0,0,1,1,0,0,Evaluation,Demo,13,0.95,0,Lost
DEAL-1709,Kestrel Instruments,Manufacturing,SMB,57300.0,14,12,1,1,2,0,1,0,1,0.57,8,0.85,17.7,0.79,0,0.59,4,0.01,1,0,0,1,1,33,Proposal,Negotiation,54,0.63,1,Lost
DEAL-1710,BrightPath Logistics,Financial Services,Mid-Market,91300.0,13,43,3,10,1,0,1,1,0,0.13,4,0.28,33.8,0.83,1,0.45,1,0.92,1,0,0,0,1,23,Evaluation,Demo,41,0.42,1,Lost
DEAL-1711,Apex Cloud Systems,Education,Mid-Market,62800.0,6,36,1,2,3,0,1,0,0,0.26,7,0.32,3.3,0.27,0,0.45,4,0.23,1,1,0,1,1,12,Proposal,Negotiation,20,0.74,1,Lost
DEAL-1712,Novus Capital,Manufacturing,Mid-Market,155400.0,1,27,1,1,0,0,1,1,1,0.77,9,0.42,29.6,0.3,1,0.28,0,1.0,1,1,0,1,0,0,Evaluation,Demo,44,0.73,1,Progressed
DEAL-1713,BrightPath Logistics,Healthcare,Enterprise,141700.0,14,11,0,5,0,3,1,1,1,0.81,9,0.27,1.0,0.49,0,0.62,2,0.1,0,0,1,0,0,0,Evaluation,Demo,34,0.98,1,Lost
DEAL-1714,Zenith Textiles,Technology,Mid-Market,77800.0,9,31,3,9,0,1,1,1,0,0.22,7,0.66,10.7,0.37,0,0.78,0,1.0,0,0,1,0,1,28,Demo,Discovery,55,0.82,1,Lost
DEAL-1715,NexGen Health,Technology,Startup,8500.0,12,4,0,4,0,0,1,1,1,0.56,8,0.9,2.2,0.86,1,0.8,0,1.0,1,0,0,1,0,0,Demo,Discovery,41,0.77,1,Progressed
DEAL-1716,Veritas Analytics,Manufacturing,SMB,51300.0,11,10,4,7,0,0,1,0,1,0.64,1,0.74,8.8,0.72,1,0.2,1,0.54,0,1,0,0,0,0,Discovery,Lead,49,0.25,0,Progressed
DEAL-1717,NexGen Health,Manufacturing,Startup,22300.0,4,35,0,2,3,0,1,0,1,0.87,3,0.68,12.1,0.58,1,0.25,4,0.16,1,0,0,1,1,14,Proposal,Negotiation,46,0.58,1,Lost
DEAL-1718,Cascade Security,Financial Services,Enterprise,274800.0,4,13,3,4,1,1,0,0,0,0.19,9,0.88,17.4,0.73,0,0.34,1,0.55,0,0,1,0,0,0,Discovery,Lead,34,0.59,1,Lost
DEAL-1719,OmniCommerce,Financial Services,Startup,26200.0,14,32,1,6,3,2,1,1,1,0.44,8,0.41,60.4,0.87,1,0.93,3,0.39,1,1,1,1,0,0,Demo,Discovery,31,0.26,1,Lost
DEAL-1720,Beacon Robotics,Financial Services,Startup,25700.0,5,15,0,4,1,0,1,1,1,0.47,9,0.71,45.8,0.42,1,0.53,5,0.54,1,0,0,1,1,10,Demo,Discovery,31,0.88,1,Progressed
DEAL-1721,BlueShift AI,Manufacturing,Mid-Market,142200.0,9,24,1,6,2,2,1,0,0,0.06,9,0.62,5.6,0.84,-1,0.47,2,0.44,1,1,1,1,1,2,Proposal,Negotiation,55,0.42,1,Lost
DEAL-1722,Helix Diagnostics,Retail,Startup,24700.0,7,37,2,3,2,2,1,1,1,0.73,9,0.78,50.5,0.5,1,0.73,2,0.62,1,1,1,1,1,20,Negotiation,Evaluation,38,0.44,0,Lost
DEAL-1723,Cobalt Freight,Healthcare,SMB,47900.0,11,21,1,7,3,0,1,1,0,0.23,9,0.17,48.6,0.37,-1,0.82,5,0.88,1,1,0,0,1,30,Proposal,Negotiation,36,0.37,0,Lost
DEAL-1724,BlueShift AI,Manufacturing,SMB,70100.0,1,34,0,1,0,0,1,1,1,0.85,1,0.6,8.7,0.57,1,0.35,0,1.0,1,1,0,0,1,31,Proposal,Negotiation,55,0.74,0,Progressed
DEAL-1725,Vector Mobility,Logistics,Enterprise,247300.0,7,15,0,2,2,0,1,1,0,0.0,1,0.69,2.0,0.7,1,0.51,4,0.65,1,0,0,1,1,13,Negotiation,Evaluation,52,0.69,1,Lost
DEAL-1726,Beacon Robotics,Logistics,Mid-Market,159100.0,7,28,4,4,1,1,1,1,1,0.41,2,0.57,28.5,0.27,1,0.83,5,0.43,0,1,1,0,1,3,Proposal,Negotiation,50,0.27,1,Lost
DEAL-1727,Vanguard Supply,Logistics,SMB,46100.0,7,23,1,5,0,0,0,0,1,0.47,6,0.64,10.2,0.49,0,0.31,1,0.94,1,0,0,0,0,0,Discovery,Lead,26,0.94,1,Progressed
DEAL-1728,Cobalt Freight,Education,Startup,21500.0,8,24,2,6,0,0,1,1,1,0.59,2,0.83,41.5,0.78,1,0.38,0,1.0,1,0,0,1,1,4,Evaluation,Demo,25,0.25,0,Progressed
DEAL-1729,Pulse Dynamics,Retail,Startup,13000.0,2,4,2,2,2,3,1,1,1,0.67,3,0.49,3.4,0.36,1,0.63,2,0.32,0,0,1,1,0,0,Demo,Discovery,51,0.43,1,Lost
DEAL-1730,Apex Cloud Systems,Logistics,Enterprise,143300.0,2,32,1,2,3,0,1,0,0,0.1,1,0.57,34.7,0.64,0,0.44,3,0.31,1,1,0,1,0,0,Evaluation,Demo,41,0.32,1,Lost
DEAL-1731,Cascade Security,Logistics,Mid-Market,133200.0,2,29,0,1,0,0,1,1,1,0.67,5,0.38,4.6,0.84,-1,0.23,4,0.22,0,1,0,1,1,16,Proposal,Negotiation,21,0.42,1,Lost
DEAL-1732,Cascade Security,Financial Services,Enterprise,218200.0,1,32,1,1,0,2,1,1,0,0.16,4,0.16,3.8,0.79,0,0.34,2,0.12,1,1,1,1,1,31,Proposal,Negotiation,6,0.76,1,Lost
DEAL-1733,Kestrel Instruments,Financial Services,Startup,21800.0,14,6,2,8,0,0,1,1,1,0.69,8,0.5,11.0,0.44,-1,0.66,0,1.0,1,1,0,0,1,25,Negotiation,Evaluation,14,0.54,1,Progressed
DEAL-1734,Acuity Networks,Manufacturing,Enterprise,198500.0,10,37,4,4,0,0,0,0,1,0.6,4,0.61,13.6,0.56,-1,0.85,2,0.1,0,1,0,0,0,0,Discovery,Lead,9,0.76,1,Progressed
DEAL-1735,BlueShift AI,Manufacturing,Mid-Market,111500.0,9,19,4,9,0,0,1,1,1,0.91,8,0.41,9.0,0.7,0,0.79,4,0.84,0,1,0,1,1,5,Proposal,Negotiation,25,0.34,1,Progressed
DEAL-1736,Trident Tech,Financial Services,SMB,57000.0,14,28,0,7,1,0,1,0,1,0.93,5,0.89,2.7,0.77,0,0.82,3,0.52,0,0,0,1,0,0,Discovery,Lead,23,0.4,0,Lost
DEAL-1737,Cascade Security,Manufacturing,Mid-Market,144900.0,2,5,2,2,1,0,1,1,0,0.28,6,0.61,24.6,0.83,-1,0.78,5,0.83,1,0,0,1,1,28,Proposal,Negotiation,33,0.71,1,Progressed
DEAL-1738,Pulse Dynamics,Education,Mid-Market,68900.0,14,42,2,2,0,3,1,0,1,0.58,3,0.69,25.2,0.17,1,0.29,4,0.01,0,1,1,0,1,21,Negotiation,Evaluation,49,0.68,0,Lost
DEAL-1739,Pulse Dynamics,Logistics,SMB,53700.0,12,33,2,3,3,1,1,0,0,0.04,4,0.72,4.0,0.31,-1,0.91,4,0.21,1,1,1,1,1,26,Proposal,Negotiation,47,0.94,1,Lost
DEAL-1740,Summit BioPharma,Manufacturing,Startup,24700.0,12,0,2,7,1,1,1,1,1,0.66,4,0.22,120.0,0.41,0,0.84,3,0.36,0,1,1,0,1,33,Negotiation,Evaluation,7,0.43,1,Lost
DEAL-1741,Prime Packaging,Retail,Startup,8800.0,3,34,3,3,0,2,1,1,0,0.02,5,0.36,1.4,0.78,1,0.52,0,1.0,1,0,1,1,1,20,Negotiation,Evaluation,2,0.28,1,Lost
DEAL-1742,Vanguard Supply,Technology,Enterprise,341600.0,1,12,0,0,1,1,1,0,0,0.13,7,0.26,3.1,0.81,-1,0.41,2,0.12,1,1,1,1,1,27,Negotiation,Evaluation,15,0.44,1,Lost
DEAL-1743,Coastal Foods Ltd,Retail,SMB,38000.0,13,42,4,4,1,3,1,0,1,0.9,9,0.51,8.7,0.36,0,0.79,5,0.83,1,1,1,1,1,8,Proposal,Negotiation,13,0.51,1,Lost
DEAL-1744,Summit BioPharma,Technology,Mid-Market,102500.0,9,35,0,1,0,0,1,1,0,0.22,1,0.31,1.5,0.88,1,0.59,0,1.0,1,1,0,0,1,33,Negotiation,Evaluation,55,0.64,0,Progressed
DEAL-1745,Pulse Dynamics,Healthcare,SMB,63000.0,8,0,2,3,1,0,1,0,1,0.95,6,0.3,17.1,0.79,0,0.96,1,0.13,0,0,0,1,0,0,Demo,Discovery,47,0.39,1,Lost
DEAL-1746,BrightPath Logistics,Financial Services,Startup,25600.0,8,29,1,1,0,0,1,1,1,0.69,5,0.23,23.5,0.32,0,0.49,4,0.06,1,1,0,0,1,35,Evaluation,Demo,50,0.83,1,Progressed
DEAL-1747,Zenith Textiles,Financial Services,Mid-Market,115800.0,3,24,2,3,1,0,1,0,0,0.15,5,0.78,18.0,0.29,-1,0.41,5,0.17,0,1,0,0,0,0,Demo,Discovery,13,0.91,0,Lost
DEAL-1748,BlueShift AI,Healthcare,Startup,8300.0,9,25,3,5,0,0,1,0,0,0.24,7,0.86,52.2,0.47,-1,0.25,3,0.01,1,0,0,0,0,0,Discovery,Lead,11,0.52,0,Lost
DEAL-1749,Kestrel Instruments,Financial Services,Enterprise,126000.0,8,13,4,8,0,0,1,0,0,0.14,3,0.22,14.3,0.31,0,0.64,3,0.66,0,0,0,1,0,0,Discovery,Lead,14,0.8,1,Lost
DEAL-1750,Aegis Software,Manufacturing,Mid-Market,139200.0,8,7,4,6,1,1,1,1,0,0.25,8,0.36,12.8,0.34,-1,0.97,1,0.29,0,1,1,0,1,14,Proposal,Negotiation,53,0.36,1,Lost
DEAL-1751,Vanguard Supply,Education,Startup,33800.0,11,1,4,8,1,2,1,1,1,0.68,3,0.45,42.2,0.17,1,0.34,2,0.09,1,1,1,1,0,0,Evaluation,Demo,49,0.72,1,Progressed
DEAL-1752,Skyward Aerospace,Healthcare,SMB,42200.0,12,22,4,9,2,2,0,0,1,0.46,9,0.62,1.0,0.8,-1,0.83,3,0.73,0,1,1,1,1,33,Discovery,Lead,26,0.65,1,Lost
DEAL-1753,Apex Cloud Systems,Healthcare,SMB,75000.0,1,32,1,1,1,0,1,0,1,0.65,9,0.93,12.9,0.9,-1,0.65,4,0.09,0,1,0,1,1,13,Negotiation,Evaluation,18,0.61,1,Lost
DEAL-1754,Novus Capital,Logistics,Startup,13300.0,6,14,2,6,0,0,1,1,1,0.95,9,0.28,7.2,0.32,1,0.52,1,0.71,0,1,0,0,1,10,Evaluation,Demo,34,0.45,1,Progressed
DEAL-1755,Frontier FinCorp,Manufacturing,Startup,13600.0,4,0,0,0,0,0,1,0,0,0.21,7,0.51,34.3,0.61,1,0.2,4,0.12,1,0,0,1,1,25,Discovery,Lead,37,0.63,1,Lost
DEAL-1756,Novus Capital,Logistics,Startup,14300.0,11,31,1,8,0,0,1,1,1,0.82,1,0.46,5.8,0.57,1,0.46,0,1.0,0,1,0,1,1,33,Proposal,Negotiation,45,0.65,0,Progressed
DEAL-1757,Pulse Dynamics,Healthcare,SMB,69500.0,12,15,3,4,0,0,1,0,1,0.72,6,0.71,1.0,0.4,-1,0.79,2,0.97,0,1,0,0,0,0,Discovery,Lead,35,0.96,0,Progressed
DEAL-1758,Pulse Dynamics,Manufacturing,SMB,26500.0,6,24,4,6,2,3,1,1,1,0.56,7,0.5,19.1,0.26,-1,0.27,2,0.72,1,1,1,1,1,10,Proposal,Negotiation,18,0.66,1,Lost
DEAL-1759,Helix Diagnostics,Healthcare,SMB,54800.0,13,18,0,2,0,0,1,0,1,0.69,6,0.87,14.5,0.51,0,0.7,2,0.95,1,0,0,0,1,7,Negotiation,Evaluation,11,0.39,1,Progressed
DEAL-1760,Beacon Robotics,Healthcare,SMB,41600.0,9,7,3,4,1,0,1,1,1,0.57,7,0.24,9.4,0.17,0,0.67,2,0.41,0,0,0,0,0,0,Demo,Discovery,52,0.41,1,Progressed
DEAL-1761,NexGen Health,Healthcare,Enterprise,149200.0,12,40,3,4,1,2,1,0,1,0.55,9,0.72,32.1,0.16,1,0.53,1,0.31,1,1,1,1,0,0,Evaluation,Demo,7,0.81,0,Lost
DEAL-1762,Helix Diagnostics,Manufacturing,SMB,73300.0,2,39,0,1,0,0,1,1,1,0.86,4,0.92,12.0,0.39,-1,0.4,3,0.49,0,1,0,1,1,9,Demo,Discovery,2,0.51,1,Progressed
DEAL-1763,Skyward Aerospace,Healthcare,SMB,74300.0,9,25,3,9,3,3,1,1,1,0.9,5,0.94,14.8,0.89,1,0.89,3,0.51,0,0,1,0,0,0,Evaluation,Demo,46,0.9,1,Lost
DEAL-1764,Everline Retail,Education,SMB,50000.0,8,19,1,3,0,2,1,1,1,0.58,5,0.73,74.6,0.83,0,0.63,1,0.34,1,1,1,0,0,0,Demo,Discovery,22,0.95,1,Progressed
DEAL-1765,Zenith Textiles,Retail,Mid-Market,87600.0,5,41,0,0,1,2,1,0,1,0.51,9,0.21,37.1,0.26,-1,0.2,1,0.23,0,1,1,1,1,34,Discovery,Lead,44,0.74,1,Lost
DEAL-1766,Atlas Energy,Education,SMB,26200.0,7,25,2,2,0,0,1,0,0,0.03,6,0.4,13.8,0.66,0,0.26,1,0.12,1,1,0,0,1,32,Evaluation,Demo,56,0.79,0,Lost
DEAL-1767,OmniCommerce,Logistics,Mid-Market,110500.0,1,3,0,0,0,2,0,0,1,0.72,1,0.21,7.1,0.77,-1,0.93,3,0.24,1,1,1,0,0,0,Discovery,Lead,46,0.41,1,Progressed
DEAL-1768,Aegis Software,Logistics,Startup,25000.0,7,9,2,2,0,2,1,0,1,0.89,8,0.81,24.3,0.4,0,0.92,0,1.0,0,1,1,0,1,11,Proposal,Negotiation,18,0.72,1,Progressed
DEAL-1769,Skyward Aerospace,Education,Mid-Market,112300.0,1,30,0,1,1,0,1,0,0,0.03,7,0.23,25.8,0.17,1,0.6,3,0.13,1,1,0,1,1,25,Proposal,Negotiation,50,0.83,0,Lost
DEAL-1770,Prime Packaging,Education,Startup,13300.0,6,14,0,3,0,3,1,1,1,0.4,5,0.59,22.8,0.67,1,0.63,3,0.01,1,1,1,0,1,26,Negotiation,Evaluation,37,0.83,1,Progressed
DEAL-1771,NexGen Health,Education,Startup,23800.0,13,24,4,10,2,1,1,1,1,0.41,8,0.7,1.7,0.42,0,0.68,4,0.7,0,0,1,0,1,5,Proposal,Negotiation,24,0.34,0,Lost
DEAL-1772,Zenith Textiles,Healthcare,Startup,9300.0,14,41,4,8,0,0,1,1,1,0.8,9,0.84,32.1,0.59,0,0.62,0,1.0,0,0,0,0,1,5,Demo,Discovery,20,0.47,1,Progressed
DEAL-1773,Solstice Media,Education,Startup,12000.0,6,4,3,6,0,0,1,1,1,0.63,5,0.47,17.2,0.76,-1,0.72,2,0.31,0,1,0,1,0,0,Evaluation,Demo,50,0.94,1,Progressed
DEAL-1774,Apex Cloud Systems,Retail,SMB,65400.0,13,27,0,5,0,0,1,1,1,0.9,3,0.59,2.1,0.21,0,0.91,0,1.0,1,1,0,0,1,22,Negotiation,Evaluation,17,0.49,1,Progressed
DEAL-1775,Apex Cloud Systems,Retail,Enterprise,267100.0,13,42,4,11,3,0,1,1,0,0.09,5,0.5,30.2,0.72,0,0.8,3,0.14,0,0,0,1,0,0,Demo,Discovery,16,0.56,1,Lost
DEAL-1776,Kestrel Instruments,Manufacturing,Mid-Market,108100.0,11,14,3,3,2,2,1,1,0,0.07,1,0.77,8.4,0.83,0,0.84,4,0.71,0,1,1,1,1,26,Demo,Discovery,8,0.87,1,Lost
DEAL-1777,BlueShift AI,Healthcare,Enterprise,162800.0,9,19,0,7,0,2,1,1,0,0.2,7,0.7,10.3,0.26,-1,0.87,2,0.73,1,1,1,0,1,9,Negotiation,Evaluation,29,0.77,0,Progressed
DEAL-1778,Cascade Security,Retail,Mid-Market,143600.0,10,3,3,3,0,3,1,1,1,0.63,4,0.29,4.9,0.68,0,0.81,2,0.69,1,1,1,0,1,21,Evaluation,Demo,35,0.44,1,Progressed
DEAL-1779,Cobalt Freight,Retail,Enterprise,298600.0,6,12,2,5,0,2,1,1,1,0.91,8,0.72,4.6,0.42,-1,0.54,5,0.24,0,0,1,1,1,30,Negotiation,Evaluation,5,0.31,1,Lost
DEAL-1780,NexGen Health,Technology,Mid-Market,77500.0,11,9,3,4,0,0,0,0,1,0.62,8,0.49,34.7,0.24,0,0.28,2,0.62,0,0,0,0,0,0,Discovery,Lead,50,0.37,0,Lost
DEAL-1781,Frontier FinCorp,Healthcare,Enterprise,312200.0,10,0,1,3,0,0,1,1,1,0.98,9,0.16,7.4,0.92,0,0.34,3,0.06,1,0,0,1,1,14,Demo,Discovery,3,0.54,1,Progressed
DEAL-1782,BrightPath Logistics,Retail,Enterprise,222500.0,13,2,2,2,1,2,1,0,0,0.12,8,0.3,11.5,0.86,0,0.65,3,0.56,1,1,1,0,0,0,Discovery,Lead,20,0.88,1,Progressed
DEAL-1783,Aegis Software,Manufacturing,SMB,32800.0,6,39,4,6,0,0,1,0,1,0.83,4,0.25,5.5,0.69,0,0.34,1,0.82,1,1,0,1,1,4,Proposal,Negotiation,22,0.89,0,Progressed
DEAL-1784,Acuity Networks,Logistics,SMB,44800.0,6,10,3,6,0,0,1,1,1,0.52,8,0.36,35.8,0.73,1,0.49,0,1.0,0,1,0,1,1,2,Demo,Discovery,37,0.58,0,Progressed
DEAL-1785,Beacon Robotics,Technology,Mid-Market,152200.0,10,10,4,4,0,0,1,1,1,0.85,5,0.86,24.8,0.33,-1,0.42,0,1.0,0,1,0,0,0,0,Demo,Discovery,13,0.65,1,Progressed
DEAL-1786,Pulse Dynamics,Manufacturing,Startup,12200.0,6,41,2,4,2,0,1,0,1,0.97,5,0.41,83.0,0.7,-1,0.38,4,0.7,0,1,0,0,1,26,Discovery,Lead,9,0.55,1,Lost
DEAL-1787,Atlas Energy,Retail,Startup,29900.0,1,22,0,0,1,0,1,1,0,0.05,1,0.51,38.5,0.41,1,0.51,4,0.95,0,0,0,0,0,0,Demo,Discovery,55,0.92,1,Progressed
DEAL-1788,NexGen Health,Technology,Enterprise,208300.0,10,17,0,3,3,0,1,1,1,0.74,3,0.47,33.1,0.21,-1,0.28,5,0.13,1,1,0,1,1,26,Negotiation,Evaluation,23,0.53,0,Lost
DEAL-1789,Everline Retail,Healthcare,Mid-Market,149000.0,7,7,3,6,0,2,1,0,0,0.22,9,0.87,40.1,0.39,-1,0.41,5,0.06,0,0,1,0,1,9,Discovery,Lead,2,0.39,0,Lost
DEAL-1790,Helix Diagnostics,Technology,SMB,58300.0,1,33,1,1,2,0,1,1,1,0.47,5,0.84,9.9,0.27,-1,0.59,2,0.8,1,1,0,1,1,1,Proposal,Negotiation,31,0.42,0,Progressed
DEAL-1791,Beacon Robotics,Retail,SMB,46600.0,11,24,4,7,2,0,1,0,1,0.72,6,0.23,63.2,0.82,-1,0.33,4,0.96,1,0,0,1,1,34,Demo,Discovery,58,0.6,1,Lost
DEAL-1792,Synthetix Labs,Logistics,SMB,73600.0,6,44,3,6,2,0,1,1,1,0.55,8,0.25,13.6,0.6,-1,0.48,5,0.74,1,0,0,0,1,7,Negotiation,Evaluation,10,0.93,1,Lost
DEAL-1793,Frontier FinCorp,Logistics,Mid-Market,153400.0,7,10,2,7,0,3,1,1,1,0.55,3,0.67,13.9,0.22,-1,0.82,2,0.29,0,0,1,1,0,0,Demo,Discovery,37,0.43,0,Lost
DEAL-1794,OmniCommerce,Retail,Startup,19100.0,1,16,1,1,1,3,1,1,1,0.57,1,0.17,6.6,0.33,-1,0.24,4,0.25,1,0,1,1,1,6,Proposal,Negotiation,25,0.81,1,Lost
DEAL-1795,Pulse Dynamics,Retail,Enterprise,279800.0,7,1,4,6,1,3,1,1,0,0.08,2,0.89,3.1,0.73,-1,0.57,1,0.28,1,1,1,0,1,18,Negotiation,Evaluation,33,0.57,1,Lost
DEAL-1796,Cobalt Freight,Education,SMB,32300.0,4,43,0,1,0,0,1,1,1,0.76,5,0.72,24.9,0.89,0,0.31,0,1.0,1,0,0,1,0,0,Demo,Discovery,52,0.4,0,Progressed
DEAL-1797,Prime Packaging,Logistics,Enterprise,240400.0,8,26,0,6,0,0,1,1,0,0.19,1,0.81,8.1,0.83,-1,0.57,0,1.0,0,1,0,0,0,0,Demo,Discovery,52,0.89,0,Progressed
DEAL-1798,OmniCommerce,Healthcare,Startup,12600.0,9,14,3,7,1,1,1,1,1,0.5,5,0.43,45.0,0.75,-1,0.59,2,0.57,1,0,1,1,0,0,Evaluation,Demo,51,0.54,1,Lost
DEAL-1799,Acuity Networks,Financial Services,SMB,39000.0,8,11,1,7,0,1,1,1,1,0.4,6,0.33,60.3,0.82,1,0.89,2,0.09,0,1,1,0,0,0,Evaluation,Demo,6,0.61,1,Progressed
DEAL-1800,Vanguard Supply,Logistics,SMB,40200.0,14,41,3,4,2,0,1,1,1,0.7,5,0.32,14.8,0.19,1,0.49,3,0.88,1,1,0,1,0,0,Evaluation,Demo,16,0.65,0,Lost
DEAL-1801,Beacon Robotics,Education,Enterprise,299900.0,6,42,2,6,0,2,0,0,1,0.75,1,0.9,44.3,0.26,0,0.92,0,1.0,0,1,1,0,1,25,Discovery,Lead,35,0.37,0,Lost
DEAL-1802,Pulse Dynamics,Manufacturing,SMB,69100.0,1,21,0,0,3,1,1,1,1,0.7,4,0.17,25.6,0.52,0,0.72,3,0.7,0,0,1,1,0,0,Demo,Discovery,30,0.27,1,Lost
DEAL-1803,Prime Packaging,Financial Services,Mid-Market,137600.0,10,1,4,10,3,1,1,1,0,0.15,6,0.69,4.7,0.77,-1,0.5,4,0.2,1,1,1,1,1,33,Proposal,Negotiation,43,0.81,1,Lost
DEAL-1804,BlueShift AI,Technology,Mid-Market,91500.0,11,20,0,4,3,0,1,0,0,0.14,5,0.67,66.5,0.58,1,0.8,3,0.03,0,1,0,1,1,1,Proposal,Negotiation,10,0.65,1,Lost
DEAL-1805,Kestrel Instruments,Financial Services,SMB,63300.0,9,39,0,2,0,2,1,1,1,0.59,4,0.77,1.1,0.33,-1,0.56,0,1.0,1,1,1,0,1,14,Negotiation,Evaluation,9,0.93,1,Progressed
DEAL-1806,Atlas Energy,Financial Services,Mid-Market,126500.0,2,43,0,1,1,0,1,1,1,0.41,5,0.44,31.1,0.59,0,0.55,4,0.06,1,0,0,1,0,0,Evaluation,Demo,45,0.99,1,Lost
DEAL-1807,Vanguard Supply,Healthcare,SMB,50600.0,13,17,1,1,3,0,1,1,1,0.83,8,0.73,40.9,0.24,0,0.59,3,0.95,0,0,0,1,0,0,Demo,Discovery,52,0.94,1,Lost
DEAL-1808,Aegis Software,Technology,Startup,25600.0,5,37,1,5,0,0,1,1,0,0.01,8,0.19,44.1,0.61,-1,0.52,3,0.2,1,1,0,1,1,5,Proposal,Negotiation,7,0.47,1,Lost
DEAL-1809,BlueShift AI,Healthcare,SMB,55000.0,7,35,1,5,1,0,1,1,1,0.42,1,0.52,31.7,0.55,1,0.65,4,0.64,0,1,0,1,0,0,Evaluation,Demo,55,0.5,0,Progressed
DEAL-1810,Veritas Analytics,Retail,Enterprise,159400.0,8,25,3,5,2,0,0,0,0,0.01,2,0.52,17.0,0.64,-1,0.98,5,0.28,1,0,0,1,0,0,Discovery,Lead,37,0.56,0,Lost
DEAL-1811,Cascade Security,Logistics,Mid-Market,108500.0,1,5,0,0,1,0,1,1,1,0.57,6,0.32,8.5,0.61,1,0.27,1,0.36,1,0,0,1,1,4,Evaluation,Demo,53,0.94,0,Progressed
DEAL-1812,BlueShift AI,Logistics,Mid-Market,60100.0,13,18,1,7,3,2,1,1,1,0.58,6,0.43,49.6,0.69,0,0.4,5,0.79,1,1,1,1,1,18,Evaluation,Demo,10,0.81,1,Lost
DEAL-1813,Cascade Security,Financial Services,Startup,17500.0,12,36,3,10,3,0,1,1,1,0.63,3,0.95,24.3,0.89,-1,0.53,3,0.28,0,0,0,1,1,12,Demo,Discovery,35,0.53,0,Lost
DEAL-1814,Coastal Foods Ltd,Manufacturing,Startup,22200.0,3,10,3,3,1,3,1,0,1,0.94,7,0.29,14.9,0.84,0,0.68,4,0.59,0,0,1,1,1,26,Discovery,Lead,26,0.69,1,Lost
DEAL-1815,Cobalt Freight,Logistics,SMB,55500.0,6,27,0,2,1,1,0,0,1,0.9,5,0.87,1.0,0.78,-1,0.46,5,0.98,1,0,1,1,0,0,Discovery,Lead,17,0.7,0,Lost
DEAL-1816,Skyward Aerospace,Logistics,SMB,44900.0,14,39,0,4,3,3,1,0,1,0.44,5,0.24,115.3,0.31,1,0.59,5,0.13,0,0,1,1,0,0,Demo,Discovery,56,0.36,1,Lost
DEAL-1817,Skyward Aerospace,Logistics,Startup,32500.0,6,39,1,1,3,3,1,0,1,0.42,8,0.94,2.5,0.48,-1,0.69,4,0.13,1,1,1,1,1,24,Proposal,Negotiation,13,0.44,1,Lost
DEAL-1818,Apex Cloud Systems,Technology,Startup,25800.0,4,40,0,3,0,2,1,1,1,0.65,6,0.93,5.5,0.27,1,0.91,2,0.31,1,0,1,0,1,5,Proposal,Negotiation,28,0.73,1,Progressed
DEAL-1819,Prime Packaging,Logistics,Mid-Market,145000.0,2,0,0,1,0,3,1,0,0,0.15,6,0.2,19.4,0.47,1,0.79,0,1.0,1,1,1,1,1,13,Negotiation,Evaluation,33,0.38,1,Lost
DEAL-1820,Summit BioPharma,Healthcare,SMB,34500.0,12,11,2,6,0,0,1,1,1,0.4,5,0.54,5.0,0.17,1,0.95,1,0.32,1,1,0,0,0,0,Evaluation,Demo,56,0.56,1,Progressed
DEAL-1821,BrightPath Logistics,Education,SMB,26700.0,12,35,2,3,0,0,1,0,1,0.9,6,0.21,10.5,0.42,-1,0.96,0,1.0,0,1,0,0,1,29,Negotiation,Evaluation,46,0.28,0,Lost
DEAL-1822,OmniCommerce,Education,Mid-Market,126900.0,4,38,0,3,0,1,1,0,1,0.43,1,0.62,1.0,0.84,-1,0.76,2,0.54,1,1,1,0,0,0,Discovery,Lead,43,0.49,1,Progressed
DEAL-1823,Zenith Textiles,Logistics,Startup,18300.0,13,10,0,3,0,0,1,1,1,0.63,5,0.65,34.4,0.68,-1,0.71,0,1.0,1,1,0,0,1,28,Proposal,Negotiation,25,0.65,1,Progressed
DEAL-1824,Summit BioPharma,Education,Startup,14400.0,12,26,1,4,0,3,1,0,1,0.55,1,0.55,3.9,0.54,-1,0.79,3,0.51,0,1,1,0,0,0,Discovery,Lead,14,0.87,1,Lost
DEAL-1825,Everline Retail,Financial Services,Mid-Market,69300.0,14,44,2,5,0,0,0,0,1,0.48,7,0.45,8.8,0.22,1,0.42,0,1.0,0,0,0,0,0,0,Discovery,Lead,7,0.5,1,Lost
DEAL-1826,Trident Tech,Retail,Mid-Market,127200.0,3,9,0,2,0,1,1,1,1,0.68,5,0.44,30.7,0.36,0,0.77,0,1.0,0,1,1,0,1,22,Demo,Discovery,40,0.96,1,Lost
DEAL-1827,Atlas Energy,Manufacturing,SMB,64600.0,13,24,3,5,2,0,1,0,1,0.73,1,0.44,52.2,0.9,-1,0.78,4,0.02,1,1,0,1,1,34,Negotiation,Evaluation,13,0.3,1,Lost
DEAL-1828,Solstice Media,Education,Startup,14400.0,7,25,1,7,0,3,0,0,1,0.91,2,0.67,12.8,0.48,-1,0.69,0,1.0,0,0,1,1,0,0,Discovery,Lead,25,0.68,0,Lost
DEAL-1829,Frontier FinCorp,Healthcare,Startup,15100.0,3,44,1,3,3,2,1,1,1,0.53,2,0.61,28.5,0.78,0,0.23,4,0.04,1,1,1,0,1,9,Evaluation,Demo,38,0.71,0,Lost
DEAL-1830,Trident Tech,Logistics,SMB,55200.0,12,18,2,5,1,0,1,0,1,0.82,7,0.43,2.3,0.42,-1,0.42,2,0.4,1,1,0,1,1,10,Proposal,Negotiation,7,0.87,0,Progressed
DEAL-1831,Veritas Analytics,Retail,Startup,26900.0,7,0,1,7,0,0,1,0,1,0.42,1,0.39,21.3,0.82,-1,0.79,3,0.13,1,0,0,0,0,0,Discovery,Lead,53,0.92,1,Progressed
DEAL-1832,Skyward Aerospace,Technology,Startup,14200.0,12,40,0,6,1,1,1,0,1,0.6,8,0.61,1.6,0.44,-1,0.4,1,0.31,1,1,1,1,1,24,Negotiation,Evaluation,53,0.31,0,Lost
DEAL-1833,Skyward Aerospace,Education,SMB,71900.0,8,37,0,5,3,0,1,1,1,0.84,9,0.66,20.8,0.56,0,0.95,5,0.58,1,0,0,1,1,32,Negotiation,Evaluation,9,0.94,0,Progressed
DEAL-1834,Skyward Aerospace,Financial Services,SMB,52300.0,1,23,1,1,0,0,1,1,1,0.89,2,0.58,22.2,0.34,-1,0.83,1,0.03,0,0,0,1,0,0,Demo,Discovery,17,0.32,1,Progressed
DEAL-1835,OmniCommerce,Retail,Startup,26400.0,4,36,3,4,1,0,1,0,1,0.48,4,0.76,27.1,0.78,0,0.49,5,0.26,1,1,0,1,0,0,Evaluation,Demo,4,0.89,1,Progressed
DEAL-1836,Solstice Media,Logistics,Startup,11700.0,11,11,0,1,0,1,1,1,1,0.53,3,0.56,41.8,0.38,-1,0.95,0,1.0,1,1,1,1,1,22,Evaluation,Demo,46,0.62,1,Progressed
DEAL-1837,OmniCommerce,Manufacturing,Startup,18500.0,8,20,3,4,1,0,1,1,0,0.25,5,0.94,16.6,0.31,-1,0.34,5,0.91,0,0,0,1,0,0,Demo,Discovery,37,0.81,1,Lost
DEAL-1838,OmniCommerce,Technology,Enterprise,212400.0,5,30,0,3,2,3,1,0,0,0.11,1,0.42,29.5,0.39,1,0.59,5,0.08,0,1,1,1,0,0,Discovery,Lead,15,0.48,1,Lost
DEAL-1839,Zenith Textiles,Logistics,Mid-Market,103400.0,13,23,4,6,2,2,1,1,0,0.28,7,0.81,37.3,0.16,-1,0.39,4,0.63,1,1,1,1,1,5,Negotiation,Evaluation,31,0.55,0,Lost
DEAL-1840,Cobalt Freight,Manufacturing,SMB,49300.0,10,13,0,3,3,2,1,1,1,0.83,9,0.72,3.8,0.8,1,0.82,5,0.03,1,0,1,1,1,14,Proposal,Negotiation,46,0.44,0,Lost
DEAL-1841,Acuity Networks,Education,Enterprise,188200.0,3,8,1,3,0,0,1,0,0,0.16,9,0.79,9.5,0.21,-1,0.46,2,0.25,1,1,0,1,1,11,Negotiation,Evaluation,8,0.46,0,Lost
DEAL-1842,Summit BioPharma,Education,SMB,51600.0,5,31,2,3,0,3,1,1,1,0.69,8,0.2,6.0,0.55,1,0.61,1,0.45,0,0,1,0,1,5,Demo,Discovery,23,0.92,1,Lost
DEAL-1843,Coastal Foods Ltd,Retail,Mid-Market,158700.0,4,44,2,4,3,3,1,1,1,0.73,9,0.93,21.9,0.9,0,0.22,4,0.69,1,1,1,1,1,29,Evaluation,Demo,27,0.75,0,Lost
DEAL-1844,BlueShift AI,Education,Startup,30700.0,1,36,0,1,3,2,1,0,0,0.11,6,0.74,13.1,0.68,0,0.94,5,0.32,1,0,1,1,0,0,Discovery,Lead,26,0.49,1,Lost
DEAL-1845,Vanguard Supply,Technology,Startup,18400.0,8,21,4,8,1,0,1,0,1,0.61,7,0.46,24.3,0.35,-1,0.32,2,0.07,1,1,0,1,1,13,Proposal,Negotiation,56,0.91,0,Lost
DEAL-1846,Acuity Networks,Financial Services,Enterprise,123900.0,13,14,2,9,3,0,0,0,0,0.07,4,0.19,12.7,0.63,0,0.32,5,0.06,1,1,0,1,1,15,Discovery,Lead,48,0.41,0,Lost
DEAL-1847,Veritas Analytics,Education,Enterprise,291700.0,4,17,4,4,1,1,1,1,0,0.18,8,0.84,44.0,0.86,1,0.88,2,0.99,0,0,1,1,1,3,Proposal,Negotiation,51,0.35,1,Lost
DEAL-1848,Frontier FinCorp,Education,Mid-Market,135200.0,8,19,4,4,0,2,1,1,1,0.53,5,0.69,21.3,0.83,1,0.85,0,1.0,1,0,1,1,1,3,Proposal,Negotiation,22,0.81,1,Progressed
DEAL-1849,BrightPath Logistics,Manufacturing,Enterprise,258100.0,13,8,2,6,2,0,1,1,1,0.89,3,0.18,4.9,0.22,1,0.54,2,0.44,1,1,0,1,1,5,Proposal,Negotiation,55,0.59,1,Progressed
DEAL-1850,Acuity Networks,Logistics,SMB,70500.0,9,10,1,1,0,1,1,1,1,0.86,9,0.85,1.0,0.69,0,0.28,1,0.17,1,0,1,1,1,18,Proposal,Negotiation,35,0.56,0,Lost
DEAL-1851,Acuity Networks,Education,SMB,71400.0,4,6,3,4,0,0,1,0,1,0.52,2,0.45,1.0,0.91,1,0.92,0,1.0,0,1,0,1,1,22,Discovery,Lead,26,0.84,1,Progressed
DEAL-1852,Acuity Networks,Financial Services,SMB,66800.0,7,9,1,3,0,2,1,0,1,0.47,9,0.91,17.5,0.17,-1,0.89,5,0.04,0,1,1,0,1,29,Negotiation,Evaluation,48,0.42,0,Lost
DEAL-1853,Beacon Robotics,Manufacturing,Mid-Market,158400.0,10,20,2,3,1,0,1,1,0,0.18,2,0.94,8.5,0.83,1,0.62,3,0.46,1,1,0,1,1,20,Negotiation,Evaluation,28,0.76,1,Progressed
DEAL-1854,Veritas Analytics,Education,Mid-Market,99100.0,7,35,1,5,0,3,1,1,0,0.01,3,0.92,44.3,0.68,0,0.26,3,0.18,1,1,1,0,1,6,Proposal,Negotiation,34,0.43,1,Lost
DEAL-1855,Kestrel Instruments,Financial Services,Startup,33100.0,11,34,4,10,0,0,1,0,1,0.42,8,0.16,4.9,0.46,1,0.79,0,1.0,0,0,0,1,0,0,Discovery,Lead,34,0.96,0,Lost
DEAL-1856,Beacon Robotics,Financial Services,Enterprise,171500.0,12,32,3,7,1,0,1,1,0,0.21,1,0.49,15.8,0.4,1,0.68,5,1.0,1,1,0,1,1,29,Proposal,Negotiation,59,0.89,0,Progressed
DEAL-1857,Everline Retail,Education,Startup,29700.0,4,6,2,4,1,2,1,0,1,0.58,1,0.44,3.4,0.65,1,0.57,5,0.52,0,1,1,1,0,0,Evaluation,Demo,42,0.7,0,Lost
DEAL-1858,BrightPath Logistics,Manufacturing,Enterprise,338700.0,11,44,0,2,0,2,1,1,1,0.52,9,0.94,16.5,0.24,1,0.79,4,0.74,1,0,1,0,0,0,Demo,Discovery,43,0.86,1,Progressed
DEAL-1859,Pulse Dynamics,Logistics,Enterprise,305000.0,11,17,2,8,2,0,1,1,1,0.73,5,0.17,13.8,0.74,-1,0.84,3,0.81,0,0,0,1,1,14,Proposal,Negotiation,20,0.56,1,Progressed
DEAL-1860,Frontier FinCorp,Financial Services,Enterprise,204200.0,12,10,4,6,2,1,1,0,0,0.17,4,0.72,4.2,0.26,-1,0.46,5,0.64,0,1,1,1,1,23,Negotiation,Evaluation,16,0.52,1,Lost
DEAL-1861,Vanguard Supply,Financial Services,Startup,19700.0,7,1,3,6,2,2,1,1,1,0.81,7,0.29,22.6,0.24,1,0.69,2,0.08,1,1,1,1,0,0,Evaluation,Demo,20,0.51,1,Progressed
DEAL-1862,Solstice Media,Technology,Enterprise,326400.0,2,32,2,2,0,1,1,1,1,0.95,2,0.33,25.7,0.74,0,0.72,0,1.0,1,1,1,0,1,9,Negotiation,Evaluation,38,0.54,1,Progressed
DEAL-1863,Novus Capital,Education,Startup,18900.0,11,40,1,4,1,0,0,0,1,0.77,1,0.61,75.3,0.65,0,0.75,4,0.42,0,1,0,1,0,0,Discovery,Lead,53,0.39,1,Lost
DEAL-1864,Zenith Textiles,Healthcare,Enterprise,291700.0,4,17,1,1,3,2,1,1,0,0.2,4,0.36,6.8,0.6,-1,0.26,5,0.97,0,1,1,0,0,0,Demo,Discovery,52,0.98,0,Lost
DEAL-1865,Apex Cloud Systems,Logistics,SMB,65700.0,2,17,1,1,0,0,1,0,1,0.6,8,0.39,56.8,0.45,0,0.54,3,0.11,1,0,0,0,1,23,Proposal,Negotiation,12,0.48,1,Lost
DEAL-1866,Helix Diagnostics,Retail,Enterprise,265800.0,6,37,1,6,2,0,1,1,0,0.26,2,0.39,34.2,0.18,-1,0.92,4,0.0,1,0,0,1,1,18,Demo,Discovery,33,0.97,1,Lost
DEAL-1867,Skyward Aerospace,Manufacturing,Enterprise,211800.0,3,11,1,1,2,0,1,1,1,0.44,6,0.37,14.3,0.71,1,0.27,2,0.83,0,1,0,1,0,0,Evaluation,Demo,32,0.76,1,Progressed
DEAL-1868,Solstice Media,Healthcare,Startup,31600.0,1,18,0,1,3,0,1,1,1,0.65,9,0.31,1.6,0.69,0,0.59,5,0.97,0,0,0,0,0,0,Evaluation,Demo,17,0.29,1,Lost
DEAL-1869,Kestrel Instruments,Technology,SMB,52400.0,9,29,0,0,0,3,1,1,1,0.65,3,0.41,56.9,0.5,-1,0.52,0,1.0,1,1,1,0,1,17,Proposal,Negotiation,44,0.66,0,Lost
DEAL-1870,Novus Capital,Healthcare,Startup,8900.0,3,12,0,1,2,0,1,1,1,0.8,6,0.88,12.7,0.16,0,0.91,2,0.1,0,1,0,0,1,21,Proposal,Negotiation,29,0.35,1,Lost
DEAL-1871,Atlas Energy,Healthcare,Startup,34500.0,7,27,1,4,0,0,1,0,1,0.56,1,0.94,10.2,0.33,1,0.3,0,1.0,1,1,0,0,1,3,Proposal,Negotiation,11,0.74,1,Progressed
DEAL-1872,Everline Retail,Education,Startup,22400.0,4,14,4,4,2,0,1,1,1,0.7,2,0.79,19.7,0.27,1,0.67,3,0.33,0,0,0,1,0,0,Demo,Discovery,16,0.5,1,Progressed
DEAL-1873,Kestrel Instruments,Technology,Startup,23800.0,7,27,1,5,1,3,1,0,1,0.95,4,0.5,66.3,0.5,1,0.57,1,0.66,0,1,1,1,0,0,Demo,Discovery,49,0.92,1,Lost
DEAL-1874,BrightPath Logistics,Manufacturing,Mid-Market,159700.0,7,23,2,3,0,0,1,1,0,0.05,4,0.85,7.2,0.54,1,0.91,0,1.0,1,0,0,0,0,0,Evaluation,Demo,33,0.56,0,Progressed
DEAL-1875,Cobalt Freight,Education,Enterprise,182300.0,13,25,3,8,0,3,1,0,1,0.8,7,0.25,31.5,0.64,1,0.63,1,0.29,1,0,1,1,0,0,Demo,Discovery,23,0.5,0,Lost
DEAL-1876,Prime Packaging,Technology,Startup,20400.0,11,44,3,6,0,1,1,1,1,0.64,6,0.55,20.0,0.48,1,0.65,0,1.0,0,1,1,0,1,35,Proposal,Negotiation,16,0.56,1,Progressed
DEAL-1877,BrightPath Logistics,Retail,Startup,31200.0,11,32,0,1,1,1,1,1,1,0.8,2,0.17,15.0,0.17,-1,0.57,3,0.78,1,1,1,1,1,2,Negotiation,Evaluation,59,0.53,1,Lost
DEAL-1878,Apex Cloud Systems,Retail,Mid-Market,117400.0,2,8,0,1,1,2,1,0,1,0.85,8,0.47,10.3,0.4,0,0.85,5,0.39,1,1,1,1,1,30,Negotiation,Evaluation,52,0.8,0,Lost
DEAL-1879,Atlas Energy,Education,Mid-Market,123100.0,5,0,1,4,0,0,1,1,1,0.98,2,0.3,2.9,0.47,0,0.76,0,1.0,1,1,0,1,1,15,Proposal,Negotiation,18,0.67,0,Progressed
DEAL-1880,Pulse Dynamics,Financial Services,Startup,10800.0,7,6,1,6,0,2,1,0,1,0.54,5,0.74,6.9,0.18,-1,0.35,2,0.48,1,1,1,0,1,7,Proposal,Negotiation,3,0.42,0,Lost
DEAL-1881,Synthetix Labs,Financial Services,SMB,59600.0,2,3,0,1,0,0,1,0,0,0.16,2,0.47,45.6,0.9,1,0.71,5,0.77,1,1,0,0,1,27,Negotiation,Evaluation,40,0.69,1,Progressed
DEAL-1882,Everline Retail,Retail,Enterprise,349800.0,12,4,4,4,0,0,1,0,1,0.85,5,0.55,2.9,0.72,0,0.44,1,0.21,0,1,0,0,0,0,Demo,Discovery,20,0.44,1,Progressed
DEAL-1883,Atlas Energy,Technology,Startup,22700.0,1,5,1,1,0,0,1,0,1,0.52,3,0.78,47.2,0.23,1,0.44,0,1.0,0,1,0,0,1,6,Discovery,Lead,56,0.88,0,Progressed
DEAL-1884,Everline Retail,Healthcare,Mid-Market,105900.0,11,19,2,4,0,1,1,0,1,0.52,7,0.53,29.5,0.54,0,0.5,1,0.24,1,1,1,1,1,25,Negotiation,Evaluation,46,0.89,0,Lost
DEAL-1885,Atlas Energy,Manufacturing,Startup,25300.0,2,22,1,1,2,0,0,0,1,0.53,1,0.48,18.8,0.66,1,0.34,4,0.81,1,0,0,1,1,5,Discovery,Lead,47,0.3,0,Lost
DEAL-1886,Helix Diagnostics,Manufacturing,SMB,61000.0,2,45,1,2,0,0,1,1,1,0.93,7,0.46,15.9,0.37,1,0.97,0,1.0,1,1,0,1,1,28,Proposal,Negotiation,40,0.69,1,Progressed
DEAL-1887,Skyward Aerospace,Retail,Startup,17800.0,9,18,1,3,0,0,1,1,1,0.63,3,0.76,4.4,0.43,0,0.22,0,1.0,0,1,0,1,1,8,Negotiation,Evaluation,42,0.53,1,Progressed
DEAL-1888,Zenith Textiles,Education,SMB,57400.0,7,11,2,2,0,0,1,1,0,0.29,7,0.48,12.7,0.61,1,0.41,0,1.0,0,0,0,0,1,23,Proposal,Negotiation,30,0.97,1,Progressed
DEAL-1889,Skyward Aerospace,Healthcare,Startup,11900.0,3,11,1,2,0,2,1,1,1,0.9,9,0.3,25.3,0.92,1,0.66,2,0.04,1,1,1,0,1,7,Evaluation,Demo,2,0.27,1,Progressed
DEAL-1890,Pulse Dynamics,Manufacturing,Mid-Market,142600.0,13,20,1,6,1,0,1,0,1,0.74,1,0.78,17.2,0.49,-1,0.7,2,0.56,1,1,0,1,1,2,Negotiation,Evaluation,11,0.94,1,Progressed
DEAL-1891,Zenith Textiles,Manufacturing,Startup,15800.0,14,45,2,5,3,1,1,1,1,0.47,9,0.76,39.4,0.22,1,0.4,3,0.29,1,1,1,1,1,15,Evaluation,Demo,6,0.6,0,Lost
DEAL-1892,Pulse Dynamics,Education,SMB,74100.0,9,41,0,3,0,0,1,1,0,0.07,8,0.35,37.0,0.86,-1,0.84,4,0.32,0,1,0,0,1,20,Negotiation,Evaluation,37,0.55,1,Lost
DEAL-1893,Zenith Textiles,Financial Services,Mid-Market,78700.0,12,0,3,9,2,0,1,0,0,0.27,9,0.64,5.4,0.57,-1,0.49,3,0.42,1,0,0,0,1,10,Proposal,Negotiation,42,0.79,1,Lost
DEAL-1894,BrightPath Logistics,Healthcare,SMB,53000.0,5,37,4,4,1,0,1,0,0,0.14,7,0.64,9.6,0.27,1,0.86,2,0.77,1,0,0,1,0,0,Demo,Discovery,24,0.47,0,Lost
DEAL-1895,NexGen Health,Healthcare,Mid-Market,150100.0,3,13,2,2,1,3,0,0,1,0.58,6,0.42,33.9,0.88,0,0.67,2,0.46,1,0,1,1,0,0,Discovery,Lead,19,0.49,1,Lost
DEAL-1896,NexGen Health,Manufacturing,Startup,20200.0,4,13,1,2,1,0,1,1,1,0.61,4,0.83,50.5,0.4,1,0.92,3,0.05,1,1,0,1,1,6,Proposal,Negotiation,52,0.35,1,Progressed
DEAL-1897,Everline Retail,Retail,SMB,32800.0,3,8,0,2,1,2,1,0,1,0.5,2,0.44,50.8,0.34,-1,0.9,1,0.86,0,0,1,1,0,0,Discovery,Lead,28,0.53,0,Lost
DEAL-1898,Synthetix Labs,Healthcare,SMB,50000.0,5,34,2,2,0,0,1,0,1,0.46,4,0.66,14.4,0.31,1,0.38,0,1.0,1,0,0,0,0,0,Demo,Discovery,11,0.7,0,Progressed
DEAL-1899,Apex Cloud Systems,Healthcare,Mid-Market,97700.0,12,43,2,9,0,2,1,0,0,0.18,1,0.73,100.8,0.6,1,0.83,0,1.0,1,1,1,0,0,0,Discovery,Lead,34,0.36,1,Lost
DEAL-1900,Helix Diagnostics,Logistics,SMB,70800.0,9,4,2,7,0,2,1,1,0,0.0,2,0.64,57.6,0.88,0,0.35,0,1.0,1,1,1,0,1,4,Negotiation,Evaluation,20,0.7,0,Lost
DEAL-1901,Skyward Aerospace,Retail,Mid-Market,136000.0,2,8,0,2,0,0,1,0,1,0.59,9,0.19,18.6,0.66,1,0.69,1,0.68,1,1,0,0,0,0,Demo,Discovery,37,0.37,1,Progressed
DEAL-1902,Helix Diagnostics,Retail,Startup,14600.0,3,12,3,3,0,0,1,1,0,0.25,9,0.73,25.7,0.65,0,0.52,0,1.0,0,0,0,1,1,30,Proposal,Negotiation,24,0.92,1,Progressed
DEAL-1903,Aegis Software,Healthcare,SMB,51900.0,12,9,1,2,0,3,1,1,1,0.69,7,0.45,41.4,0.31,0,0.79,2,0.49,0,0,1,0,1,14,Demo,Discovery,11,0.65,1,Progressed
DEAL-1904,Apex Cloud Systems,Technology,Startup,29000.0,11,1,3,8,1,1,1,1,0,0.26,4,0.85,80.1,0.43,-1,0.58,2,0.22,0,1,1,1,0,0,Demo,Discovery,46,0.99,1,Lost
DEAL-1905,Veritas Analytics,Retail,Enterprise,179800.0,8,32,2,8,1,0,1,1,1,0.57,6,0.81,5.5,0.17,0,0.69,3,0.97,0,1,0,1,0,0,Demo,Discovery,12,0.48,1,Lost
DEAL-1906,Vector Mobility,Retail,Mid-Market,135100.0,7,45,3,5,1,1,1,1,1,0.76,4,0.36,37.8,0.83,-1,0.26,2,0.87,1,0,1,1,1,1,Proposal,Negotiation,16,0.68,0,Lost
DEAL-1907,Frontier FinCorp,Retail,Mid-Market,106400.0,3,23,0,2,0,1,0,0,0,0.18,3,0.22,20.7,0.5,1,0.86,1,0.19,1,1,1,1,0,0,Discovery,Lead,31,0.95,0,Lost
DEAL-1908,BlueShift AI,Retail,SMB,61500.0,1,25,0,1,0,3,1,0,1,0.97,9,0.49,12.1,0.15,-1,0.97,1,0.82,1,0,1,1,0,0,Demo,Discovery,44,0.9,1,Lost
DEAL-1909,Aegis Software,Education,SMB,35200.0,13,13,3,10,0,2,1,0,1,0.5,9,0.63,59.2,0.53,1,0.7,3,0.85,1,0,1,1,1,9,Proposal,Negotiation,26,0.77,0,Lost
DEAL-1910,Frontier FinCorp,Retail,SMB,60800.0,1,7,0,0,1,0,1,1,1,0.93,4,0.45,28.6,0.79,-1,0.26,2,0.11,1,1,0,1,0,0,Evaluation,Demo,41,0.92,1,Progressed
DEAL-1911,Coastal Foods Ltd,Healthcare,Enterprise,288800.0,10,40,0,4,0,2,1,0,0,0.08,2,0.43,37.8,0.45,1,0.47,2,0.52,1,0,1,0,0,0,Evaluation,Demo,42,0.76,0,Lost
DEAL-1912,Veritas Analytics,Logistics,Startup,32900.0,9,20,3,7,0,3,1,1,1,0.72,1,0.22,56.8,0.86,-1,0.32,5,0.4,1,1,1,0,1,7,Negotiation,Evaluation,9,0.59,1,Lost
DEAL-1913,Everline Retail,Manufacturing,SMB,44500.0,13,33,3,4,0,3,1,0,1,0.62,6,0.61,7.8,0.7,-1,0.72,0,1.0,0,0,1,1,0,0,Discovery,Lead,38,0.37,1,Lost
DEAL-1914,Vanguard Supply,Manufacturing,Mid-Market,66700.0,6,27,2,5,1,3,1,1,0,0.07,4,0.61,53.9,0.61,1,0.33,3,0.09,0,1,1,0,1,28,Demo,Discovery,36,0.37,1,Lost
DEAL-1915,Prime Packaging,Financial Services,Enterprise,121000.0,14,12,0,2,0,3,1,0,1,0.67,8,0.75,25.5,0.48,1,0.83,2,0.64,0,1,1,0,1,20,Proposal,Negotiation,23,0.41,1,Lost
DEAL-1916,Pulse Dynamics,Technology,Mid-Market,106700.0,4,0,4,4,3,1,1,1,1,0.77,4,0.59,22.9,0.7,-1,0.94,3,0.92,1,0,1,1,1,31,Negotiation,Evaluation,10,0.84,1,Lost
DEAL-1917,BlueShift AI,Healthcare,Startup,24300.0,1,28,0,0,2,3,1,0,1,0.56,4,0.39,2.1,0.37,-1,0.89,2,0.66,1,1,1,0,1,28,Discovery,Lead,5,0.96,1,Lost
DEAL-1918,Skyward Aerospace,Financial Services,SMB,48700.0,7,23,4,7,1,2,1,1,1,0.64,1,0.64,16.9,0.71,0,0.61,2,0.02,1,1,1,1,1,25,Evaluation,Demo,51,0.42,1,Lost
DEAL-1919,Frontier FinCorp,Healthcare,Mid-Market,122400.0,12,11,1,2,0,0,1,1,0,0.19,1,0.52,82.0,0.43,0,0.57,0,1.0,1,1,0,0,1,22,Proposal,Negotiation,6,0.43,0,Progressed
DEAL-1920,OmniCommerce,Technology,Startup,18700.0,14,9,3,3,0,0,0,0,1,0.73,4,0.69,26.5,0.8,0,0.67,1,0.32,1,0,0,1,0,0,Discovery,Lead,34,0.89,0,Progressed
DEAL-1921,Atlas Energy,Retail,SMB,29600.0,5,24,1,5,1,0,1,1,1,0.56,4,0.8,24.2,0.17,-1,0.27,3,0.82,1,1,0,0,1,22,Proposal,Negotiation,28,0.99,0,Progressed
DEAL-1922,Atlas Energy,Healthcare,Enterprise,234600.0,3,18,0,0,0,0,1,0,1,0.48,9,0.46,1.0,0.19,0,0.72,0,1.0,0,1,0,0,1,32,Discovery,Lead,46,0.53,1,Progressed
DEAL-1923,BlueShift AI,Logistics,Startup,9500.0,11,44,1,4,0,0,1,1,1,0.53,4,0.8,19.7,0.22,-1,0.24,0,1.0,1,0,0,1,1,35,Evaluation,Demo,59,0.28,1,Progressed
DEAL-1924,NexGen Health,Financial Services,Mid-Market,154800.0,6,44,2,2,3,2,1,1,1,0.5,1,0.65,53.0,0.33,0,0.75,3,0.09,1,1,1,1,0,0,Evaluation,Demo,36,0.72,1,Lost
DEAL-1925,BrightPath Logistics,Manufacturing,Enterprise,319000.0,10,19,3,7,1,1,1,0,0,0.22,2,0.94,2.0,0.81,-1,0.23,4,0.67,1,1,1,1,1,29,Negotiation,Evaluation,56,0.51,1,Lost
DEAL-1926,Trident Tech,Healthcare,Startup,23800.0,2,19,0,2,0,0,1,0,1,0.83,6,0.67,46.9,0.73,-1,0.52,3,0.51,1,0,0,1,1,14,Negotiation,Evaluation,40,0.61,1,Progressed
DEAL-1927,Pulse Dynamics,Retail,SMB,70300.0,11,22,0,1,0,2,1,1,1,0.67,7,0.29,41.0,0.27,0,0.54,5,0.57,1,0,1,1,1,11,Negotiation,Evaluation,58,0.58,0,Lost
DEAL-1928,Helix Diagnostics,Financial Services,Mid-Market,131400.0,10,0,3,7,3,0,1,0,0,0.16,3,0.41,9.1,0.63,0,0.56,4,0.38,1,1,0,1,1,35,Proposal,Negotiation,39,0.57,0,Lost
DEAL-1929,Zenith Textiles,Technology,Enterprise,336500.0,5,7,3,3,0,0,1,1,1,0.73,3,0.62,15.3,0.88,0,0.88,0,1.0,1,1,0,0,1,24,Negotiation,Evaluation,23,0.51,1,Progressed
DEAL-1930,Zenith Textiles,Logistics,Mid-Market,86200.0,10,45,1,8,0,0,1,1,0,0.14,1,0.65,10.6,0.64,-1,0.66,0,1.0,1,1,0,0,1,11,Proposal,Negotiation,55,0.26,1,Progressed
DEAL-1931,Zenith Textiles,Retail,Mid-Market,120100.0,3,11,1,2,0,1,1,1,1,0.77,1,0.46,16.4,0.83,-1,0.81,1,0.94,1,1,1,0,0,0,Demo,Discovery,28,0.62,1,Progressed
DEAL-1932,Cobalt Freight,Manufacturing,Startup,33500.0,12,40,2,2,2,0,1,1,1,0.87,5,0.39,4.6,0.88,1,0.49,3,0.05,1,1,0,1,0,0,Evaluation,Demo,33,0.55,1,Progressed
DEAL-1933,Pulse Dynamics,Manufacturing,SMB,28300.0,7,41,3,7,2,0,1,1,1,0.91,9,0.31,29.9,0.38,1,0.87,2,0.55,0,1,0,1,0,0,Evaluation,Demo,57,0.74,0,Lost
DEAL-1934,Solstice Media,Healthcare,Startup,31200.0,13,29,3,8,1,3,1,0,1,0.75,4,0.28,10.3,0.83,0,0.8,1,0.3,1,1,1,1,1,35,Proposal,Negotiation,32,0.7,0,Lost
DEAL-1935,Zenith Textiles,Education,Mid-Market,90600.0,13,3,2,2,0,0,1,1,0,0.05,1,0.19,14.4,0.3,-1,0.92,1,0.7,1,1,0,0,1,21,Proposal,Negotiation,13,0.81,0,Progressed
DEAL-1936,Kestrel Instruments,Manufacturing,Mid-Market,156900.0,1,15,0,0,0,1,1,1,1,0.46,1,0.69,23.3,0.68,1,0.2,0,1.0,0,1,1,0,1,30,Negotiation,Evaluation,10,0.98,1,Progressed
DEAL-1937,Aegis Software,Logistics,Mid-Market,128500.0,14,14,3,8,2,0,1,1,1,0.46,3,0.34,10.4,0.42,-1,0.41,3,0.18,0,1,0,1,0,0,Demo,Discovery,7,0.89,0,Lost
DEAL-1938,Skyward Aerospace,Manufacturing,Startup,9400.0,6,31,1,5,0,0,1,1,1,0.57,2,0.36,92.8,0.73,-1,0.82,5,0.58,0,1,0,1,0,0,Demo,Discovery,37,0.86,1,Progressed
DEAL-1939,Aegis Software,Logistics,Startup,20300.0,1,26,0,1,2,3,1,1,1,0.52,8,0.35,24.1,0.22,-1,0.86,3,0.96,0,0,1,1,0,0,Demo,Discovery,36,0.74,1,Lost
DEAL-1940,Cascade Security,Manufacturing,SMB,50600.0,13,41,3,9,2,0,1,1,1,0.65,4,0.22,9.4,0.79,-1,0.22,4,0.95,0,0,0,1,1,35,Demo,Discovery,2,0.87,0,Lost
DEAL-1941,Synthetix Labs,Healthcare,Enterprise,281900.0,7,28,1,2,0,1,1,0,1,0.88,9,0.89,27.8,0.56,-1,0.44,0,1.0,0,1,1,0,0,0,Demo,Discovery,50,0.5,0,Lost
DEAL-1942,Skyward Aerospace,Healthcare,SMB,64300.0,4,6,1,3,2,0,1,1,1,0.62,3,0.64,43.5,0.2,1,0.46,5,0.63,0,1,0,0,0,0,Demo,Discovery,32,0.69,1,Progressed
DEAL-1943,Pulse Dynamics,Education,Startup,9000.0,11,10,4,11,0,0,1,1,0,0.04,2,0.91,7.9,0.87,1,0.3,2,0.91,0,1,0,1,1,6,Negotiation,Evaluation,9,0.92,1,Progressed
DEAL-1944,Novus Capital,Financial Services,SMB,66000.0,3,10,0,1,3,0,1,1,1,0.66,8,0.5,17.3,0.52,-1,0.48,5,0.49,1,1,0,1,1,6,Negotiation,Evaluation,38,0.67,1,Progressed
DEAL-1945,Summit BioPharma,Technology,SMB,40900.0,1,11,0,0,2,1,1,1,1,0.76,4,0.75,8.7,0.39,0,0.89,2,0.4,1,1,1,1,1,14,Negotiation,Evaluation,49,0.38,0,Progressed
DEAL-1946,Skyward Aerospace,Logistics,SMB,42400.0,11,4,4,6,0,0,1,1,1,0.43,4,0.81,66.9,0.66,0,0.33,2,0.24,0,0,0,0,0,0,Demo,Discovery,52,0.29,0,Lost
DEAL-1947,Skyward Aerospace,Financial Services,Startup,29500.0,3,2,1,1,3,3,1,0,1,0.64,7,0.82,49.2,0.33,1,0.73,5,0.99,1,1,1,1,1,32,Negotiation,Evaluation,35,0.75,1,Lost
DEAL-1948,NexGen Health,Technology,Startup,17500.0,2,16,2,2,2,0,0,0,1,0.41,2,0.5,26.2,0.36,0,0.88,5,0.1,0,0,0,1,1,6,Discovery,Lead,51,0.27,1,Lost
DEAL-1949,Kestrel Instruments,Logistics,SMB,38000.0,6,26,4,6,0,2,1,1,1,0.75,8,0.49,7.2,0.21,0,0.55,0,1.0,0,0,1,0,1,25,Demo,Discovery,41,0.76,1,Lost
DEAL-1950,Cobalt Freight,Financial Services,Startup,8700.0,6,31,1,4,2,2,1,0,1,0.68,5,0.81,19.7,0.19,1,0.31,5,0.67,0,0,1,1,0,0,Discovery,Lead,14,0.76,0,Lost
DEAL-1951,Summit BioPharma,Technology,SMB,59000.0,2,29,1,1,2,2,1,1,0,0.15,2,0.63,2.8,0.91,1,0.53,3,0.48,0,1,1,1,1,2,Evaluation,Demo,13,0.91,0,Lost
DEAL-1952,Beacon Robotics,Financial Services,Mid-Market,83100.0,1,17,0,1,0,0,1,1,0,0.07,2,0.76,48.0,0.59,-1,0.78,5,0.66,1,1,0,0,1,3,Proposal,Negotiation,60,0.36,1,Lost
DEAL-1953,Coastal Foods Ltd,Retail,Mid-Market,128600.0,10,6,0,7,0,0,1,1,0,0.04,4,0.17,19.0,0.56,0,0.74,3,0.85,1,0,0,1,1,34,Demo,Discovery,10,0.82,1,Progressed
DEAL-1954,Synthetix Labs,Financial Services,SMB,39200.0,10,28,4,4,0,1,1,1,1,0.46,9,0.83,2.8,0.76,0,0.48,4,0.99,1,1,1,0,0,0,Evaluation,Demo,12,0.8,1,Progressed
DEAL-1955,OmniCommerce,Manufacturing,SMB,37200.0,7,12,0,2,1,1,1,1,1,0.6,3,0.75,13.2,0.73,-1,0.53,3,0.49,1,1,1,1,1,4,Proposal,Negotiation,31,0.48,1,Progressed
DEAL-1956,NexGen Health,Logistics,Startup,28600.0,11,0,3,4,0,2,1,1,1,0.8,2,0.46,46.9,0.77,1,0.35,1,0.47,0,1,1,0,1,4,Negotiation,Evaluation,33,0.93,0,Progressed
DEAL-1957,Skyward Aerospace,Healthcare,Mid-Market,135000.0,6,33,2,6,2,0,1,1,1,0.88,4,0.69,8.3,0.86,1,0.79,3,1.0,1,0,0,1,1,22,Demo,Discovery,23,0.34,0,Progressed
DEAL-1958,Kestrel Instruments,Manufacturing,Startup,24200.0,12,11,2,3,0,0,1,1,1,0.5,2,0.81,39.2,0.91,1,0.35,0,1.0,1,0,0,0,1,17,Evaluation,Demo,55,0.85,0,Progressed
DEAL-1959,Everline Retail,Manufacturing,SMB,63800.0,10,15,0,7,3,0,1,1,1,0.85,1,0.67,1.0,0.48,1,0.44,4,0.14,1,1,0,1,1,12,Proposal,Negotiation,27,0.9,1,Progressed
DEAL-1960,Cobalt Freight,Retail,Mid-Market,149200.0,6,41,0,3,1,3,1,0,1,0.53,8,0.3,7.9,0.48,-1,0.57,3,0.71,1,1,1,1,1,18,Negotiation,Evaluation,34,0.35,0,Lost
DEAL-1961,Veritas Analytics,Financial Services,Enterprise,313100.0,4,3,3,4,2,1,1,0,0,0.27,2,0.86,49.5,0.23,0,0.43,4,0.16,0,0,1,1,1,1,Demo,Discovery,48,0.37,1,Lost
DEAL-1962,Trident Tech,Retail,SMB,60100.0,2,7,2,2,0,0,1,1,1,0.64,5,0.16,18.7,0.77,0,0.28,1,0.9,1,1,0,1,1,4,Proposal,Negotiation,29,0.62,1,Progressed
DEAL-1963,Synthetix Labs,Healthcare,SMB,28800.0,14,4,0,3,3,3,1,1,1,0.74,3,0.18,2.4,0.89,-1,0.57,3,0.6,0,1,1,0,1,13,Evaluation,Demo,26,0.78,1,Lost
DEAL-1964,Zenith Textiles,Education,Mid-Market,83000.0,13,19,1,5,0,0,1,0,0,0.05,4,0.37,21.9,0.3,0,0.73,1,0.26,0,1,0,0,0,0,Demo,Discovery,20,0.65,1,Lost
DEAL-1965,Novus Capital,Technology,SMB,63800.0,6,18,1,3,0,0,1,1,1,0.76,3,0.59,8.5,0.41,0,0.41,0,1.0,1,1,0,1,0,0,Demo,Discovery,48,0.5,1,Progressed
DEAL-1966,Frontier FinCorp,Financial Services,SMB,74300.0,8,40,0,3,0,0,1,1,1,0.96,5,0.41,1.2,0.4,-1,0.85,2,0.26,1,0,0,0,1,22,Proposal,Negotiation,29,0.6,0,Progressed
DEAL-1967,Beacon Robotics,Financial Services,Enterprise,168800.0,5,18,4,5,0,2,1,1,1,0.65,9,0.64,56.0,0.35,-1,0.52,5,0.87,1,0,1,0,1,6,Negotiation,Evaluation,44,0.33,0,Lost
DEAL-1968,Aegis Software,Healthcare,Mid-Market,86100.0,12,28,0,5,0,2,1,1,0,0.22,1,0.67,21.6,0.21,1,0.59,5,0.38,1,1,1,0,1,19,Negotiation,Evaluation,32,0.95,1,Progressed
DEAL-1969,Frontier FinCorp,Financial Services,Enterprise,346200.0,10,33,2,2,1,2,1,1,0,0.1,7,0.48,53.5,0.69,-1,0.58,1,0.9,1,1,1,0,0,0,Evaluation,Demo,22,0.48,0,Lost
DEAL-1970,Coastal Foods Ltd,Education,Startup,9500.0,14,43,1,6,2,2,1,1,1,0.91,5,0.56,1.0,0.76,1,0.52,4,0.57,1,1,1,1,1,13,Negotiation,Evaluation,29,0.81,0,Lost
DEAL-1971,Frontier FinCorp,Healthcare,Startup,30700.0,1,5,0,1,3,0,1,1,1,0.75,4,0.15,21.0,0.38,1,0.87,5,0.46,1,0,0,1,1,10,Proposal,Negotiation,38,0.36,0,Lost
DEAL-1972,Summit BioPharma,Logistics,SMB,37700.0,11,18,1,5,1,0,1,1,1,0.83,4,0.34,42.7,0.56,1,0.95,2,0.68,1,1,0,1,1,8,Negotiation,Evaluation,34,0.4,1,Progressed
DEAL-1973,Trident Tech,Manufacturing,Enterprise,226000.0,7,11,3,5,2,2,1,1,0,0.09,1,0.56,21.9,0.84,1,0.91,3,0.78,1,1,1,1,1,19,Negotiation,Evaluation,17,0.7,1,Lost
DEAL-1974,OmniCommerce,Manufacturing,Startup,17600.0,4,28,3,4,3,0,1,0,1,0.67,9,0.53,42.4,0.17,-1,0.22,3,0.35,0,0,0,0,0,0,Discovery,Lead,50,0.89,0,Lost
DEAL-1975,Aegis Software,Healthcare,Startup,23900.0,13,2,0,4,2,0,1,0,1,0.82,3,0.34,50.7,0.37,0,0.47,2,0.66,0,0,0,1,1,28,Discovery,Lead,52,0.64,1,Lost
DEAL-1976,Helix Diagnostics,Logistics,Enterprise,274400.0,1,2,1,1,0,1,1,0,1,0.44,4,0.8,13.5,0.6,1,0.48,0,1.0,0,0,1,1,0,0,Discovery,Lead,56,0.56,1,Progressed
DEAL-1977,Cobalt Freight,Education,Enterprise,212400.0,2,19,2,2,3,2,1,1,0,0.19,7,0.56,9.1,0.67,0,0.76,3,0.67,1,1,1,1,1,9,Negotiation,Evaluation,30,0.79,1,Lost
DEAL-1978,Solstice Media,Financial Services,SMB,25800.0,11,39,0,4,1,0,1,0,1,0.73,3,0.55,22.1,0.85,-1,0.45,5,0.62,1,0,0,0,1,35,Demo,Discovery,46,0.87,1,Lost
DEAL-1979,Coastal Foods Ltd,Manufacturing,SMB,47600.0,4,13,4,4,1,3,1,0,1,0.6,5,0.51,53.5,0.82,-1,0.2,2,0.1,1,0,1,1,1,31,Discovery,Lead,18,0.49,1,Lost
DEAL-1980,Synthetix Labs,Manufacturing,Enterprise,243600.0,12,43,3,9,1,0,1,1,1,0.46,2,0.93,23.9,0.86,-1,0.59,1,0.51,1,1,0,1,0,0,Evaluation,Demo,57,0.39,0,Lost
DEAL-1981,Summit BioPharma,Financial Services,Enterprise,298400.0,6,40,1,6,0,3,1,0,0,0.26,1,0.8,21.5,0.55,1,0.89,0,1.0,1,0,1,1,1,8,Discovery,Lead,33,0.84,1,Lost
DEAL-1982,Frontier FinCorp,Education,Mid-Market,81500.0,4,6,4,4,1,1,1,1,1,0.72,1,0.74,17.2,0.91,1,0.25,3,0.26,0,1,1,1,0,0,Evaluation,Demo,36,0.44,1,Progressed
DEAL-1983,Pulse Dynamics,Education,Mid-Market,144000.0,12,6,1,2,2,1,1,0,1,0.57,2,0.39,2.6,0.46,-1,0.39,5,0.36,0,0,1,0,1,6,Proposal,Negotiation,22,0.5,1,Lost
DEAL-1984,Everline Retail,Technology,Mid-Market,148800.0,7,23,4,7,0,3,1,1,1,0.81,4,0.75,25.3,0.39,0,0.29,1,0.14,0,1,1,1,1,7,Evaluation,Demo,22,0.66,0,Lost
DEAL-1985,Everline Retail,Logistics,Mid-Market,158200.0,7,44,4,5,1,0,1,0,1,0.89,9,0.66,72.2,0.27,0,0.3,3,0.42,0,1,0,1,0,0,Discovery,Lead,5,0.8,1,Lost
DEAL-1986,BlueShift AI,Healthcare,Mid-Market,98100.0,10,36,3,5,2,3,0,0,0,0.17,2,0.75,16.9,0.16,1,0.38,5,0.49,1,0,1,0,0,0,Discovery,Lead,35,0.74,1,Lost
DEAL-1987,Cobalt Freight,Education,SMB,42000.0,8,8,2,5,0,0,1,1,0,0.09,3,0.87,24.1,0.77,0,0.73,5,0.71,1,1,0,0,1,25,Proposal,Negotiation,31,0.63,0,Progressed
DEAL-1988,Beacon Robotics,Technology,Startup,33300.0,3,16,0,3,0,3,1,1,1,0.66,7,0.7,10.8,0.62,0,0.23,2,0.63,1,1,1,1,0,0,Evaluation,Demo,56,0.68,0,Lost
DEAL-1989,BlueShift AI,Manufacturing,Mid-Market,95400.0,13,8,1,8,1,0,1,1,0,0.26,6,0.49,15.4,0.91,1,0.69,1,0.66,1,1,0,0,1,6,Proposal,Negotiation,34,0.43,1,Progressed
DEAL-1990,Kestrel Instruments,Logistics,Enterprise,247900.0,1,17,1,1,2,3,1,1,1,0.76,4,0.56,5.2,0.31,-1,0.79,4,0.73,1,1,1,1,1,17,Negotiation,Evaluation,59,0.79,1,Lost
DEAL-1991,Atlas Energy,Logistics,Startup,17800.0,5,28,1,5,0,0,1,1,1,0.68,1,0.81,22.6,0.41,-1,0.3,3,0.81,0,0,0,1,0,0,Demo,Discovery,39,0.79,1,Lost
DEAL-1992,Synthetix Labs,Education,SMB,59400.0,3,37,1,3,0,3,1,0,1,0.7,3,0.72,17.4,0.84,-1,0.61,2,0.04,0,1,1,0,1,27,Proposal,Negotiation,44,0.36,1,Lost
DEAL-1993,Cascade Security,Technology,Mid-Market,99900.0,6,35,1,4,1,3,1,1,0,0.17,6,0.27,1.0,0.33,1,0.36,2,0.68,1,1,1,1,0,0,Evaluation,Demo,48,0.94,1,Lost
DEAL-1994,Cobalt Freight,Manufacturing,Startup,26500.0,12,40,2,8,3,0,1,1,1,0.89,2,0.78,20.4,0.63,0,0.4,4,0.36,1,1,0,1,1,26,Demo,Discovery,29,0.42,1,Lost
DEAL-1995,Veritas Analytics,Retail,Startup,27500.0,13,3,4,7,1,0,1,1,1,0.63,4,0.82,17.3,0.22,1,0.46,5,0.17,0,1,0,1,0,0,Evaluation,Demo,49,0.6,1,Progressed
DEAL-1996,NexGen Health,Retail,SMB,52700.0,10,40,4,8,0,2,1,1,1,0.87,9,0.93,12.1,0.36,-1,0.35,0,1.0,1,1,1,0,1,34,Negotiation,Evaluation,43,0.47,1,Lost
DEAL-1997,Novus Capital,Retail,Startup,17300.0,5,17,3,3,1,0,1,1,1,0.42,7,0.54,2.2,0.36,1,0.84,5,0.5,0,1,0,1,0,0,Evaluation,Demo,17,0.55,1,Progressed
DEAL-1998,Everline Retail,Financial Services,Mid-Market,131100.0,14,22,3,10,1,3,1,1,1,0.5,2,0.85,10.2,0.88,0,0.76,5,0.56,0,0,1,1,0,0,Demo,Discovery,53,0.88,1,Lost
DEAL-1999,BlueShift AI,Healthcare,SMB,35900.0,10,23,3,10,0,0,1,1,1,0.66,1,0.81,17.0,0.79,-1,0.72,5,0.61,1,0,0,1,1,18,Proposal,Negotiation,19,0.91,0,Progressed
DEAL-2000,Kestrel Instruments,Manufacturing,Mid-Market,76500.0,4,43,0,3,3,3,1,1,1,0.79,4,0.56,29.1,0.65,1,0.64,3,0.35,1,1,1,1,0,0,Evaluation,Demo,41,0.45,1,Lost
DEAL-2001,Helix Diagnostics,Education,Mid-Market,123900.0,5,14,3,5,0,0,1,1,0,0.12,3,0.91,118.5,0.71,1,0.41,0,1.0,1,1,0,0,1,24,Negotiation,Evaluation,44,0.7,1,Progressed
DEAL-2002,Cobalt Freight,Technology,Enterprise,272700.0,2,7,1,2,0,0,1,1,0,0.09,5,0.34,12.0,0.21,1,0.4,1,0.35,1,0,0,0,0,0,Evaluation,Demo,31,0.65,1,Progressed
DEAL-2003,Helix Diagnostics,Retail,SMB,44700.0,6,41,2,5,1,0,1,1,1,0.71,6,0.43,13.1,0.16,1,0.78,2,0.75,0,1,0,0,0,0,Demo,Discovery,41,0.83,1,Progressed
DEAL-2004,Cascade Security,Education,Enterprise,264500.0,2,12,1,1,3,0,1,1,1,0.96,5,0.51,30.0,0.38,0,0.28,4,0.63,1,0,0,1,1,16,Demo,Discovery,15,0.55,1,Lost
DEAL-2005,Everline Retail,Financial Services,SMB,41000.0,6,2,4,6,0,0,1,1,1,0.84,1,0.25,22.5,0.17,1,0.84,0,1.0,1,1,0,0,0,0,Demo,Discovery,33,0.32,1,Progressed
DEAL-2006,BlueShift AI,Retail,SMB,57300.0,10,2,3,9,3,2,1,1,1,0.63,3,0.24,74.5,0.76,1,0.83,4,0.45,1,1,1,1,1,16,Proposal,Negotiation,13,0.42,1,Lost
DEAL-2007,Skyward Aerospace,Education,SMB,51400.0,7,2,3,3,0,0,1,0,1,0.56,2,0.92,41.3,0.33,0,0.84,4,0.07,1,1,0,0,1,32,Negotiation,Evaluation,10,0.81,1,Progressed
DEAL-2008,Veritas Analytics,Healthcare,SMB,67600.0,4,20,3,4,0,3,1,1,1,0.95,5,0.57,27.8,0.17,1,0.8,5,0.66,1,1,1,1,1,28,Negotiation,Evaluation,30,0.97,1,Progressed
DEAL-2009,Beacon Robotics,Education,Startup,30300.0,9,11,2,4,3,1,1,1,1,0.74,5,0.72,2.9,0.77,-1,0.89,4,0.43,1,1,1,1,1,11,Negotiation,Evaluation,17,0.89,0,Lost
DEAL-2010,Helix Diagnostics,Logistics,Startup,31400.0,13,24,0,1,1,2,1,1,1,0.87,3,0.82,11.1,0.77,0,0.51,2,0.96,1,0,1,1,1,21,Proposal,Negotiation,33,0.81,0,Lost
DEAL-2011,BrightPath Logistics,Technology,SMB,64900.0,12,34,2,3,1,2,1,1,1,0.8,3,0.2,3.1,0.58,1,0.7,4,0.44,0,1,1,1,1,32,Demo,Discovery,26,0.32,1,Lost
DEAL-2012,Vanguard Supply,Retail,Mid-Market,76600.0,2,16,2,2,0,2,1,0,0,0.02,2,0.24,1.8,0.49,1,0.36,1,0.51,1,0,1,0,1,1,Demo,Discovery,14,0.54,1,Lost
DEAL-2013,Skyward Aerospace,Logistics,SMB,30400.0,9,15,3,9,3,1,1,1,0,0.14,2,0.66,2.0,0.29,-1,0.59,4,0.56,0,1,1,0,1,11,Demo,Discovery,49,0.28,1,Lost
DEAL-2014,Trident Tech,Logistics,SMB,45000.0,10,27,3,7,3,0,1,0,1,0.59,4,0.64,26.5,0.17,0,0.82,4,0.65,0,1,0,1,1,29,Discovery,Lead,39,0.67,1,Lost
DEAL-2015,Everline Retail,Financial Services,Startup,31300.0,9,36,0,3,1,2,1,0,1,0.95,8,0.37,27.2,0.24,0,0.92,1,0.73,1,1,1,0,1,28,Negotiation,Evaluation,36,0.3,1,Lost
DEAL-2016,Aegis Software,Technology,SMB,50500.0,6,17,4,4,0,0,1,1,1,0.52,6,0.59,1.0,0.73,0,0.35,5,0.0,0,1,0,1,0,0,Demo,Discovery,57,0.87,0,Lost
DEAL-2017,Vanguard Supply,Retail,SMB,63600.0,12,22,0,0,3,0,1,0,1,0.45,9,0.35,24.3,0.22,0,0.49,4,0.57,0,1,0,1,0,0,Demo,Discovery,49,0.95,1,Lost
DEAL-2018,Prime Packaging,Technology,Enterprise,280800.0,4,2,2,4,2,0,1,1,1,0.58,3,0.35,49.7,0.87,0,0.2,3,0.54,1,1,0,1,1,16,Proposal,Negotiation,30,0.32,1,Progressed
DEAL-2019,Beacon Robotics,Manufacturing,Startup,23000.0,13,25,3,10,1,2,1,0,1,0.53,6,0.9,30.9,0.66,1,0.93,3,0.84,1,0,1,1,1,29,Negotiation,Evaluation,56,0.84,0,Lost
DEAL-2020,Aegis Software,Retail,Enterprise,180700.0,14,21,0,0,0,0,1,1,1,0.43,5,0.71,3.7,0.91,1,0.83,4,0.99,1,1,0,0,0,0,Evaluation,Demo,36,0.87,1,Progressed
DEAL-2021,Vector Mobility,Financial Services,Enterprise,202800.0,10,45,2,9,2,0,1,0,0,0.15,8,0.46,1.0,0.83,0,0.43,3,0.46,1,0,0,1,1,19,Negotiation,Evaluation,55,0.8,1,Lost
DEAL-2022,Vanguard Supply,Logistics,Startup,13500.0,1,38,1,1,3,0,1,1,1,0.89,7,0.73,16.0,0.71,-1,0.92,5,0.07,1,1,0,1,1,29,Proposal,Negotiation,56,0.96,1,Lost
DEAL-2023,Cobalt Freight,Retail,SMB,48400.0,13,41,1,7,0,1,1,0,1,0.51,8,0.21,20.7,0.75,-1,0.94,2,0.13,0,1,1,0,1,11,Demo,Discovery,26,0.81,0,Lost
DEAL-2024,NexGen Health,Healthcare,Startup,33400.0,4,3,1,2,1,0,1,1,0,0.24,1,0.82,31.4,0.88,0,0.64,5,0.68,1,1,0,0,1,26,Proposal,Negotiation,39,0.97,0,Progressed
DEAL-2025,Apex Cloud Systems,Financial Services,SMB,31800.0,6,15,3,6,0,3,1,0,1,0.55,9,0.86,25.4,0.58,0,0.61,2,0.11,1,1,1,1,0,0,Discovery,Lead,4,0.83,1,Progressed
DEAL-2026,Trident Tech,Healthcare,SMB,25300.0,4,28,3,4,0,1,1,1,1,0.96,7,0.59,13.5,0.64,0,0.62,1,0.23,0,0,1,0,0,0,Demo,Discovery,25,0.27,1,Progressed
DEAL-2027,BrightPath Logistics,Financial Services,Enterprise,327800.0,9,25,3,6,0,0,1,1,0,0.24,9,0.77,26.8,0.27,1,0.59,5,0.25,0,1,0,0,1,8,Proposal,Negotiation,51,0.86,1,Progressed
DEAL-2028,Skyward Aerospace,Financial Services,SMB,40000.0,7,0,1,4,0,3,1,1,0,0.1,1,0.29,37.3,0.53,0,0.73,0,1.0,1,1,1,0,1,24,Demo,Discovery,36,0.36,0,Lost
DEAL-2029,Vanguard Supply,Technology,SMB,51500.0,10,8,0,0,1,0,1,1,1,0.59,1,0.77,14.2,0.42,0,0.73,2,0.17,1,0,0,1,0,0,Evaluation,Demo,27,0.67,1,Progressed
DEAL-2030,Kestrel Instruments,Healthcare,Startup,23500.0,6,32,3,4,0,0,1,1,1,0.81,1,0.49,46.8,0.76,0,0.46,1,0.13,0,1,0,0,1,30,Demo,Discovery,46,0.97,0,Progressed
DEAL-2031,Frontier FinCorp,Technology,Mid-Market,116500.0,8,38,3,5,0,0,0,0,0,0.04,2,0.83,59.6,0.27,1,0.76,1,0.97,0,0,0,0,0,0,Discovery,Lead,41,0.34,1,Lost
DEAL-2032,Solstice Media,Financial Services,Startup,32600.0,6,34,2,4,2,2,1,0,1,0.66,5,0.63,20.9,0.9,0,0.46,2,0.86,1,0,1,1,1,27,Discovery,Lead,6,0.94,0,Lost
DEAL-2033,Apex Cloud Systems,Manufacturing,Mid-Market,111700.0,9,15,0,2,1,0,1,1,1,0.86,8,0.73,11.1,0.33,1,0.54,3,0.88,0,1,0,1,0,0,Evaluation,Demo,43,0.83,1,Progressed
DEAL-2034,Cascade Security,Retail,Startup,34300.0,7,23,3,4,1,3,1,1,1,0.58,9,0.84,28.0,0.65,-1,0.68,1,0.93,0,1,1,1,0,0,Evaluation,Demo,59,0.67,0,Lost
DEAL-2035,Coastal Foods Ltd,Financial Services,SMB,55100.0,7,44,2,7,1,3,1,1,0,0.11,3,0.25,11.3,0.35,-1,0.92,4,0.05,1,1,1,1,0,0,Demo,Discovery,32,0.41,0,Lost
DEAL-2036,Solstice Media,Healthcare,SMB,30400.0,12,7,3,5,0,0,1,1,1,0.9,7,0.61,3.7,0.76,-1,0.69,1,0.22,0,1,0,0,0,0,Demo,Discovery,27,0.64,0,Progressed
DEAL-2037,Beacon Robotics,Logistics,Startup,29400.0,13,41,2,8,1,0,1,1,1,0.86,2,0.94,53.0,0.34,1,0.22,3,0.74,1,1,0,1,1,10,Negotiation,Evaluation,60,0.37,1,Lost
DEAL-2038,Zenith Textiles,Financial Services,Startup,34200.0,1,27,1,1,0,0,1,1,1,0.57,8,0.55,1.0,0.34,1,0.75,5,0.71,1,1,0,0,1,4,Negotiation,Evaluation,6,0.49,1,Progressed
DEAL-2039,Cobalt Freight,Manufacturing,Mid-Market,86800.0,10,14,4,7,2,0,1,1,0,0.01,6,0.83,24.9,0.72,1,0.66,5,0.17,1,0,0,1,1,7,Evaluation,Demo,16,0.39,1,Lost
DEAL-2040,Pulse Dynamics,Technology,Enterprise,173500.0,6,15,1,1,1,0,1,1,0,0.05,5,0.76,1.8,0.87,-1,0.69,1,0.16,0,0,0,0,0,0,Demo,Discovery,16,0.65,0,Progressed
DEAL-2041,Everline Retail,Education,Startup,27100.0,6,22,2,6,1,0,1,1,1,0.55,1,0.37,12.6,0.27,1,0.84,2,0.31,1,0,0,0,1,33,Negotiation,Evaluation,5,0.75,1,Progressed
DEAL-2042,Coastal Foods Ltd,Retail,Mid-Market,67500.0,2,15,2,2,2,2,1,0,0,0.21,5,0.9,22.3,0.9,1,0.76,2,0.5,0,0,1,1,0,0,Discovery,Lead,24,0.6,0,Lost
DEAL-2043,Cascade Security,Logistics,Mid-Market,158100.0,7,15,0,6,0,0,1,0,1,0.44,9,0.68,10.9,0.84,1,0.54,0,1.0,1,0,0,0,0,0,Discovery,Lead,49,0.48,1,Progressed
DEAL-2044,Skyward Aerospace,Retail,SMB,42900.0,11,26,4,11,0,2,1,0,0,0.29,1,0.88,3.6,0.54,1,0.8,0,1.0,1,1,1,1,1,10,Negotiation,Evaluation,58,0.28,1,Lost
DEAL-2045,Cascade Security,Financial Services,SMB,29900.0,10,13,0,4,2,1,1,0,1,0.72,2,0.48,16.0,0.54,1,0.62,4,0.93,1,1,1,1,1,25,Negotiation,Evaluation,44,0.51,0,Lost
DEAL-2046,BlueShift AI,Education,SMB,62900.0,7,30,1,1,1,0,1,0,1,0.49,1,0.73,79.8,0.91,-1,0.73,2,0.15,0,0,0,0,1,2,Discovery,Lead,32,0.95,1,Lost
DEAL-2047,Pulse Dynamics,Technology,Mid-Market,120400.0,9,38,4,9,0,0,0,0,1,0.75,4,0.48,11.6,0.84,0,0.5,0,1.0,0,0,0,0,1,22,Discovery,Lead,43,0.44,1,Lost
DEAL-2048,Everline Retail,Technology,SMB,42700.0,1,22,1,1,2,1,1,0,1,0.69,8,0.32,1.0,0.87,-1,0.76,4,0.43,0,0,1,1,1,2,Demo,Discovery,21,0.35,1,Lost
DEAL-2049,Everline Retail,Retail,SMB,52900.0,2,37,0,1,1,2,0,0,1,0.49,2,0.26,33.9,0.66,-1,0.94,2,0.32,0,1,1,1,1,3,Discovery,Lead,25,0.96,1,Lost
DEAL-2050,Atlas Energy,Financial Services,Mid-Market,116800.0,8,25,3,6,0,2,1,1,0,0.03,4,0.16,55.3,0.76,0,0.39,5,0.03,0,1,1,1,1,32,Proposal,Negotiation,34,0.41,1,Lost
DEAL-2051,OmniCommerce,Manufacturing,Startup,34800.0,10,41,3,8,2,0,1,1,1,0.8,6,0.23,3.0,0.62,0,0.32,3,0.63,0,1,0,0,1,29,Evaluation,Demo,28,0.5,1,Lost
DEAL-2052,Everline Retail,Healthcare,SMB,58000.0,9,36,0,4,0,0,1,0,1,0.91,1,0.42,52.6,0.47,0,0.23,0,1.0,0,0,0,0,0,0,Discovery,Lead,35,0.65,1,Lost
DEAL-2053,Coastal Foods Ltd,Financial Services,SMB,65000.0,7,5,2,4,1,0,1,1,1,0.87,5,0.39,22.2,0.27,-1,0.32,5,0.25,1,1,0,0,1,30,Negotiation,Evaluation,27,0.97,0,Lost
DEAL-2054,Frontier FinCorp,Technology,Startup,10000.0,14,7,4,4,0,0,1,1,1,0.87,5,0.78,10.0,0.62,-1,0.72,3,0.02,1,0,0,0,1,8,Demo,Discovery,26,0.55,1,Progressed
DEAL-2055,Synthetix Labs,Financial Services,Mid-Market,121600.0,12,20,3,5,0,0,1,1,1,0.79,4,0.38,18.7,0.9,-1,0.4,1,0.52,1,1,0,0,0,0,Evaluation,Demo,48,0.46,1,Progressed
DEAL-2056,Solstice Media,Technology,Mid-Market,83100.0,6,40,0,3,3,3,1,0,0,0.01,6,0.48,18.7,0.59,0,0.82,3,0.1,1,0,1,1,1,23,Proposal,Negotiation,44,0.85,1,Lost
DEAL-2057,BlueShift AI,Manufacturing,SMB,31300.0,13,9,3,8,3,1,1,1,1,0.42,4,0.84,34.4,0.87,0,0.4,4,0.0,1,1,1,1,1,19,Negotiation,Evaluation,40,0.71,0,Lost
DEAL-2058,Synthetix Labs,Logistics,SMB,40000.0,1,24,0,0,0,0,1,1,1,0.54,2,0.71,8.6,0.58,0,0.58,1,0.69,0,0,0,0,0,0,Demo,Discovery,29,0.95,1,Progressed
DEAL-2059,Everline Retail,Healthcare,SMB,44800.0,7,18,0,0,2,0,1,1,1,0.67,5,0.85,7.2,0.44,1,0.7,4,0.51,1,1,0,1,0,0,Evaluation,Demo,30,0.85,0,Progressed
DEAL-2060,Cobalt Freight,Education,SMB,62700.0,8,31,1,8,0,0,1,1,1,0.87,1,0.51,81.4,0.23,-1,0.55,3,0.99,1,0,0,1,1,22,Evaluation,Demo,38,0.67,1,Lost
DEAL-2061,Acuity Networks,Retail,SMB,36600.0,11,42,4,8,0,1,1,1,1,0.6,3,0.33,19.6,0.91,0,0.81,1,0.36,1,1,1,0,1,26,Proposal,Negotiation,48,0.27,1,Progressed
DEAL-2062,Summit BioPharma,Logistics,SMB,30600.0,12,39,3,10,1,0,1,1,1,0.58,7,0.71,3.6,0.27,1,0.59,1,0.85,0,1,0,1,0,0,Demo,Discovery,8,0.78,1,Progressed
DEAL-2063,Kestrel Instruments,Retail,SMB,58200.0,5,44,0,1,0,2,1,0,1,0.93,7,0.5,14.1,0.18,-1,0.48,0,1.0,1,1,1,0,0,0,Evaluation,Demo,38,0.66,0,Lost
DEAL-2064,OmniCommerce,Education,SMB,55600.0,6,16,3,5,0,1,1,1,1,0.75,1,0.23,12.3,0.38,1,0.7,0,1.0,0,1,1,1,1,35,Negotiation,Evaluation,15,0.52,1,Progressed
DEAL-2065,BlueShift AI,Logistics,SMB,32500.0,6,8,4,6,0,0,0,0,1,0.63,1,0.16,120.0,0.66,-1,0.72,0,1.0,0,1,0,0,0,0,Discovery,Lead,23,0.8,1,Progressed
DEAL-2066,Aegis Software,Logistics,Mid-Market,111400.0,3,5,1,1,3,0,1,0,1,0.78,4,0.57,20.2,0.38,0,0.85,5,0.48,1,0,0,0,0,0,Discovery,Lead,45,0.71,1,Lost
DEAL-2067,Cobalt Freight,Logistics,Startup,34800.0,14,23,2,8,3,0,0,0,1,0.85,9,0.59,23.3,0.83,-1,0.52,4,0.82,0,1,0,1,1,2,Discovery,Lead,40,0.81,0,Lost
DEAL-2068,Acuity Networks,Manufacturing,Mid-Market,129000.0,7,38,1,7,0,3,1,1,1,0.74,7,0.83,1.0,0.48,-1,0.85,4,0.71,0,1,1,0,1,26,Proposal,Negotiation,14,0.36,1,Lost
DEAL-2069,Everline Retail,Healthcare,SMB,55100.0,8,37,2,7,3,2,1,1,1,0.64,5,0.36,15.5,0.68,0,0.79,5,0.77,0,1,1,1,0,0,Demo,Discovery,13,0.43,1,Lost
DEAL-2070,Pulse Dynamics,Healthcare,Startup,15000.0,10,45,4,4,3,0,1,1,0,0.21,1,0.77,79.8,0.85,1,0.89,4,0.93,1,1,0,1,0,0,Evaluation,Demo,37,0.83,1,Lost
DEAL-2071,BlueShift AI,Healthcare,SMB,30800.0,3,25,3,3,3,3,1,0,1,0.44,1,0.29,57.6,0.4,1,0.68,3,0.77,0,1,1,1,1,21,Demo,Discovery,11,0.67,1,Lost
DEAL-2072,BrightPath Logistics,Financial Services,Enterprise,307700.0,5,28,2,5,3,0,0,0,1,0.97,8,0.16,49.0,0.7,0,0.32,5,0.86,0,1,0,1,0,0,Discovery,Lead,6,0.51,0,Lost
DEAL-2073,Zenith Textiles,Financial Services,Startup,18700.0,4,2,4,4,1,1,1,1,1,0.72,9,0.52,3.4,0.89,-1,0.82,3,0.08,1,1,1,1,1,19,Proposal,Negotiation,12,0.28,1,Progressed
DEAL-2074,Apex Cloud Systems,Healthcare,Startup,11600.0,2,39,1,1,1,0,1,0,1,0.88,2,0.5,37.9,0.7,0,0.68,1,0.33,1,0,0,1,1,2,Proposal,Negotiation,20,0.57,0,Lost
DEAL-2075,Frontier FinCorp,Technology,Startup,11100.0,5,44,4,5,1,3,1,1,1,0.41,7,0.16,7.7,0.5,-1,0.39,5,0.0,0,0,1,1,0,0,Demo,Discovery,10,0.28,1,Lost
DEAL-2076,Solstice Media,Education,Startup,11100.0,7,36,1,1,2,0,1,1,1,0.53,7,0.82,95.1,0.75,1,0.5,5,0.01,0,1,0,0,1,7,Proposal,Negotiation,9,0.66,1,Lost
DEAL-2077,Vanguard Supply,Financial Services,SMB,26500.0,9,18,2,7,0,0,1,0,1,0.46,7,0.39,15.9,0.6,0,0.85,0,1.0,0,1,0,1,1,27,Proposal,Negotiation,3,0.38,1,Progressed
DEAL-2078,OmniCommerce,Retail,Startup,27400.0,4,7,2,3,2,3,1,0,0,0.2,9,0.9,11.3,0.4,1,0.35,3,0.24,1,1,1,1,0,0,Evaluation,Demo,25,0.59,1,Lost
DEAL-2079,Novus Capital,Education,Mid-Market,119600.0,1,6,0,0,0,2,1,0,0,0.15,7,0.82,8.1,0.51,1,0.62,3,0.22,1,0,1,0,1,35,Evaluation,Demo,51,0.65,1,Lost
DEAL-2080,Cascade Security,Technology,Mid-Market,119300.0,2,34,1,1,2,0,1,1,0,0.3,4,0.44,11.7,0.69,1,0.8,2,0.88,1,0,0,1,0,0,Evaluation,Demo,54,0.74,1,Lost
DEAL-2081,Vector Mobility,Technology,Startup,13100.0,8,37,4,7,2,1,0,0,0,0.04,5,0.41,17.2,0.82,-1,0.27,4,0.97,1,0,1,1,1,11,Discovery,Lead,47,0.54,0,Lost
DEAL-2082,Aegis Software,Healthcare,Startup,27200.0,10,24,0,0,0,0,1,1,1,0.83,3,0.69,48.2,0.64,1,0.66,0,1.0,1,1,0,1,1,31,Proposal,Negotiation,14,0.78,1,Progressed
DEAL-2083,Vector Mobility,Education,SMB,48300.0,11,21,3,3,3,0,1,1,1,0.71,9,0.69,94.8,0.83,-1,0.6,4,0.51,1,0,0,0,0,0,Demo,Discovery,15,0.79,0,Lost
DEAL-2084,OmniCommerce,Financial Services,Startup,8100.0,4,31,4,4,1,2,1,1,1,0.95,5,0.78,34.7,0.39,1,0.9,2,0.11,1,1,1,0,1,25,Proposal,Negotiation,39,0.74,1,Lost
DEAL-2085,Solstice Media,Manufacturing,Mid-Market,89800.0,8,22,4,5,0,3,1,1,1,0.54,9,0.32,20.5,0.62,0,0.94,4,0.46,1,1,1,0,1,15,Negotiation,Evaluation,3,0.72,1,Progressed
DEAL-2086,Prime Packaging,Manufacturing,SMB,74300.0,9,4,3,9,3,0,1,1,0,0.01,4,0.2,53.7,0.49,1,0.28,3,0.96,1,1,0,1,1,1,Proposal,Negotiation,21,0.76,1,Lost
DEAL-2087,Beacon Robotics,Healthcare,SMB,32800.0,4,12,4,4,1,0,1,0,1,0.75,3,0.91,1.5,0.41,-1,0.77,1,0.32,1,1,0,1,0,0,Evaluation,Demo,2,0.42,1,Progressed
DEAL-2088,Vanguard Supply,Financial Services,Mid-Market,78800.0,3,15,2,3,0,0,1,1,1,0.59,1,0.62,17.1,0.7,0,0.49,0,1.0,1,1,0,0,1,27,Negotiation,Evaluation,6,0.76,1,Progressed
DEAL-2089,Vanguard Supply,Education,SMB,38700.0,8,25,0,2,3,0,1,0,1,0.75,3,0.53,23.6,0.71,-1,0.86,3,0.1,1,1,0,1,0,0,Discovery,Lead,37,0.49,1,Lost
DEAL-2090,Zenith Textiles,Manufacturing,SMB,39200.0,9,44,2,5,3,3,0,0,1,0.74,1,0.25,30.8,0.46,1,0.46,3,0.77,0,1,1,0,0,0,Discovery,Lead,18,0.25,1,Lost
DEAL-2091,Atlas Energy,Logistics,Mid-Market,86300.0,14,26,0,0,0,1,1,1,1,0.63,7,0.73,28.3,0.91,-1,0.94,4,0.18,0,1,1,1,1,26,Proposal,Negotiation,13,0.56,0,Lost
DEAL-2092,Aegis Software,Financial Services,Startup,25400.0,8,1,0,5,0,0,0,0,1,0.55,1,0.52,10.7,0.61,-1,0.91,5,0.55,0,1,0,0,1,5,Discovery,Lead,13,0.53,1,Progressed
DEAL-2093,NexGen Health,Financial Services,Enterprise,300100.0,10,9,0,0,1,0,1,0,0,0.05,7,0.18,39.2,0.19,1,0.3,1,0.44,1,0,0,1,0,0,Evaluation,Demo,16,0.36,1,Lost
DEAL-2094,Cobalt Freight,Education,Startup,22800.0,3,3,3,3,0,0,1,1,1,0.8,1,0.92,75.8,0.91,-1,0.53,0,1.0,1,0,0,0,0,0,Demo,Discovery,12,0.68,1,Progressed
DEAL-2095,Prime Packaging,Retail,Startup,23300.0,14,44,0,6,3,0,1,0,1,0.93,6,0.29,1.0,0.5,0,0.63,3,0.55,0,1,0,1,0,0,Evaluation,Demo,30,0.76,1,Lost
DEAL-2096,Cobalt Freight,Education,Enterprise,348600.0,2,9,2,2,1,0,1,1,1,0.72,3,0.47,1.0,0.2,1,0.31,1,0.69,1,0,0,0,1,32,Proposal,Negotiation,40,0.84,0,Progressed
DEAL-2097,Cascade Security,Retail,Startup,18500.0,12,25,4,4,1,0,1,1,1,0.63,5,0.95,32.1,0.9,1,0.85,1,0.58,0,0,0,1,0,0,Demo,Discovery,6,0.72,1,Progressed
DEAL-2098,Frontier FinCorp,Healthcare,Enterprise,274600.0,5,5,3,3,0,0,1,0,1,0.72,5,0.59,3.7,0.55,-1,0.93,0,1.0,1,0,0,0,0,0,Discovery,Lead,38,0.34,0,Progressed
DEAL-2099,Coastal Foods Ltd,Retail,Mid-Market,65800.0,4,14,3,4,0,0,1,1,1,0.66,3,0.67,33.6,0.38,-1,0.72,0,1.0,1,1,0,0,1,31,Proposal,Negotiation,25,0.49,0,Progressed
DEAL-2100,Everline Retail,Retail,SMB,43100.0,12,11,0,5,1,3,0,0,1,0.8,4,0.71,34.9,0.63,-1,0.26,1,0.36,0,1,1,1,0,0,Discovery,Lead,11,0.98,1,Lost
DEAL-2101,Solstice Media,Logistics,Startup,24200.0,6,38,3,6,2,0,1,1,0,0.2,5,0.69,44.9,0.28,0,0.27,2,0.21,1,1,0,1,0,0,Evaluation,Demo,18,0.46,1,Lost
DEAL-2102,Summit BioPharma,Healthcare,SMB,64000.0,10,14,3,9,2,2,1,1,1,0.75,7,0.58,16.0,0.72,0,0.8,4,0.34,1,1,1,1,1,26,Negotiation,Evaluation,49,0.25,1,Lost
DEAL-2103,BrightPath Logistics,Manufacturing,SMB,55600.0,9,3,1,6,0,2,1,0,1,0.79,8,0.35,1.9,0.4,1,0.68,1,0.26,0,1,1,0,1,8,Proposal,Negotiation,27,0.66,0,Lost
DEAL-2104,Coastal Foods Ltd,Logistics,SMB,65000.0,14,4,4,8,0,0,1,1,1,0.72,6,0.63,1.6,0.78,-1,0.39,3,0.5,1,1,0,1,1,18,Negotiation,Evaluation,45,0.86,1,Progressed
DEAL-2105,Vector Mobility,Financial Services,Startup,28500.0,3,9,3,3,3,0,1,1,1,0.78,3,0.16,10.3,0.81,0,0.63,4,0.92,0,1,0,1,1,19,Demo,Discovery,24,0.37,1,Lost
DEAL-2106,Skyward Aerospace,Manufacturing,Mid-Market,114000.0,8,19,3,3,0,0,1,1,1,0.96,8,0.73,70.8,0.86,1,0.57,1,0.26,0,0,0,1,0,0,Evaluation,Demo,13,0.84,1,Progressed
DEAL-2107,Acuity Networks,Retail,Enterprise,313000.0,10,32,4,10,1,1,1,1,1,0.59,5,0.41,1.8,0.35,0,0.79,1,0.0,1,1,1,1,1,14,Proposal,Negotiation,36,0.97,1,Progressed
DEAL-2108,Zenith Textiles,Logistics,SMB,55100.0,3,44,3,3,1,2,1,0,1,0.7,1,0.24,8.5,0.8,1,0.42,4,0.42,0,1,1,0,0,0,Discovery,Lead,46,0.47,1,Lost
DEAL-2109,OmniCommerce,Healthcare,Mid-Market,84000.0,1,29,0,1,0,0,1,1,0,0.09,4,0.23,1.9,0.18,1,0.3,2,0.25,1,1,0,1,1,32,Evaluation,Demo,41,0.72,0,Progressed
DEAL-2110,Acuity Networks,Logistics,Mid-Market,88400.0,8,22,3,6,0,0,1,0,0,0.02,9,0.71,29.5,0.53,-1,0.63,0,1.0,0,1,0,0,1,22,Discovery,Lead,53,0.61,1,Lost
DEAL-2111,BlueShift AI,Healthcare,SMB,41300.0,14,18,0,0,0,0,1,1,1,0.5,3,0.21,1.2,0.28,1,0.61,3,0.91,1,0,0,0,1,34,Demo,Discovery,42,0.65,1,Progressed
DEAL-2112,NexGen Health,Financial Services,SMB,32800.0,12,34,2,9,0,1,0,0,1,0.89,3,0.8,8.4,0.57,0,0.27,1,0.75,1,1,1,0,1,9,Discovery,Lead,23,0.79,1,Progressed
DEAL-2113,Vector Mobility,Logistics,SMB,44500.0,7,34,2,4,1,1,1,1,1,0.97,4,0.27,6.3,0.54,0,0.55,2,0.97,1,1,1,0,1,23,Negotiation,Evaluation,11,0.42,1,Progressed
DEAL-2114,Aegis Software,Education,Enterprise,266400.0,6,30,1,3,2,1,1,0,1,0.9,8,0.55,63.6,0.7,-1,0.24,2,0.36,0,1,1,1,1,9,Negotiation,Evaluation,13,0.49,0,Lost
DEAL-2115,Frontier FinCorp,Education,Enterprise,223100.0,1,19,0,1,3,3,1,0,0,0.1,5,0.88,12.5,0.55,1,0.82,4,0.89,0,0,1,1,1,35,Discovery,Lead,50,0.76,1,Lost
DEAL-2116,BrightPath Logistics,Manufacturing,Mid-Market,102100.0,13,18,3,10,2,0,1,1,1,0.91,7,0.64,15.5,0.38,0,0.6,2,0.67,0,0,0,1,1,11,Demo,Discovery,35,0.94,0,Lost
DEAL-2117,Veritas Analytics,Manufacturing,SMB,48300.0,12,28,0,0,0,0,1,0,1,0.55,6,0.62,6.1,0.61,0,0.95,0,1.0,1,1,0,0,1,6,Negotiation,Evaluation,59,0.56,0,Progressed
DEAL-2118,OmniCommerce,Technology,Startup,33800.0,10,32,0,1,2,0,1,1,1,0.9,7,0.27,22.2,0.32,0,0.53,2,0.78,0,0,0,1,0,0,Demo,Discovery,48,0.71,0,Lost
DEAL-2119,Kestrel Instruments,Healthcare,SMB,47900.0,3,40,3,3,1,0,1,1,0,0.11,7,0.68,10.6,0.43,1,0.91,2,0.96,0,1,0,1,0,0,Demo,Discovery,34,0.74,0,Lost
DEAL-2120,Helix Diagnostics,Healthcare,Mid-Market,98700.0,10,45,0,7,0,2,1,0,1,0.96,5,0.87,52.7,0.58,1,0.47,2,0.74,0,1,1,1,1,34,Discovery,Lead,21,0.37,1,Lost
DEAL-2121,Cascade Security,Healthcare,Mid-Market,67400.0,11,20,0,1,0,0,1,1,0,0.25,6,0.54,16.8,0.7,0,0.32,0,1.0,1,1,0,0,1,13,Proposal,Negotiation,42,0.84,0,Progressed
DEAL-2122,Novus Capital,Education,SMB,40000.0,1,12,1,1,1,1,1,1,1,0.83,5,0.85,23.5,0.37,1,0.75,3,0.29,0,0,1,1,0,0,Demo,Discovery,48,0.68,1,Lost
DEAL-2123,Coastal Foods Ltd,Manufacturing,Mid-Market,126000.0,6,30,4,6,1,0,1,0,0,0.28,8,0.64,1.8,0.34,-1,0.82,1,0.3,1,1,0,1,1,8,Proposal,Negotiation,38,0.74,0,Lost
DEAL-2124,Trident Tech,Logistics,Enterprise,344800.0,5,32,2,5,0,0,0,0,1,0.76,3,0.86,30.0,0.48,0,0.27,2,0.12,0,0,0,0,0,0,Discovery,Lead,14,0.62,0,Lost
DEAL-2125,BrightPath Logistics,Healthcare,Startup,15800.0,14,19,4,4,0,3,1,1,1,0.72,9,0.72,41.5,0.6,1,0.52,1,0.12,0,1,1,0,0,0,Demo,Discovery,41,0.85,0,Lost
DEAL-2126,Solstice Media,Retail,Enterprise,287200.0,12,13,0,7,0,3,1,1,1,0.76,8,0.19,17.6,0.38,1,0.89,3,0.01,0,1,1,0,1,31,Demo,Discovery,16,0.98,0,Progressed
DEAL-2127,Solstice Media,Education,Enterprise,145800.0,12,13,1,1,0,0,1,1,0,0.11,1,0.92,3.7,0.21,1,0.57,0,1.0,1,0,0,1,0,0,Demo,Discovery,19,0.54,0,Progressed
DEAL-2128,BrightPath Logistics,Education,SMB,62300.0,2,25,0,0,1,0,1,1,1,0.89,1,0.4,16.5,0.83,0,0.96,1,0.86,1,1,0,0,1,18,Negotiation,Evaluation,43,0.97,1,Progressed
DEAL-2129,Veritas Analytics,Education,Mid-Market,99700.0,11,38,1,3,0,3,1,1,0,0.15,6,0.57,8.0,0.16,-1,0.65,0,1.0,0,0,1,0,0,0,Demo,Discovery,15,0.89,0,Lost
DEAL-2130,Aegis Software,Retail,SMB,51700.0,8,18,2,5,1,0,1,1,0,0.22,8,0.3,1.3,0.55,0,0.91,1,0.55,0,1,0,1,1,27,Proposal,Negotiation,58,0.87,1,Lost
DEAL-2131,Summit BioPharma,Manufacturing,SMB,33300.0,13,15,3,10,0,0,1,1,1,0.68,7,0.85,33.1,0.8,-1,0.31,0,1.0,0,0,0,0,1,18,Proposal,Negotiation,37,0.43,1,Progressed
DEAL-2132,Novus Capital,Retail,Enterprise,181100.0,7,14,3,4,0,0,1,1,0,0.1,3,0.61,7.8,0.52,-1,0.3,2,0.51,1,0,0,0,0,0,Demo,Discovery,4,0.52,1,Progressed
DEAL-2133,OmniCommerce,Manufacturing,Mid-Market,130300.0,2,4,1,2,0,0,1,0,0,0.01,4,0.85,29.5,0.21,1,0.67,5,0.78,1,1,0,1,1,12,Negotiation,Evaluation,9,0.55,1,Progressed
DEAL-2134,Cascade Security,Healthcare,SMB,62700.0,14,14,3,10,0,1,1,0,1,0.79,6,0.37,2.6,0.41,1,0.48,3,0.01,0,1,1,0,0,0,Discovery,Lead,19,0.55,1,Progressed
DEAL-2135,Apex Cloud Systems,Healthcare,Enterprise,206600.0,10,30,2,4,0,3,1,0,1,0.66,4,0.46,10.7,0.56,1,0.49,0,1.0,0,1,1,0,0,0,Discovery,Lead,43,0.83,1,Lost
DEAL-2136,Veritas Analytics,Financial Services,Startup,26400.0,6,2,4,4,3,0,1,0,1,0.55,1,0.34,9.0,0.78,1,0.4,5,0.81,1,0,0,1,0,0,Discovery,Lead,14,0.45,1,Lost
DEAL-2137,Atlas Energy,Manufacturing,Enterprise,148500.0,13,11,4,9,2,0,1,1,0,0.17,5,0.26,37.3,0.22,1,0.79,5,0.84,0,1,0,1,1,5,Evaluation,Demo,20,0.6,1,Lost
DEAL-2138,Cobalt Freight,Healthcare,SMB,48000.0,11,18,2,4,0,1,1,1,1,0.81,9,0.33,57.8,0.27,0,0.91,3,0.69,0,0,1,0,1,7,Demo,Discovery,22,0.63,0,Progressed
DEAL-2139,OmniCommerce,Financial Services,SMB,57800.0,8,25,0,3,1,0,0,0,1,0.95,5,0.6,11.4,0.22,0,0.34,5,0.31,0,1,0,1,0,0,Discovery,Lead,56,0.77,1,Lost
DEAL-2140,Prime Packaging,Healthcare,Mid-Market,141000.0,12,22,3,10,0,0,1,0,0,0.28,7,0.86,11.8,0.44,1,0.56,0,1.0,1,1,0,1,1,5,Proposal,Negotiation,37,0.78,1,Progressed
DEAL-2141,Vector Mobility,Retail,Enterprise,275300.0,9,38,2,3,0,3,1,0,0,0.3,2,0.21,24.0,0.87,0,0.4,0,1.0,0,1,1,0,1,12,Discovery,Lead,33,0.78,1,Lost
DEAL-2142,Trident Tech,Education,Enterprise,169000.0,12,42,4,9,0,0,1,1,1,0.68,5,0.6,26.3,0.8,1,0.59,3,0.63,0,1,0,0,1,2,Demo,Discovery,17,0.25,1,Progressed
DEAL-2143,NexGen Health,Education,Startup,21000.0,10,3,4,10,0,0,1,1,0,0.27,4,0.59,81.2,0.32,1,0.7,0,1.0,1,1,0,0,1,7,Negotiation,Evaluation,28,0.52,1,Progressed
DEAL-2144,Zenith Textiles,Education,Startup,26400.0,12,30,0,0,1,0,1,1,1,0.85,9,0.66,2.7,0.73,0,0.92,3,0.16,1,1,0,1,1,33,Negotiation,Evaluation,4,0.77,0,Progressed
DEAL-2145,Cascade Security,Manufacturing,SMB,58600.0,12,27,3,7,1,0,1,1,1,0.5,7,0.43,36.5,0.81,0,0.73,2,0.32,1,0,0,1,1,33,Proposal,Negotiation,30,0.45,0,Lost
DEAL-2146,Everline Retail,Retail,Enterprise,182400.0,8,36,2,2,0,0,0,0,1,0.84,1,0.3,10.7,0.9,0,0.68,0,1.0,1,1,0,1,0,0,Discovery,Lead,14,0.97,1,Progressed
DEAL-2147,Frontier FinCorp,Retail,Startup,8300.0,12,2,3,7,1,3,0,0,0,0.1,3,0.37,75.4,0.46,0,0.49,5,0.48,1,0,1,1,1,14,Discovery,Lead,48,0.34,1,Lost
DEAL-2148,Aegis Software,Retail,Mid-Market,80900.0,3,31,3,3,1,0,1,0,1,0.61,7,0.28,14.7,0.88,1,0.38,1,0.67,1,0,0,1,1,4,Demo,Discovery,18,0.35,0,Lost
DEAL-2149,OmniCommerce,Financial Services,SMB,57700.0,5,2,1,5,0,3,1,1,1,0.51,2,0.66,5.6,0.56,1,0.36,3,0.13,1,0,1,0,1,34,Negotiation,Evaluation,2,0.46,1,Lost
DEAL-2150,Helix Diagnostics,Logistics,SMB,71800.0,11,7,3,9,0,3,1,1,1,0.76,5,0.45,1.3,0.69,0,0.44,1,0.37,1,1,1,1,1,28,Proposal,Negotiation,44,0.87,0,Lost
DEAL-2151,Solstice Media,Healthcare,Mid-Market,122900.0,8,12,4,8,3,3,1,1,0,0.22,3,0.57,35.0,0.58,1,0.83,4,0.61,1,1,1,1,1,6,Proposal,Negotiation,35,0.28,1,Lost
DEAL-2152,Zenith Textiles,Healthcare,Startup,24000.0,6,37,3,5,0,0,1,0,1,0.42,6,0.16,45.6,0.49,1,0.71,5,0.4,1,1,0,0,1,35,Evaluation,Demo,51,0.55,1,Lost
DEAL-2153,Apex Cloud Systems,Financial Services,SMB,61200.0,2,0,0,2,0,1,1,1,1,0.62,3,0.23,5.7,0.42,0,0.39,2,0.57,1,0,1,0,0,0,Evaluation,Demo,13,0.75,1,Progressed
DEAL-2154,Frontier FinCorp,Manufacturing,Mid-Market,88600.0,6,27,2,3,1,0,0,0,1,0.42,3,0.74,50.9,0.22,1,0.31,3,0.38,1,1,0,1,0,0,Discovery,Lead,32,0.85,1,Progressed
DEAL-2155,Summit BioPharma,Logistics,Mid-Market,78600.0,12,13,2,9,3,1,1,0,1,0.65,7,0.15,5.8,0.22,-1,0.23,4,0.4,1,1,1,0,1,29,Evaluation,Demo,38,0.26,1,Lost
DEAL-2156,Beacon Robotics,Financial Services,Mid-Market,79800.0,8,32,2,7,2,1,1,1,0,0.02,1,0.63,8.4,0.53,0,0.43,5,0.64,1,1,1,1,0,0,Evaluation,Demo,7,0.94,1,Lost
DEAL-2157,Synthetix Labs,Manufacturing,SMB,49700.0,4,44,1,4,0,0,1,1,1,0.92,6,0.25,3.5,0.88,-1,0.71,2,0.55,1,0,0,0,1,34,Negotiation,Evaluation,51,0.54,1,Progressed
DEAL-2158,Beacon Robotics,Financial Services,Startup,20000.0,4,16,2,2,3,3,1,1,0,0.01,3,0.75,9.1,0.19,-1,0.24,5,0.28,1,1,1,1,1,34,Proposal,Negotiation,54,0.89,1,Lost
DEAL-2159,Solstice Media,Healthcare,Enterprise,162900.0,2,43,1,2,0,1,0,0,1,0.4,9,0.19,24.8,0.4,0,0.53,3,0.9,0,0,1,0,0,0,Discovery,Lead,54,0.47,1,Lost
DEAL-2160,Atlas Energy,Technology,Mid-Market,148100.0,7,5,1,3,0,1,0,0,1,0.54,7,0.71,5.3,0.9,1,0.82,5,0.64,0,1,1,0,0,0,Discovery,Lead,53,0.78,0,Progressed
DEAL-2161,Summit BioPharma,Manufacturing,Startup,22700.0,12,45,3,3,0,0,0,0,1,0.84,1,0.28,53.0,0.41,0,0.35,0,1.0,1,1,0,1,0,0,Discovery,Lead,54,0.63,1,Lost
DEAL-2162,Frontier FinCorp,Financial Services,Startup,28200.0,11,5,4,8,1,3,1,1,1,0.76,6,0.18,1.4,0.42,-1,0.65,5,0.83,1,1,1,1,1,32,Proposal,Negotiation,38,0.75,0,Lost
DEAL-2163,Zenith Textiles,Financial Services,Startup,16400.0,3,38,1,2,0,0,1,1,1,0.94,6,0.16,2.8,0.86,1,0.28,1,0.21,1,0,0,1,1,3,Proposal,Negotiation,60,0.56,1,Progressed
DEAL-2164,Vector Mobility,Education,Mid-Market,64100.0,1,13,1,1,1,3,1,1,1,0.62,8,0.35,43.3,0.16,0,0.28,1,0.79,0,0,1,1,1,24,Negotiation,Evaluation,33,0.76,1,Lost
DEAL-2165,Acuity Networks,Manufacturing,SMB,29700.0,2,7,2,2,1,0,1,0,1,0.92,3,0.84,1.0,0.7,-1,0.88,4,0.2,0,1,0,1,0,0,Discovery,Lead,55,0.7,1,Lost
DEAL-2166,Apex Cloud Systems,Technology,SMB,32500.0,2,18,2,2,0,0,1,1,1,0.81,2,0.83,1.0,0.83,1,0.5,3,0.97,0,0,0,0,1,28,Proposal,Negotiation,29,0.33,0,Progressed
DEAL-2167,Everline Retail,Retail,Mid-Market,137600.0,12,35,0,4,1,2,1,1,0,0.01,9,0.71,3.2,0.68,0,0.91,4,0.27,1,0,1,1,1,22,Evaluation,Demo,49,0.44,1,Lost
DEAL-2168,Cascade Security,Technology,SMB,31600.0,8,16,2,8,0,0,1,1,1,0.77,6,0.61,12.4,0.18,0,0.31,0,1.0,1,1,0,0,1,29,Negotiation,Evaluation,40,0.98,1,Progressed
DEAL-2169,NexGen Health,Manufacturing,Mid-Market,127400.0,11,34,2,9,3,3,1,1,0,0.18,6,0.31,18.2,0.22,0,0.59,5,0.12,1,1,1,1,1,1,Negotiation,Evaluation,50,0.64,0,Lost
DEAL-2170,Kestrel Instruments,Logistics,SMB,55400.0,8,24,0,1,3,0,1,0,1,0.63,1,0.76,15.0,0.39,1,0.3,3,0.48,1,1,0,1,1,19,Negotiation,Evaluation,26,0.85,0,Lost
DEAL-2171,BrightPath Logistics,Manufacturing,Mid-Market,109700.0,3,13,0,1,2,2,1,1,1,0.6,6,0.81,79.5,0.45,-1,0.2,4,0.6,0,1,1,1,0,0,Evaluation,Demo,11,0.49,1,Lost
DEAL-2172,Novus Capital,Healthcare,SMB,63400.0,4,7,4,4,0,3,1,1,1,0.76,5,0.68,9.0,0.34,-1,0.77,0,1.0,0,1,1,1,1,18,Evaluation,Demo,60,0.78,1,Lost
DEAL-2173,Helix Diagnostics,Education,Startup,31300.0,13,34,3,6,0,0,1,1,1,0.79,8,0.85,35.7,0.52,1,0.32,0,1.0,1,0,0,0,1,34,Evaluation,Demo,46,0.9,0,Progressed
DEAL-2174,Everline Retail,Logistics,Startup,9200.0,11,36,3,5,1,0,1,1,1,0.85,7,0.8,89.5,0.67,0,0.59,2,0.87,1,0,0,1,0,0,Evaluation,Demo,12,0.58,1,Progressed
DEAL-2175,Prime Packaging,Education,Mid-Market,91500.0,5,11,1,5,1,0,1,1,0,0.14,9,0.69,3.2,0.73,1,0.22,1,0.34,1,1,0,1,0,0,Evaluation,Demo,14,0.28,1,Progressed
DEAL-2176,BlueShift AI,Retail,Mid-Market,113200.0,9,34,3,7,1,1,1,1,1,0.45,3,0.19,7.4,0.51,-1,0.26,1,0.56,1,1,1,0,0,0,Evaluation,Demo,47,0.87,0,Lost
DEAL-2177,Synthetix Labs,Manufacturing,Mid-Market,154100.0,5,16,1,1,3,1,1,0,0,0.28,6,0.26,1.0,0.76,1,0.5,5,0.31,0,1,1,1,0,0,Discovery,Lead,2,0.48,0,Lost
DEAL-2178,Vector Mobility,Manufacturing,Startup,30100.0,5,37,3,4,3,3,1,1,1,0.45,1,0.75,17.5,0.76,0,0.38,4,0.36,1,1,1,1,1,5,Proposal,Negotiation,29,0.47,1,Lost
DEAL-2179,Cascade Security,Financial Services,Startup,33200.0,9,25,0,2,0,0,1,0,1,0.53,7,0.93,10.3,0.32,-1,0.58,0,1.0,0,0,0,1,0,0,Discovery,Lead,25,0.46,1,Progressed
DEAL-2180,Cobalt Freight,Technology,SMB,35300.0,2,19,2,2,3,2,1,1,1,0.58,8,0.73,87.8,0.53,-1,0.56,3,0.86,1,1,1,1,1,9,Proposal,Negotiation,15,0.41,0,Lost
DEAL-2181,Beacon Robotics,Education,Startup,31400.0,3,43,1,1,2,1,1,1,1,0.69,9,0.28,45.1,0.58,0,0.79,2,0.79,1,1,1,1,1,24,Proposal,Negotiation,55,0.35,1,Lost
DEAL-2182,Synthetix Labs,Retail,SMB,58100.0,1,25,1,1,2,1,0,0,1,0.53,3,0.31,14.7,0.65,0,0.36,5,0.58,0,0,1,1,1,28,Discovery,Lead,58,0.5,1,Lost
DEAL-2183,Apex Cloud Systems,Manufacturing,Startup,8800.0,7,15,3,4,2,0,1,1,1,0.94,7,0.35,12.2,0.88,-1,0.26,2,0.35,1,1,0,1,1,24,Negotiation,Evaluation,50,0.55,1,Lost
DEAL-2184,Vanguard Supply,Healthcare,Startup,14700.0,10,12,0,3,1,1,1,1,1,0.73,3,0.54,6.2,0.51,1,0.58,4,0.36,1,0,1,1,1,23,Negotiation,Evaluation,14,0.61,0,Lost
DEAL-2185,Synthetix Labs,Financial Services,Startup,22800.0,9,19,1,7,0,0,1,0,1,0.79,8,0.83,6.8,0.24,-1,0.23,1,0.33,0,1,0,0,1,17,Negotiation,Evaluation,56,0.31,1,Progressed
DEAL-2186,NexGen Health,Education,Startup,34800.0,10,0,0,0,0,1,1,0,1,0.85,5,0.81,15.4,0.69,-1,0.44,5,0.34,1,1,1,0,1,25,Proposal,Negotiation,27,0.72,1,Progressed
DEAL-2187,Pulse Dynamics,Retail,SMB,73900.0,10,43,3,4,1,2,0,0,0,0.09,3,0.2,1.4,0.54,0,0.64,1,0.91,0,1,1,1,0,0,Discovery,Lead,53,0.57,1,Lost
DEAL-2188,Veritas Analytics,Healthcare,Startup,31700.0,8,0,0,1,2,3,1,1,1,0.79,4,0.65,1.9,0.29,0,0.2,3,0.41,1,1,1,1,0,0,Evaluation,Demo,21,0.97,1,Lost
DEAL-2189,Cascade Security,Manufacturing,Mid-Market,107400.0,6,32,3,6,3,2,1,1,1,0.93,7,0.37,10.9,0.83,-1,0.33,3,0.84,1,1,1,1,1,22,Proposal,Negotiation,20,0.4,1,Lost
DEAL-2190,Helix Diagnostics,Logistics,SMB,56000.0,14,37,2,9,1,0,0,0,1,0.83,5,0.83,3.6,0.85,0,0.71,1,0.02,0,0,0,1,0,0,Discovery,Lead,24,0.78,0,Lost
DEAL-2191,Synthetix Labs,Logistics,SMB,44900.0,4,41,4,4,1,0,1,0,1,0.87,5,0.59,23.4,0.88,0,0.61,4,0.2,1,1,0,0,0,0,Evaluation,Demo,58,0.53,1,Progressed
DEAL-2192,Trident Tech,Logistics,SMB,59800.0,5,1,3,4,0,0,1,0,1,0.56,6,0.15,3.8,0.83,-1,0.34,2,0.31,1,0,0,0,1,35,Negotiation,Evaluation,15,0.98,1,Progressed
DEAL-2193,Atlas Energy,Retail,Startup,32100.0,7,29,2,7,3,0,1,1,1,0.92,7,0.75,40.0,0.34,-1,0.9,4,0.26,0,1,0,1,1,5,Evaluation,Demo,46,0.4,0,Lost
DEAL-2194,BrightPath Logistics,Technology,Startup,21200.0,1,30,0,1,0,0,0,0,1,0.74,8,0.53,26.9,0.64,-1,0.6,0,1.0,0,1,0,0,0,0,Discovery,Lead,27,0.99,0,Progressed
DEAL-2195,Prime Packaging,Financial Services,SMB,67800.0,1,22,0,1,0,1,1,0,0,0.16,6,0.5,7.2,0.51,0,0.27,5,0.94,1,0,1,0,0,0,Discovery,Lead,13,0.88,0,Lost
DEAL-2196,Summit BioPharma,Retail,SMB,43200.0,11,37,4,8,0,2,1,0,1,0.69,9,0.51,8.2,0.41,1,0.59,3,0.76,1,0,1,1,1,18,Discovery,Lead,46,0.97,0,Lost
DEAL-2197,Coastal Foods Ltd,Retail,SMB,63100.0,11,41,2,9,2,2,1,1,1,0.87,4,0.35,15.2,0.8,0,0.56,2,0.28,1,1,1,1,1,33,Proposal,Negotiation,48,0.57,0,Lost
DEAL-2198,Zenith Textiles,Healthcare,Startup,20200.0,14,32,1,7,2,1,1,1,1,0.7,9,0.81,1.5,0.88,0,0.89,5,1.0,0,1,1,1,1,28,Evaluation,Demo,17,0.66,0,Lost
DEAL-2199,OmniCommerce,Education,SMB,46200.0,10,3,0,5,1,0,1,1,1,0.92,7,0.45,3.8,0.32,1,0.84,1,0.85,0,0,0,0,0,0,Demo,Discovery,15,0.37,0,Progressed
DEAL-2200,Frontier FinCorp,Manufacturing,Mid-Market,144200.0,13,11,3,6,0,0,1,0,1,0.76,6,0.32,76.0,0.58,0,0.2,1,0.66,1,1,0,1,0,0,Demo,Discovery,3,0.47,1,Progressed
DEAL-2201,Kestrel Instruments,Technology,SMB,68700.0,13,44,0,3,1,3,1,0,0,0.13,9,0.44,18.1,0.73,0,0.67,4,0.27,1,0,1,1,0,0,Discovery,Lead,60,0.9,0,Lost
DEAL-2202,NexGen Health,Retail,Startup,26300.0,13,32,1,7,0,0,1,0,1,0.95,9,0.42,27.3,0.82,0,0.7,4,0.34,0,1,0,0,1,22,Evaluation,Demo,56,0.76,1,Lost
DEAL-2203,Vanguard Supply,Logistics,SMB,44400.0,11,21,0,4,2,1,1,1,1,0.91,6,0.74,1.9,0.54,-1,0.71,5,0.04,1,1,1,1,1,24,Proposal,Negotiation,37,0.46,0,Lost
DEAL-2204,Frontier FinCorp,Financial Services,Mid-Market,137400.0,4,23,2,4,3,0,1,1,1,0.81,3,0.51,14.8,0.75,0,0.55,5,0.93,1,0,0,1,1,9,Proposal,Negotiation,6,0.87,0,Lost
DEAL-2205,Cobalt Freight,Healthcare,Enterprise,289400.0,13,15,3,10,3,0,1,0,0,0.09,6,0.86,19.0,0.61,0,0.63,5,0.46,1,1,0,1,1,9,Proposal,Negotiation,4,0.48,0,Lost
DEAL-2206,Atlas Energy,Manufacturing,Mid-Market,125900.0,8,7,1,6,0,1,1,0,1,0.94,8,0.49,4.3,0.35,1,0.82,0,1.0,1,1,1,0,0,0,Evaluation,Demo,39,0.53,0,Progressed
DEAL-2207,Trident Tech,Education,SMB,30700.0,11,12,2,3,2,0,1,1,1,0.43,5,0.92,14.2,0.41,-1,0.82,4,0.89,1,0,0,1,1,14,Negotiation,Evaluation,60,0.51,0,Lost
DEAL-2208,Kestrel Instruments,Logistics,SMB,73500.0,13,26,3,3,0,0,1,1,1,0.4,2,0.17,6.6,0.47,1,0.24,3,0.37,1,0,0,0,1,30,Proposal,Negotiation,54,0.4,1,Progressed
DEAL-2209,Pulse Dynamics,Retail,SMB,69400.0,13,39,1,2,2,0,1,1,1,0.91,9,0.59,77.6,0.65,-1,0.96,2,0.2,1,0,0,0,1,13,Negotiation,Evaluation,4,0.27,1,Lost
DEAL-2210,Novus Capital,Healthcare,Mid-Market,154000.0,7,15,3,3,1,0,1,0,1,0.54,9,0.66,7.2,0.55,1,0.98,4,0.53,1,0,0,1,0,0,Demo,Discovery,60,0.3,1,Progressed
DEAL-2211,BlueShift AI,Healthcare,Mid-Market,87300.0,14,8,0,3,0,1,1,1,0,0.06,7,0.5,13.8,0.52,-1,0.77,2,0.26,1,1,1,1,0,0,Evaluation,Demo,34,0.56,1,Lost
DEAL-2212,Pulse Dynamics,Retail,SMB,57600.0,9,5,4,9,2,2,1,1,1,0.58,9,0.51,23.4,0.22,0,0.5,4,0.25,1,1,1,1,1,13,Negotiation,Evaluation,54,0.7,1,Lost
DEAL-2213,Zenith Textiles,Healthcare,Mid-Market,139200.0,10,0,4,10,0,3,1,1,0,0.13,9,0.2,95.3,0.84,1,0.97,1,0.24,1,1,1,0,0,0,Evaluation,Demo,51,0.38,0,Lost
DEAL-2214,Coastal Foods Ltd,Healthcare,SMB,36500.0,12,35,2,2,1,2,1,1,0,0.28,9,0.92,57.2,0.53,-1,0.24,2,0.58,1,1,1,1,1,24,Negotiation,Evaluation,45,0.45,1,Lost
DEAL-2215,Cobalt Freight,Financial Services,SMB,58900.0,1,22,1,1,0,0,1,1,1,0.78,5,0.66,69.1,0.87,0,0.37,1,0.47,0,1,0,0,1,17,Demo,Discovery,60,0.56,0,Lost
DEAL-2216,Coastal Foods Ltd,Manufacturing,Startup,34500.0,9,27,3,7,0,0,1,0,1,0.43,6,0.22,90.9,0.59,1,0.96,5,0.8,1,0,0,1,1,21,Negotiation,Evaluation,47,0.51,0,Lost
DEAL-2217,BrightPath Logistics,Logistics,SMB,34400.0,3,11,3,3,0,2,1,1,1,0.74,1,0.77,34.0,0.25,-1,0.63,0,1.0,0,0,1,0,1,30,Negotiation,Evaluation,47,0.25,1,Lost
DEAL-2218,Helix Diagnostics,Education,Mid-Market,89500.0,14,26,2,2,1,1,1,0,0,0.05,7,0.23,30.4,0.24,0,0.37,4,0.04,1,1,1,1,1,8,Evaluation,Demo,56,0.92,0,Lost
DEAL-2219,Acuity Networks,Technology,Startup,28300.0,3,6,3,3,1,1,1,1,1,0.56,8,0.34,6.8,0.79,-1,0.42,1,0.28,1,1,1,1,0,0,Evaluation,Demo,23,0.31,0,Progressed
DEAL-2220,BlueShift AI,Technology,Enterprise,342600.0,6,32,0,3,0,1,1,1,0,0.04,8,0.9,4.3,0.84,1,0.39,3,0.14,0,1,1,0,1,28,Demo,Discovery,18,0.72,1,Progressed
DEAL-2221,Coastal Foods Ltd,Retail,SMB,41000.0,2,4,0,0,0,2,1,1,1,0.8,4,0.8,20.0,0.9,0,0.82,1,0.02,1,1,1,1,1,6,Proposal,Negotiation,7,0.39,1,Progressed
DEAL-2222,Acuity Networks,Manufacturing,SMB,27800.0,8,37,2,5,2,1,1,0,1,0.42,5,0.29,1.0,0.68,0,0.78,5,0.74,1,0,1,1,0,0,Demo,Discovery,57,0.83,0,Lost
DEAL-2223,OmniCommerce,Manufacturing,SMB,26600.0,6,6,0,4,2,0,1,1,1,0.82,4,0.93,1.0,0.31,-1,0.21,2,0.3,1,0,0,1,1,8,Demo,Discovery,14,0.61,1,Progressed
DEAL-2224,Vanguard Supply,Healthcare,SMB,47400.0,11,41,1,2,1,3,1,1,1,0.66,2,0.81,6.2,0.41,1,0.88,5,0.86,1,1,1,0,1,35,Negotiation,Evaluation,2,0.38,1,Lost
DEAL-2225,Cascade Security,Technology,SMB,55300.0,6,2,2,6,0,3,1,0,1,0.73,1,0.76,24.1,0.2,-1,0.73,4,0.77,0,1,1,0,0,0,Discovery,Lead,33,0.78,1,Lost
DEAL-2226,BlueShift AI,Manufacturing,Mid-Market,62800.0,10,45,2,6,1,0,0,0,1,0.77,6,0.81,45.2,0.9,0,0.65,2,0.02,1,0,0,1,0,0,Discovery,Lead,26,0.94,1,Lost
DEAL-2227,Vector Mobility,Technology,SMB,69000.0,6,27,1,6,0,3,1,0,1,0.49,1,0.76,31.3,0.9,1,0.71,0,1.0,1,0,1,0,1,15,Demo,Discovery,30,0.83,1,Lost
DEAL-2228,Zenith Textiles,Financial Services,Mid-Market,119000.0,14,36,0,1,3,0,1,0,0,0.04,7,0.68,1.0,0.56,0,0.92,5,0.46,1,0,0,1,1,9,Negotiation,Evaluation,5,0.84,1,Lost
DEAL-2229,Cascade Security,Healthcare,Enterprise,143100.0,10,21,3,9,1,0,1,0,1,0.52,6,0.92,15.7,0.43,1,0.82,4,0.15,1,1,0,1,0,0,Evaluation,Demo,29,0.76,0,Progressed
DEAL-2230,Novus Capital,Education,SMB,61900.0,8,18,4,6,0,2,1,0,1,0.65,5,0.85,8.2,0.71,0,0.7,4,0.55,1,0,1,1,0,0,Evaluation,Demo,4,0.39,1,Progressed
DEAL-2231,Frontier FinCorp,Education,Enterprise,333600.0,11,43,2,6,1,0,1,0,0,0.17,8,0.75,12.2,0.29,-1,0.8,4,0.06,0,1,0,0,0,0,Demo,Discovery,36,0.87,1,Lost
DEAL-2232,Atlas Energy,Retail,Enterprise,252300.0,4,23,1,1,3,0,1,0,1,0.68,4,0.18,33.7,0.64,1,0.3,5,0.37,1,0,0,1,0,0,Demo,Discovery,42,0.84,1,Lost
DEAL-2233,Vanguard Supply,Education,SMB,49500.0,8,32,0,1,0,0,1,0,1,0.79,4,0.38,60.1,0.43,0,0.38,1,0.58,1,0,0,0,1,16,Demo,Discovery,37,0.97,1,Lost
DEAL-2234,Vanguard Supply,Logistics,Mid-Market,144400.0,6,41,0,2,2,0,1,1,1,0.68,2,0.52,10.6,0.31,-1,0.72,5,0.21,1,1,0,1,0,0,Evaluation,Demo,32,0.41,1,Lost
DEAL-2235,Cobalt Freight,Healthcare,Startup,15300.0,1,12,1,1,0,0,1,1,1,0.91,5,0.31,37.2,0.59,0,0.62,3,0.81,0,1,0,0,1,18,Negotiation,Evaluation,43,0.91,0,Progressed
DEAL-2236,Everline Retail,Technology,Mid-Market,66700.0,5,9,3,5,3,3,1,1,0,0.08,3,0.24,10.7,0.89,-1,0.86,4,0.61,1,1,1,1,1,16,Proposal,Negotiation,32,0.84,1,Lost
DEAL-2237,Solstice Media,Healthcare,SMB,64800.0,11,4,0,1,1,0,1,1,1,0.57,6,0.47,25.7,0.65,0,0.42,5,0.38,1,1,0,1,0,0,Evaluation,Demo,47,0.94,0,Progressed
DEAL-2238,Everline Retail,Education,Startup,27100.0,13,24,4,6,2,0,1,0,1,0.9,8,0.35,60.1,0.38,0,0.5,4,0.83,1,1,0,0,1,34,Demo,Discovery,44,0.93,1,Lost
DEAL-2239,BrightPath Logistics,Technology,SMB,74800.0,6,6,3,4,0,0,1,0,1,0.83,3,0.15,2.6,0.28,0,0.69,3,0.38,1,1,0,1,0,0,Evaluation,Demo,10,0.61,1,Progressed
DEAL-2240,Solstice Media,Manufacturing,Startup,13900.0,4,27,3,4,0,3,1,0,1,0.75,2,0.41,1.0,0.48,0,0.63,4,0.67,0,0,1,0,1,20,Discovery,Lead,10,0.58,1,Lost
DEAL-2241,NexGen Health,Technology,Mid-Market,146300.0,11,43,0,4,2,3,1,1,1,0.69,5,0.24,1.0,0.16,-1,0.37,2,0.7,0,0,1,1,0,0,Demo,Discovery,38,0.63,0,Lost
DEAL-2242,Everline Retail,Education,Startup,27200.0,2,28,1,1,2,0,1,1,1,0.58,5,0.5,8.0,0.9,1,0.95,2,0.3,0,0,0,1,0,0,Demo,Discovery,5,0.54,0,Lost
DEAL-2243,BlueShift AI,Retail,Enterprise,195200.0,10,6,3,7,0,0,1,1,0,0.27,6,0.3,72.1,0.27,-1,0.64,0,1.0,1,1,0,0,0,0,Evaluation,Demo,46,0.27,1,Lost
DEAL-2244,Beacon Robotics,Education,Startup,34000.0,5,11,4,5,0,0,0,0,1,0.91,5,0.47,20.8,0.88,0,0.85,1,0.99,1,1,0,1,0,0,Discovery,Lead,48,0.72,1,Progressed
DEAL-2245,Cobalt Freight,Education,Startup,20100.0,7,1,2,4,0,2,1,1,1,0.77,9,0.54,17.5,0.69,0,0.75,2,0.97,1,0,1,1,1,12,Proposal,Negotiation,60,0.92,1,Progressed
DEAL-2246,Synthetix Labs,Logistics,Startup,14500.0,4,44,0,2,0,0,1,0,1,0.84,8,0.92,10.5,0.26,0,0.83,2,0.43,0,1,0,1,0,0,Discovery,Lead,3,0.35,1,Progressed
DEAL-2247,Atlas Energy,Healthcare,SMB,67200.0,13,45,1,6,1,0,1,1,1,0.86,9,0.61,53.9,0.85,1,0.35,1,0.55,0,1,0,1,0,0,Demo,Discovery,16,0.75,0,Progressed
DEAL-2248,Pulse Dynamics,Manufacturing,Enterprise,225000.0,11,14,0,5,0,3,1,0,0,0.13,3,0.69,15.5,0.65,0,0.39,5,0.35,0,1,1,1,1,20,Proposal,Negotiation,17,0.77,1,Lost
DEAL-2249,Skyward Aerospace,Financial Services,Mid-Market,139200.0,7,12,2,7,2,2,1,1,1,0.47,2,0.34,16.5,0.87,0,0.91,4,0.55,1,0,1,1,1,7,Negotiation,Evaluation,34,0.52,0,Lost
DEAL-2250,Vector Mobility,Education,Startup,8900.0,6,39,0,2,1,0,1,1,1,0.46,2,0.17,4.9,0.47,0,0.47,3,0.4,1,1,0,1,0,0,Evaluation,Demo,8,0.75,0,Lost
DEAL-2251,Pulse Dynamics,Retail,Enterprise,328300.0,3,15,2,3,1,1,1,1,1,0.86,8,0.84,9.7,0.89,1,0.36,5,0.22,0,1,1,1,1,15,Negotiation,Evaluation,57,0.96,1,Progressed
DEAL-2252,Vector Mobility,Manufacturing,Mid-Market,134200.0,14,20,1,2,0,0,0,0,1,0.95,7,0.35,1.8,0.81,-1,0.25,1,0.99,0,0,0,0,1,4,Discovery,Lead,59,0.48,1,Progressed
DEAL-2253,Novus Capital,Education,SMB,73600.0,5,43,0,0,0,0,1,1,1,0.54,7,0.39,1.7,0.88,1,0.27,0,1.0,0,0,0,0,0,0,Demo,Discovery,54,0.28,1,Progressed
DEAL-2254,Apex Cloud Systems,Financial Services,SMB,46100.0,7,40,4,7,0,0,1,1,1,0.51,2,0.38,12.6,0.62,0,0.87,1,0.96,1,1,0,0,1,14,Proposal,Negotiation,30,0.88,0,Progressed
DEAL-2255,Apex Cloud Systems,Technology,Startup,17800.0,14,2,0,4,0,1,1,0,1,0.46,2,0.34,40.0,0.43,1,0.56,0,1.0,1,0,1,1,1,28,Negotiation,Evaluation,2,0.47,1,Progressed
DEAL-2256,OmniCommerce,Retail,Startup,10300.0,7,4,4,7,0,3,1,1,1,0.65,8,0.88,28.4,0.82,-1,0.59,0,1.0,1,1,1,0,1,30,Proposal,Negotiation,59,0.59,1,Progressed
DEAL-2257,Kestrel Instruments,Healthcare,Startup,21700.0,4,2,2,4,0,3,0,0,1,0.94,2,0.67,35.4,0.76,1,0.37,4,0.5,0,0,1,1,0,0,Discovery,Lead,39,0.33,1,Lost
DEAL-2258,Everline Retail,Manufacturing,Enterprise,305100.0,9,21,4,7,0,2,1,1,1,0.59,7,0.73,50.1,0.18,0,0.85,1,0.45,1,0,1,0,1,30,Proposal,Negotiation,8,0.69,0,Lost
DEAL-2259,Coastal Foods Ltd,Logistics,SMB,56700.0,13,22,1,8,0,3,1,1,1,0.61,6,0.73,18.6,0.73,1,0.45,0,1.0,1,1,1,0,1,33,Proposal,Negotiation,44,0.46,1,Progressed
DEAL-2260,Beacon Robotics,Education,SMB,68800.0,11,45,1,2,0,2,0,0,1,0.79,1,0.89,1.0,0.17,1,0.44,0,1.0,0,1,1,0,0,0,Discovery,Lead,49,0.81,1,Lost
DEAL-2261,Vanguard Supply,Technology,Enterprise,125300.0,12,19,4,10,0,2,1,0,0,0.29,3,0.92,3.3,0.25,0,0.43,3,0.7,1,0,1,0,1,30,Negotiation,Evaluation,32,0.95,1,Lost
DEAL-2262,Zenith Textiles,Healthcare,Startup,16800.0,13,3,2,6,2,1,1,1,1,0.48,7,0.68,1.3,0.74,1,0.97,5,0.6,1,1,1,1,0,0,Demo,Discovery,52,0.9,1,Lost
DEAL-2263,Kestrel Instruments,Retail,SMB,54700.0,12,32,4,6,2,0,1,1,1,0.56,9,0.25,86.8,0.87,1,0.35,3,0.25,1,1,0,1,1,7,Evaluation,Demo,27,0.32,1,Lost
DEAL-2264,Everline Retail,Healthcare,SMB,54700.0,14,30,0,0,2,0,1,0,1,0.56,3,0.43,8.7,0.44,1,0.57,5,0.21,0,1,0,0,1,17,Demo,Discovery,19,0.27,0,Lost
DEAL-2265,BrightPath Logistics,Technology,SMB,71000.0,1,40,0,0,1,2,1,1,0,0.17,1,0.78,6.3,0.43,-1,0.34,2,0.16,1,1,1,1,1,24,Negotiation,Evaluation,2,0.97,1,Lost
DEAL-2266,Beacon Robotics,Manufacturing,Mid-Market,91600.0,7,7,0,6,1,2,0,0,1,0.73,5,0.37,45.3,0.26,1,0.27,2,0.21,0,0,1,1,1,24,Discovery,Lead,45,0.45,0,Lost
DEAL-2267,Everline Retail,Manufacturing,Enterprise,253500.0,14,42,2,2,2,0,1,0,0,0.17,4,0.81,13.2,0.54,1,0.36,5,0.88,0,0,0,1,0,0,Demo,Discovery,53,0.75,0,Lost
DEAL-2268,Prime Packaging,Logistics,Mid-Market,68800.0,11,40,3,6,1,0,1,1,1,0.93,6,0.29,29.9,0.69,0,0.58,2,0.57,1,0,0,1,0,0,Evaluation,Demo,18,0.61,0,Lost
DEAL-2269,Atlas Energy,Financial Services,Enterprise,332500.0,7,19,4,7,2,0,1,1,0,0.11,4,0.55,40.7,0.61,1,0.47,2,0.8,0,0,0,1,0,0,Demo,Discovery,49,0.73,1,Lost
DEAL-2270,Vector Mobility,Manufacturing,SMB,73900.0,12,12,4,10,1,0,1,0,1,0.76,4,0.26,55.7,0.64,0,0.57,1,0.95,1,1,0,1,0,0,Discovery,Lead,7,0.58,0,Lost
DEAL-2271,BlueShift AI,Education,Startup,11600.0,1,41,0,1,1,3,1,1,1,0.71,5,0.9,39.4,0.5,1,0.48,1,0.09,1,1,1,1,0,0,Demo,Discovery,45,0.76,1,Lost
DEAL-2272,Veritas Analytics,Logistics,Mid-Market,95400.0,10,22,3,4,0,2,1,1,1,0.69,5,0.69,26.0,0.81,-1,0.54,1,0.85,1,0,1,0,0,0,Demo,Discovery,30,0.33,1,Lost
DEAL-2273,Apex Cloud Systems,Retail,SMB,48100.0,14,17,0,4,0,0,1,0,1,0.78,2,0.21,2.0,0.58,-1,0.59,0,1.0,0,1,0,0,1,11,Discovery,Lead,19,0.96,0,Progressed
DEAL-2274,Aegis Software,Logistics,SMB,56800.0,10,22,1,3,1,3,1,1,1,0.68,5,0.3,4.4,0.63,0,0.75,1,0.19,1,1,1,1,1,12,Negotiation,Evaluation,51,0.41,0,Lost
DEAL-2275,Frontier FinCorp,Technology,Startup,11700.0,1,31,1,1,0,0,0,0,1,0.55,9,0.46,36.4,0.83,1,0.81,2,0.87,1,0,0,0,0,0,Discovery,Lead,18,0.97,0,Progressed
DEAL-2276,Beacon Robotics,Financial Services,SMB,28300.0,8,14,0,5,0,0,1,0,1,0.67,4,0.23,1.0,0.25,0,0.97,2,0.74,0,1,0,0,0,0,Discovery,Lead,32,0.91,1,Progressed
DEAL-2277,Frontier FinCorp,Financial Services,Mid-Market,149500.0,1,33,0,1,0,0,1,0,1,0.67,3,0.17,7.4,0.65,0,0.27,0,1.0,1,1,0,0,1,3,Proposal,Negotiation,47,0.37,0,Progressed
DEAL-2278,Summit BioPharma,Technology,Mid-Market,141100.0,13,39,4,11,0,0,1,1,0,0.19,4,0.28,30.1,0.16,1,0.61,3,0.89,0,1,0,0,1,2,Evaluation,Demo,9,0.29,0,Progressed
DEAL-2279,Cascade Security,Logistics,SMB,49700.0,6,33,3,5,1,0,1,1,1,0.4,6,0.61,34.2,0.22,0,0.23,3,0.9,1,1,0,0,0,0,Evaluation,Demo,45,0.71,0,Progressed
DEAL-2280,Beacon Robotics,Technology,SMB,59500.0,1,19,0,1,2,2,1,0,1,0.55,7,0.27,17.1,0.52,0,0.4,2,0.87,1,1,1,1,1,29,Evaluation,Demo,60,0.39,0,Lost
DEAL-2281,Coastal Foods Ltd,Retail,SMB,58900.0,11,44,3,8,2,0,1,1,1,0.96,2,0.19,11.1,0.65,0,0.56,3,0.95,1,1,0,1,1,21,Proposal,Negotiation,22,0.36,0,Progressed
DEAL-2282,Prime Packaging,Technology,Startup,12300.0,10,13,0,6,0,0,1,1,1,0.98,5,0.94,14.9,0.91,0,0.63,0,1.0,1,0,0,1,1,24,Evaluation,Demo,24,0.45,1,Progressed
DEAL-2283,Atlas Energy,Healthcare,Enterprise,327000.0,10,8,0,3,0,2,1,1,1,0.85,2,0.26,60.9,0.45,0,0.97,1,0.0,0,0,1,0,1,8,Demo,Discovery,32,0.98,1,Progressed
DEAL-2284,Apex Cloud Systems,Logistics,SMB,42000.0,7,24,0,0,1,2,1,1,1,0.91,6,0.88,47.5,0.77,-1,0.52,5,0.03,1,1,1,1,1,13,Proposal,Negotiation,36,0.7,0,Lost
DEAL-2285,Cascade Security,Manufacturing,SMB,71800.0,5,39,4,5,0,0,1,1,1,0.86,7,0.19,7.7,0.53,0,0.28,1,0.87,0,1,0,1,1,32,Negotiation,Evaluation,54,0.46,1,Lost
DEAL-2286,Trident Tech,Healthcare,SMB,46900.0,11,40,3,6,1,0,1,1,1,0.91,6,0.86,10.2,0.7,0,0.85,2,0.83,0,1,0,1,1,20,Proposal,Negotiation,60,0.8,0,Progressed
DEAL-2287,NexGen Health,Retail,SMB,69100.0,11,4,2,3,1,1,1,1,0,0.08,3,0.22,9.8,0.27,-1,0.76,4,0.12,1,1,1,1,1,19,Proposal,Negotiation,34,0.68,1,Lost
DEAL-2288,Cascade Security,Manufacturing,Enterprise,200800.0,8,30,0,5,0,0,1,1,1,0.8,7,0.16,19.8,0.39,1,0.66,0,1.0,1,0,0,0,1,29,Evaluation,Demo,9,0.42,1,Progressed
DEAL-2289,BlueShift AI,Manufacturing,Mid-Market,132000.0,7,25,2,7,0,0,1,1,0,0.15,6,0.83,70.5,0.26,0,0.44,1,0.49,1,1,0,0,1,9,Negotiation,Evaluation,4,0.9,1,Lost
DEAL-2290,Cascade Security,Retail,Enterprise,227600.0,5,17,1,2,1,0,0,0,1,0.61,1,0.48,4.3,0.62,1,0.84,5,0.65,1,0,0,1,0,0,Discovery,Lead,29,0.6,0,Progressed
DEAL-2291,Vector Mobility,Retail,Startup,9000.0,3,5,2,3,2,0,0,0,1,0.98,4,0.34,37.0,0.17,-1,0.28,4,0.67,0,0,0,1,0,0,Discovery,Lead,14,0.33,1,Lost
DEAL-2292,OmniCommerce,Manufacturing,SMB,53500.0,2,21,0,1,1,0,1,1,1,0.6,9,0.32,1.0,0.21,0,0.95,1,0.71,0,0,0,1,0,0,Demo,Discovery,28,0.9,1,Progressed
DEAL-2293,Pulse Dynamics,Logistics,Enterprise,305800.0,9,45,4,9,0,2,1,1,0,0.2,3,0.41,43.8,0.68,-1,0.74,5,0.77,1,1,1,0,1,31,Proposal,Negotiation,29,0.69,1,Lost
DEAL-2294,NexGen Health,Financial Services,Startup,29600.0,11,34,2,4,0,1,1,1,1,0.68,8,0.3,6.4,0.52,1,0.85,0,1.0,1,1,1,0,1,5,Negotiation,Evaluation,35,0.91,1,Progressed
DEAL-2295,Coastal Foods Ltd,Logistics,Mid-Market,122000.0,14,43,1,1,2,2,1,1,1,0.46,3,0.25,29.3,0.81,0,0.7,5,0.9,0,0,1,1,0,0,Demo,Discovery,36,0.67,1,Lost
DEAL-2296,Apex Cloud Systems,Technology,Startup,17100.0,7,13,1,4,2,3,1,1,1,0.62,6,0.34,81.9,0.56,0,0.21,3,0.31,1,0,1,0,0,0,Evaluation,Demo,4,0.29,0,Lost
DEAL-2297,Aegis Software,Manufacturing,Startup,15600.0,1,38,0,0,0,1,1,0,1,0.95,8,0.17,1.3,0.35,-1,0.44,0,1.0,0,0,1,0,0,0,Demo,Discovery,34,0.83,0,Lost
DEAL-2298,OmniCommerce,Healthcare,Enterprise,149700.0,14,31,3,6,0,0,1,1,0,0.12,8,0.25,47.6,0.42,-1,0.46,0,1.0,1,1,0,0,1,16,Negotiation,Evaluation,29,0.48,1,Progressed
DEAL-2299,Kestrel Instruments,Education,SMB,68500.0,10,17,1,8,1,3,0,0,0,0.19,4,0.86,4.7,0.79,-1,0.7,3,0.47,1,1,1,1,0,0,Discovery,Lead,55,0.67,0,Lost
DEAL-2300,Cobalt Freight,Retail,Startup,27000.0,14,36,0,2,1,2,1,1,0,0.03,2,0.27,12.1,0.49,1,0.39,2,0.46,1,1,1,1,1,12,Proposal,Negotiation,57,0.77,1,Lost
DEAL-2301,Coastal Foods Ltd,Education,Enterprise,210100.0,11,43,2,3,3,0,1,0,1,0.51,5,0.85,3.4,0.45,0,0.4,5,0.59,0,1,0,1,0,0,Discovery,Lead,2,0.86,0,Lost
DEAL-2302,Helix Diagnostics,Healthcare,Startup,32000.0,8,25,4,7,0,0,1,1,1,0.92,8,0.89,49.2,0.4,0,0.28,1,0.54,0,0,0,0,0,0,Evaluation,Demo,12,0.7,0,Progressed
DEAL-2303,Cascade Security,Logistics,Enterprise,268400.0,8,28,2,6,1,2,1,1,0,0.05,5,0.92,26.8,0.65,-1,0.43,5,0.22,1,1,1,1,1,27,Negotiation,Evaluation,25,0.84,1,Lost
DEAL-2304,Cascade Security,Manufacturing,Enterprise,297400.0,6,18,3,6,3,0,1,0,0,0.06,2,0.8,23.5,0.55,-1,0.81,3,0.57,1,1,0,1,0,0,Demo,Discovery,23,0.87,1,Lost
DEAL-2305,Zenith Textiles,Technology,Mid-Market,124100.0,13,14,1,8,1,0,1,0,1,0.83,9,0.36,20.4,0.26,-1,0.64,1,0.09,1,1,0,1,1,13,Evaluation,Demo,11,0.39,1,Progressed
DEAL-2306,Apex Cloud Systems,Healthcare,SMB,45700.0,5,4,2,3,0,0,1,0,1,0.43,2,0.33,8.1,0.52,-1,0.66,0,1.0,1,1,0,0,1,10,Negotiation,Evaluation,21,0.36,0,Progressed
DEAL-2307,Helix Diagnostics,Manufacturing,Startup,27300.0,11,42,2,8,2,0,1,1,1,0.65,6,0.31,8.8,0.19,1,0.56,5,0.75,1,0,0,1,0,0,Demo,Discovery,37,0.94,0,Progressed
DEAL-2308,Trident Tech,Retail,SMB,44600.0,10,19,4,7,0,0,1,1,1,0.73,5,0.32,9.8,0.46,-1,0.89,5,0.53,1,1,0,0,1,12,Negotiation,Evaluation,45,0.8,1,Progressed
DEAL-2309,Atlas Energy,Education,Enterprise,168500.0,13,9,2,9,0,0,1,0,1,0.82,7,0.89,31.7,0.78,1,0.76,0,1.0,0,1,0,0,0,0,Demo,Discovery,33,0.6,1,Progressed
DEAL-2310,Acuity Networks,Retail,SMB,27300.0,2,19,2,2,3,1,1,1,1,0.9,7,0.29,36.8,0.78,0,0.79,5,0.94,0,1,1,0,1,16,Negotiation,Evaluation,7,0.8,1,Lost
DEAL-2311,Kestrel Instruments,Education,Mid-Market,150900.0,6,5,4,6,0,0,1,1,1,0.53,5,0.37,8.1,0.8,1,0.38,0,1.0,0,0,0,0,1,9,Proposal,Negotiation,47,0.74,1,Progressed
DEAL-2312,Kestrel Instruments,Healthcare,SMB,49700.0,13,15,4,4,0,0,1,0,1,0.42,7,0.32,9.7,0.54,0,0.34,1,0.58,0,1,0,0,1,14,Discovery,Lead,51,0.25,1,Lost
DEAL-2313,Trident Tech,Education,Startup,22900.0,2,10,1,1,0,0,1,0,1,0.65,3,0.18,1.4,0.24,1,0.47,1,0.66,1,0,0,0,0,0,Demo,Discovery,17,0.26,0,Progressed
DEAL-2314,Zenith Textiles,Logistics,Startup,23700.0,13,5,3,9,0,0,1,1,1,0.94,5,0.57,24.6,0.35,-1,0.81,3,0.37,0,1,0,0,0,0,Evaluation,Demo,55,0.63,1,Progressed
DEAL-2315,OmniCommerce,Logistics,SMB,25500.0,8,9,4,6,0,0,0,0,0,0.3,9,0.16,26.7,0.82,1,0.36,4,0.18,0,1,0,0,0,0,Discovery,Lead,56,0.71,1,Lost
DEAL-2316,OmniCommerce,Healthcare,Startup,26800.0,9,14,1,6,0,1,1,1,0,0.26,3,0.22,13.0,0.24,0,0.56,2,0.53,0,0,1,1,0,0,Demo,Discovery,47,0.51,1,Lost
DEAL-2317,BlueShift AI,Retail,SMB,30600.0,7,29,4,7,0,0,1,0,0,0.15,5,0.75,33.4,0.48,-1,0.81,0,1.0,1,1,0,0,0,0,Demo,Discovery,40,0.38,0,Lost
DEAL-2318,Skyward Aerospace,Technology,SMB,34900.0,10,33,2,3,3,3,0,0,1,0.86,1,0.57,7.8,0.54,-1,0.63,3,0.06,0,0,1,1,1,15,Discovery,Lead,44,0.56,1,Lost
DEAL-2319,Helix Diagnostics,Retail,SMB,58000.0,14,2,2,5,1,0,1,1,1,0.49,3,0.51,13.6,0.61,0,0.39,4,0.56,1,1,0,0,0,0,Evaluation,Demo,22,0.79,0,Progressed
DEAL-2320,Synthetix Labs,Healthcare,SMB,46400.0,4,24,4,4,0,0,1,0,0,0.09,7,0.4,84.7,0.2,0,0.7,3,0.72,1,0,0,0,1,29,Discovery,Lead,58,0.87,1,Lost
DEAL-2321,Cascade Security,Financial Services,SMB,34800.0,11,5,1,5,0,1,1,0,1,0.58,5,0.58,2.9,0.21,-1,0.62,0,1.0,1,1,1,0,1,27,Discovery,Lead,30,0.74,1,Progressed
DEAL-2322,OmniCommerce,Retail,SMB,45800.0,2,37,1,1,0,0,1,1,1,0.73,2,0.51,29.3,0.39,-1,0.93,3,0.13,0,1,0,0,0,0,Evaluation,Demo,38,0.61,1,Progressed
DEAL-2323,Vector Mobility,Healthcare,SMB,57900.0,6,12,1,1,3,0,1,1,1,0.8,9,0.36,13.2,0.58,0,0.81,4,0.17,1,1,0,1,1,31,Proposal,Negotiation,60,0.52,1,Lost
DEAL-2324,Helix Diagnostics,Technology,Startup,32300.0,1,39,0,1,1,3,1,1,1,0.58,7,0.38,7.4,0.37,-1,0.73,4,0.32,1,1,1,1,1,27,Negotiation,Evaluation,14,0.43,1,Lost
DEAL-2325,BlueShift AI,Healthcare,Mid-Market,75600.0,4,21,1,2,1,0,1,0,0,0.05,2,0.48,5.5,0.3,0,0.81,5,0.09,1,1,0,1,0,0,Evaluation,Demo,59,0.34,0,Lost
DEAL-2326,Vector Mobility,Financial Services,SMB,34100.0,4,12,2,4,0,0,0,0,1,0.86,2,0.74,8.1,0.83,0,0.36,1,0.08,0,1,0,0,0,0,Discovery,Lead,20,0.89,1,Progressed
DEAL-2327,Trident Tech,Healthcare,Mid-Market,68100.0,9,34,2,4,1,2,1,0,0,0.11,3,0.65,25.7,0.24,0,0.41,4,0.9,0,1,1,1,0,0,Evaluation,Demo,26,0.61,1,Lost
DEAL-2328,Solstice Media,Healthcare,Mid-Market,122200.0,9,31,2,3,1,0,1,1,0,0.09,2,0.36,1.9,0.91,1,0.26,2,0.88,1,0,0,1,1,11,Evaluation,Demo,17,0.64,0,Lost
DEAL-2329,Novus Capital,Healthcare,Enterprise,125900.0,9,5,1,5,0,1,1,1,0,0.14,7,0.9,1.9,0.39,1,0.24,0,1.0,1,1,1,0,1,8,Negotiation,Evaluation,21,0.86,1,Progressed
DEAL-2330,BlueShift AI,Education,Enterprise,264100.0,4,28,2,4,0,0,1,0,1,0.86,9,0.88,2.3,0.61,1,0.69,0,1.0,1,0,0,0,0,0,Discovery,Lead,58,0.54,0,Progressed
DEAL-2331,NexGen Health,Manufacturing,Startup,27600.0,4,5,3,3,1,0,0,0,1,0.68,9,0.89,21.9,0.63,0,0.82,4,0.64,0,1,0,1,0,0,Discovery,Lead,60,0.96,1,Progressed
DEAL-2332,Beacon Robotics,Manufacturing,Startup,9000.0,8,39,3,8,0,0,1,1,1,0.66,5,0.28,7.5,0.87,1,0.25,2,0.26,1,1,0,0,1,35,Proposal,Negotiation,40,0.31,1,Progressed
DEAL-2333,BrightPath Logistics,Logistics,Enterprise,253100.0,3,33,2,3,1,0,1,1,1,0.52,8,0.71,1.0,0.62,-1,0.66,2,0.48,1,1,0,1,1,14,Negotiation,Evaluation,22,0.27,1,Progressed
DEAL-2334,Acuity Networks,Technology,SMB,61000.0,2,2,1,2,1,3,1,1,1,0.46,1,0.77,22.6,0.78,-1,0.64,2,0.74,0,1,1,1,0,0,Demo,Discovery,40,0.97,1,Lost
DEAL-2335,OmniCommerce,Technology,Enterprise,216400.0,6,19,3,6,2,0,1,0,1,0.86,2,0.2,9.0,0.54,-1,0.5,3,0.84,0,0,0,1,1,23,Discovery,Lead,60,0.74,1,Lost
DEAL-2336,Coastal Foods Ltd,Financial Services,SMB,64300.0,11,14,2,8,3,2,1,1,1,0.77,8,0.77,48.3,0.74,1,0.46,5,0.92,1,1,1,1,1,23,Evaluation,Demo,17,0.86,1,Lost
DEAL-2337,Novus Capital,Healthcare,SMB,33500.0,6,35,2,5,1,2,1,1,1,0.45,8,0.79,70.4,0.75,-1,0.86,5,0.62,0,1,1,1,1,17,Negotiation,Evaluation,52,0.69,1,Lost
DEAL-2338,Atlas Energy,Financial Services,Mid-Market,74200.0,14,14,4,9,2,0,1,1,0,0.08,2,0.42,21.3,0.7,-1,0.42,5,0.47,1,1,0,1,0,0,Evaluation,Demo,4,0.56,1,Lost
DEAL-2339,Prime Packaging,Retail,Mid-Market,93400.0,10,18,3,4,0,3,1,1,1,0.41,1,0.56,29.0,0.26,0,0.82,3,0.07,1,1,1,0,0,0,Evaluation,Demo,10,0.4,1,Lost
DEAL-2340,Veritas Analytics,Education,Startup,13900.0,9,2,2,3,2,0,1,1,1,0.87,1,0.94,1.0,0.31,1,0.83,4,0.29,1,1,0,1,1,4,Proposal,Negotiation,6,0.42,1,Progressed
DEAL-2341,Skyward Aerospace,Technology,Mid-Market,151800.0,2,14,1,2,3,2,1,1,1,0.44,4,0.89,21.0,0.52,1,0.93,3,0.45,1,1,1,1,1,23,Proposal,Negotiation,5,0.62,0,Lost
DEAL-2342,Veritas Analytics,Technology,Startup,32300.0,9,7,4,9,0,0,1,1,1,0.46,1,0.26,75.8,0.63,1,0.45,0,1.0,1,1,0,0,0,0,Evaluation,Demo,14,0.4,1,Progressed
DEAL-2343,Trident Tech,Logistics,SMB,41800.0,13,1,3,3,0,0,1,1,1,0.86,7,0.16,12.2,0.49,1,0.28,0,1.0,0,0,0,0,1,27,Demo,Discovery,26,0.72,1,Progressed
DEAL-2344,Beacon Robotics,Healthcare,Mid-Market,85500.0,3,29,3,3,2,0,1,0,0,0.17,8,0.88,26.8,0.42,1,0.23,2,0.62,1,0,0,1,0,0,Discovery,Lead,13,0.42,1,Lost
DEAL-2345,Aegis Software,Financial Services,Mid-Market,68500.0,11,45,4,8,2,0,1,1,0,0.22,2,0.75,90.5,0.69,0,0.44,5,1.0,1,1,0,0,1,24,Proposal,Negotiation,24,0.85,0,Lost
DEAL-2346,Vector Mobility,Healthcare,Enterprise,322100.0,12,33,3,10,0,2,1,1,1,0.41,2,0.55,33.1,0.51,0,0.67,0,1.0,1,1,1,1,1,15,Proposal,Negotiation,25,0.51,1,Progressed
DEAL-2347,Apex Cloud Systems,Education,Mid-Market,94400.0,1,8,0,0,0,0,1,0,1,0.81,8,0.34,59.0,0.69,0,0.23,3,0.22,1,1,0,0,0,0,Evaluation,Demo,44,0.43,0,Lost
DEAL-2348,Vanguard Supply,Manufacturing,SMB,67200.0,8,22,2,4,2,2,1,1,1,0.9,9,0.75,13.7,0.53,1,0.46,2,0.05,1,1,1,1,1,30,Proposal,Negotiation,47,0.32,0,Lost
DEAL-2349,Solstice Media,Manufacturing,Mid-Market,127700.0,2,26,1,2,0,0,1,1,0,0.07,4,0.46,30.8,0.46,-1,0.47,2,0.7,1,1,0,0,1,13,Proposal,Negotiation,59,0.9,0,Progressed
DEAL-2350,Vanguard Supply,Manufacturing,Enterprise,237500.0,6,25,4,6,3,3,0,0,1,0.77,7,0.87,22.8,0.5,1,0.9,5,0.58,0,1,1,1,0,0,Discovery,Lead,39,0.66,1,Lost
DEAL-2351,Summit BioPharma,Technology,SMB,71500.0,1,22,0,1,0,0,1,0,1,0.91,3,0.29,24.4,0.42,1,0.77,1,0.0,0,0,0,1,1,8,Discovery,Lead,18,0.56,1,Progressed
DEAL-2352,Summit BioPharma,Technology,Mid-Market,69000.0,14,32,3,6,0,0,1,1,1,0.61,6,0.33,2.3,0.45,0,0.81,0,1.0,1,1,0,0,1,24,Negotiation,Evaluation,45,0.38,1,Progressed
DEAL-2353,Novus Capital,Manufacturing,Startup,24400.0,5,4,0,2,2,1,1,0,1,0.49,4,0.16,5.3,0.73,0,0.8,3,0.86,1,0,1,1,0,0,Discovery,Lead,55,0.38,0,Lost
DEAL-2354,Acuity Networks,Technology,Startup,21900.0,13,9,0,3,0,0,1,1,1,0.88,6,0.55,1.0,0.91,-1,0.72,1,0.71,1,1,0,0,1,32,Proposal,Negotiation,2,0.67,1,Progressed
DEAL-2355,Zenith Textiles,Education,Enterprise,266600.0,7,24,3,6,2,0,1,1,1,0.68,9,0.21,6.9,0.34,0,0.94,4,0.34,1,1,0,0,1,18,Negotiation,Evaluation,43,0.49,1,Progressed
DEAL-2356,Zenith Textiles,Education,Startup,17800.0,6,40,1,6,0,0,0,0,1,0.83,3,0.83,6.8,0.5,1,0.46,0,1.0,1,1,0,0,0,0,Discovery,Lead,44,0.58,1,Progressed
DEAL-2357,Beacon Robotics,Technology,SMB,28400.0,12,25,2,4,0,0,1,1,1,0.44,6,0.28,1.5,0.71,1,0.39,1,0.91,0,1,0,0,0,0,Evaluation,Demo,56,0.62,0,Progressed
DEAL-2358,Novus Capital,Technology,SMB,42600.0,7,22,1,3,1,0,1,1,1,0.46,6,0.68,22.4,0.7,1,0.72,1,0.56,1,0,0,1,1,21,Demo,Discovery,47,0.27,1,Progressed
DEAL-2359,Synthetix Labs,Education,Enterprise,318600.0,2,15,2,2,3,0,1,1,0,0.22,1,0.72,26.8,0.6,-1,0.74,5,0.74,0,1,0,1,1,24,Negotiation,Evaluation,23,0.69,1,Lost
DEAL-2360,Aegis Software,Financial Services,Mid-Market,98400.0,1,7,1,1,1,0,1,1,0,0.03,6,0.69,41.6,0.47,1,0.61,3,0.0,1,1,0,1,1,7,Demo,Discovery,42,0.65,1,Progressed
DEAL-2361,NexGen Health,Technology,Mid-Market,117800.0,7,25,3,7,3,3,1,0,0,0.19,4,0.39,64.8,0.34,-1,0.97,3,0.0,1,0,1,1,1,32,Demo,Discovery,30,0.53,1,Lost
DEAL-2362,Synthetix Labs,Education,Mid-Market,118900.0,8,30,0,5,1,2,1,1,0,0.07,7,0.35,23.0,0.61,1,0.94,2,0.89,1,1,1,1,0,0,Evaluation,Demo,27,0.99,1,Lost
DEAL-2363,Beacon Robotics,Technology,Startup,12300.0,4,6,1,4,0,0,1,1,1,0.58,8,0.77,32.6,0.84,1,0.23,0,1.0,0,0,0,0,0,0,Demo,Discovery,29,0.49,1,Progressed
DEAL-2364,Aegis Software,Logistics,Startup,8700.0,10,42,0,0,1,0,1,1,1,0.55,8,0.88,1.7,0.7,1,0.44,1,0.75,1,1,0,1,1,18,Negotiation,Evaluation,15,0.62,0,Progressed
DEAL-2365,Everline Retail,Financial Services,SMB,72300.0,7,31,0,3,0,3,1,0,0,0.28,9,0.66,11.1,0.65,1,0.34,0,1.0,1,0,1,0,0,0,Demo,Discovery,8,0.72,1,Lost
DEAL-2366,Atlas Energy,Manufacturing,Startup,23600.0,2,11,1,2,3,0,1,1,1,0.42,4,0.76,18.5,0.26,1,0.62,3,0.39,1,0,0,1,1,21,Negotiation,Evaluation,41,0.58,1,Lost
DEAL-2367,Synthetix Labs,Technology,Enterprise,299700.0,14,19,0,3,1,0,1,1,1,0.53,8,0.38,7.5,0.67,1,0.35,4,0.41,1,1,0,1,1,29,Proposal,Negotiation,41,0.64,1,Progressed
DEAL-2368,NexGen Health,Retail,Mid-Market,84200.0,3,0,3,3,3,0,1,1,1,0.47,4,0.81,26.4,0.23,0,0.6,3,0.41,0,1,0,1,0,0,Evaluation,Demo,21,0.29,1,Lost
DEAL-2369,Apex Cloud Systems,Education,Startup,14100.0,3,33,3,3,3,1,1,0,1,0.84,3,0.34,37.2,0.79,-1,0.53,3,0.11,0,1,1,0,1,30,Negotiation,Evaluation,19,0.53,0,Lost
DEAL-2370,BlueShift AI,Manufacturing,SMB,45700.0,5,44,2,2,1,0,1,0,1,0.5,8,0.73,6.9,0.9,0,0.73,4,0.98,1,1,0,1,0,0,Evaluation,Demo,22,0.95,0,Progressed
DEAL-2371,Everline Retail,Education,SMB,72400.0,13,6,0,5,0,0,1,1,1,0.72,6,0.21,29.3,0.5,0,0.77,0,1.0,1,1,0,1,1,1,Negotiation,Evaluation,32,0.62,1,Progressed
DEAL-2372,Beacon Robotics,Healthcare,SMB,35500.0,2,37,0,1,1,3,1,1,1,0.7,7,0.19,25.1,0.86,0,0.78,3,0.69,1,1,1,1,1,9,Negotiation,Evaluation,22,0.92,0,Lost
DEAL-2373,Solstice Media,Retail,Startup,10100.0,14,21,3,5,3,3,1,1,1,0.87,5,0.95,66.1,0.72,-1,0.56,5,0.77,1,1,1,1,1,30,Negotiation,Evaluation,14,0.53,1,Lost
DEAL-2374,Vanguard Supply,Retail,SMB,65300.0,4,40,3,3,1,1,1,1,1,0.56,9,0.76,1.0,0.73,1,0.34,4,0.92,0,1,1,1,1,12,Demo,Discovery,45,0.64,1,Lost
DEAL-2375,OmniCommerce,Healthcare,Startup,28300.0,1,25,0,1,1,0,1,1,1,0.45,9,0.44,8.6,0.41,0,0.25,1,0.54,1,0,0,0,1,23,Demo,Discovery,45,0.65,1,Lost
DEAL-2376,Zenith Textiles,Healthcare,Enterprise,156500.0,3,27,3,3,3,0,1,1,1,0.58,8,0.61,16.2,0.73,0,0.48,4,0.65,1,0,0,0,1,21,Evaluation,Demo,44,0.32,1,Lost
DEAL-2377,Helix Diagnostics,Healthcare,SMB,44300.0,11,43,4,6,1,0,1,1,1,0.72,3,0.57,62.9,0.76,1,0.43,5,0.39,0,0,0,1,0,0,Demo,Discovery,3,0.6,0,Lost
DEAL-2378,NexGen Health,Logistics,SMB,69600.0,9,0,1,4,2,3,1,1,1,0.87,8,0.38,12.6,0.21,-1,0.54,2,0.71,1,1,1,0,1,25,Negotiation,Evaluation,21,0.99,1,Lost
DEAL-2379,Aegis Software,Healthcare,SMB,43100.0,6,19,0,2,0,0,1,0,1,0.93,7,0.27,25.6,0.84,0,0.26,5,0.51,0,0,0,1,0,0,Discovery,Lead,36,0.87,0,Lost
DEAL-2380,Skyward Aerospace,Education,Startup,31400.0,1,18,1,1,0,0,0,0,1,0.52,2,0.88,4.2,0.7,-1,0.9,0,1.0,0,0,0,0,0,0,Discovery,Lead,30,0.46,1,Progressed
DEAL-2381,Vector Mobility,Education,Startup,10100.0,6,3,1,6,0,3,1,1,1,0.73,6,0.36,1.8,0.35,-1,0.56,5,0.69,1,0,1,1,1,2,Evaluation,Demo,11,0.84,1,Progressed
DEAL-2382,Acuity Networks,Retail,Startup,22600.0,4,14,1,1,1,1,1,0,1,0.84,6,0.35,51.2,0.77,-1,0.64,4,0.29,1,1,1,1,1,5,Negotiation,Evaluation,50,0.84,1,Lost
DEAL-2383,Helix Diagnostics,Healthcare,Startup,23800.0,11,22,1,2,0,1,1,1,1,0.49,7,0.28,40.4,0.89,0,0.79,1,0.28,1,0,1,1,1,11,Negotiation,Evaluation,57,0.6,1,Lost
DEAL-2384,Novus Capital,Education,Startup,14800.0,7,9,1,4,0,2,1,1,1,0.94,4,0.54,8.2,0.45,0,0.36,2,0.84,1,0,1,0,1,27,Proposal,Negotiation,20,0.68,1,Progressed
DEAL-2385,Synthetix Labs,Technology,SMB,45600.0,4,8,4,4,0,2,1,1,0,0.25,9,0.83,8.9,0.66,0,0.66,0,1.0,1,1,1,0,1,19,Proposal,Negotiation,22,0.87,0,Progressed
DEAL-2386,Atlas Energy,Logistics,Startup,10900.0,2,30,0,1,2,2,1,1,1,0.61,9,0.69,18.4,0.54,0,0.91,2,0.93,0,0,1,0,0,0,Evaluation,Demo,56,0.64,1,Lost
DEAL-2387,Aegis Software,Manufacturing,Enterprise,302800.0,5,6,1,1,2,0,1,1,0,0.16,4,0.55,10.6,0.27,-1,0.82,4,0.0,0,1,0,0,1,22,Proposal,Negotiation,8,0.75,1,Progressed
DEAL-2388,Cobalt Freight,Manufacturing,Startup,32800.0,7,35,2,2,1,0,1,1,1,0.63,9,0.21,37.4,0.39,0,0.85,1,0.24,0,1,0,1,0,0,Demo,Discovery,44,0.66,1,Lost
DEAL-2389,Pulse Dynamics,Technology,Startup,24900.0,6,15,4,6,1,0,1,1,1,0.42,9,0.94,8.8,0.29,1,0.83,1,0.7,0,1,0,1,1,20,Demo,Discovery,49,0.87,1,Progressed
DEAL-2390,Solstice Media,Manufacturing,Mid-Market,80200.0,14,41,3,10,2,0,1,0,1,0.42,7,0.52,16.9,0.2,0,0.48,2,0.48,1,0,0,1,0,0,Discovery,Lead,19,0.84,1,Lost
DEAL-2391,Vanguard Supply,Technology,SMB,35300.0,7,34,4,5,0,1,1,0,1,0.81,8,0.92,68.0,0.39,1,0.7,0,1.0,1,1,1,0,1,30,Discovery,Lead,35,0.91,1,Progressed
DEAL-2392,Kestrel Instruments,Technology,Mid-Market,102400.0,10,37,0,6,3,1,1,1,0,0.07,2,0.24,16.8,0.35,0,0.54,5,0.45,1,1,1,1,0,0,Evaluation,Demo,34,0.66,0,Lost
DEAL-2393,Apex Cloud Systems,Education,Mid-Market,144000.0,3,31,2,3,2,0,1,1,1,0.76,7,0.17,5.2,0.56,-1,0.76,4,0.88,1,1,0,1,0,0,Evaluation,Demo,38,0.51,1,Progressed
DEAL-2394,Frontier FinCorp,Financial Services,SMB,49700.0,8,7,3,7,1,0,1,1,1,0.56,5,0.15,43.7,0.2,1,0.41,2,0.05,1,1,0,1,1,29,Evaluation,Demo,37,0.83,1,Progressed
DEAL-2395,Veritas Analytics,Retail,Startup,19100.0,12,10,1,6,3,2,1,1,0,0.3,8,0.61,47.0,0.72,-1,0.9,5,0.69,1,1,1,1,0,0,Evaluation,Demo,11,0.53,1,Lost
DEAL-2396,Cascade Security,Education,SMB,53000.0,11,15,3,4,0,0,1,0,1,0.8,6,0.67,22.6,0.6,0,0.74,0,1.0,0,1,0,0,0,0,Discovery,Lead,55,0.62,0,Progressed
DEAL-2397,Zenith Textiles,Manufacturing,Startup,33000.0,6,24,0,0,3,0,1,0,1,0.89,8,0.43,4.2,0.52,-1,0.54,3,0.1,1,0,0,1,0,0,Evaluation,Demo,9,0.98,1,Lost
DEAL-2398,Cobalt Freight,Healthcare,SMB,55400.0,1,44,1,1,1,2,1,1,1,0.82,8,0.47,28.4,0.87,-1,0.86,1,0.31,1,1,1,1,1,21,Proposal,Negotiation,37,0.57,1,Lost
DEAL-2399,Acuity Networks,Manufacturing,Enterprise,149000.0,7,3,2,7,2,2,1,1,1,0.43,4,0.5,6.3,0.17,1,0.91,5,0.03,1,0,1,1,1,31,Negotiation,Evaluation,59,0.49,0,Lost
DEAL-2400,Vector Mobility,Healthcare,Startup,28800.0,1,45,1,1,2,0,1,1,1,0.59,3,0.37,4.2,0.63,1,0.29,4,0.22,1,1,0,1,1,30,Negotiation,Evaluation,29,0.89,1,Progressed
DEAL-2401,Zenith Textiles,Manufacturing,SMB,28400.0,9,2,2,9,0,0,1,0,1,0.87,9,0.76,2.1,0.85,1,0.5,2,0.41,0,0,0,1,0,0,Demo,Discovery,13,0.51,1,Progressed
DEAL-2402,Zenith Textiles,Manufacturing,Enterprise,156000.0,6,2,4,6,3,2,1,1,0,0.03,4,0.42,10.5,0.67,1,0.85,4,0.66,1,1,1,1,1,16,Proposal,Negotiation,33,0.97,0,Lost
DEAL-2403,Zenith Textiles,Technology,SMB,34400.0,11,22,0,5,2,0,1,0,1,0.91,8,0.71,2.7,0.43,1,0.36,2,0.33,1,0,0,1,0,0,Discovery,Lead,32,0.9,1,Lost
DEAL-2404,Cascade Security,Logistics,Startup,9800.0,8,27,1,2,0,2,1,1,0,0.11,6,0.27,22.5,0.69,0,0.8,1,0.85,0,1,1,0,1,7,Demo,Discovery,19,0.43,0,Lost
DEAL-2405,OmniCommerce,Technology,Startup,27500.0,2,39,2,2,0,3,1,1,1,0.91,5,0.35,6.8,0.74,0,0.63,5,0.81,1,1,1,0,0,0,Evaluation,Demo,4,0.82,1,Progressed
DEAL-2406,Solstice Media,Financial Services,SMB,54600.0,14,0,2,2,0,0,1,1,0,0.25,6,0.95,6.4,0.58,1,0.29,0,1.0,1,1,0,0,1,28,Proposal,Negotiation,9,0.78,1,Progressed
DEAL-2407,Atlas Energy,Financial Services,Startup,13000.0,2,15,0,0,2,0,1,1,0,0.04,2,0.28,5.9,0.89,0,0.91,3,0.14,1,1,0,1,1,34,Negotiation,Evaluation,46,0.96,1,Lost
DEAL-2408,BlueShift AI,Education,Startup,20300.0,13,17,4,8,2,0,1,1,0,0.05,1,0.84,19.5,0.26,-1,0.37,2,0.43,1,1,0,1,1,8,Proposal,Negotiation,59,0.79,1,Lost
DEAL-2409,BlueShift AI,Manufacturing,SMB,68000.0,9,40,0,3,0,0,1,0,1,0.89,5,0.34,12.9,0.54,1,0.79,0,1.0,0,0,0,1,1,21,Discovery,Lead,20,0.47,0,Progressed
DEAL-2410,Apex Cloud Systems,Education,Startup,14100.0,8,9,2,8,0,0,1,0,0,0.07,6,0.8,28.6,0.87,0,0.58,3,0.5,0,1,0,0,1,3,Negotiation,Evaluation,18,0.49,1,Lost
DEAL-2411,Frontier FinCorp,Manufacturing,Mid-Market,152600.0,14,9,3,8,3,2,1,1,0,0.05,7,0.64,29.1,0.44,1,0.35,4,0.81,1,0,1,1,1,31,Proposal,Negotiation,36,0.52,0,Lost
DEAL-2412,Vanguard Supply,Technology,SMB,55700.0,10,45,2,7,3,2,1,1,1,0.95,3,0.87,12.7,0.75,-1,0.9,3,0.08,0,1,1,1,1,19,Negotiation,Evaluation,55,0.26,0,Lost
DEAL-2413,Pulse Dynamics,Education,SMB,35700.0,2,41,1,2,3,2,1,0,1,0.51,4,0.74,49.1,0.25,1,0.54,3,0.86,0,0,1,1,0,0,Demo,Discovery,41,0.74,1,Lost
DEAL-2414,Apex Cloud Systems,Education,Startup,33000.0,2,42,0,1,2,0,0,0,1,0.89,3,0.47,2.9,0.76,1,0.63,3,0.64,1,1,0,0,0,0,Discovery,Lead,37,0.6,1,Progressed
DEAL-2415,Apex Cloud Systems,Healthcare,SMB,43000.0,13,31,3,10,0,2,1,1,1,0.79,1,0.28,22.3,0.23,1,0.61,0,1.0,0,0,1,0,1,13,Demo,Discovery,31,0.5,1,Lost
DEAL-2416,Atlas Energy,Education,SMB,63300.0,8,34,4,8,1,0,1,1,1,0.86,5,0.52,3.7,0.84,1,0.74,4,0.37,0,0,0,1,1,16,Demo,Discovery,53,0.69,1,Lost
DEAL-2417,NexGen Health,Financial Services,SMB,31500.0,11,3,1,6,0,3,1,0,1,0.79,8,0.62,28.3,0.37,1,0.97,4,0.52,1,0,1,1,1,21,Evaluation,Demo,28,0.73,1,Lost
DEAL-2418,Trident Tech,Education,Mid-Market,157800.0,10,8,0,1,3,3,1,1,0,0.29,6,0.92,54.2,0.19,1,0.42,3,0.14,1,1,1,1,1,23,Proposal,Negotiation,23,0.41,0,Lost
DEAL-2419,Atlas Energy,Financial Services,Enterprise,276200.0,10,5,3,5,0,0,1,0,1,0.47,1,0.23,5.5,0.35,1,0.84,4,0.4,0,0,0,0,0,0,Demo,Discovery,3,0.74,1,Progressed
DEAL-2420,Aegis Software,Education,Startup,26900.0,8,6,0,0,2,3,0,0,1,0.7,8,0.87,1.0,0.36,1,0.34,5,0.88,1,0,1,1,0,0,Discovery,Lead,47,0.88,0,Lost
DEAL-2421,Cascade Security,Healthcare,Enterprise,338500.0,6,7,3,3,2,2,1,0,0,0.05,4,0.84,37.8,0.35,-1,0.46,3,0.68,1,1,1,1,1,25,Proposal,Negotiation,31,0.95,1,Lost
DEAL-2422,Aegis Software,Manufacturing,SMB,49100.0,1,13,0,0,0,0,1,1,1,0.45,1,0.53,19.7,0.52,1,0.9,4,0.96,1,1,0,0,0,0,Evaluation,Demo,47,0.71,0,Progressed
DEAL-2423,BlueShift AI,Retail,Enterprise,345200.0,10,31,2,9,1,1,1,1,1,0.45,2,0.75,23.8,0.28,-1,0.49,5,0.78,0,1,1,1,1,24,Demo,Discovery,52,0.56,1,Lost
DEAL-2424,Frontier FinCorp,Manufacturing,SMB,61400.0,7,31,1,6,2,0,1,0,1,0.83,8,0.29,1.0,0.68,1,0.66,3,0.95,1,1,0,0,0,0,Discovery,Lead,32,0.85,1,Progressed
DEAL-2425,Kestrel Instruments,Financial Services,Startup,18900.0,4,6,4,4,2,1,1,1,1,0.63,5,0.35,30.8,0.6,-1,0.65,4,0.39,1,0,1,1,0,0,Demo,Discovery,57,0.3,1,Lost
DEAL-2426,Everline Retail,Education,Enterprise,202500.0,2,24,1,1,2,1,1,1,1,0.96,1,0.85,41.3,0.8,1,0.28,5,0.77,1,1,1,1,1,16,Negotiation,Evaluation,34,0.4,1,Lost
DEAL-2427,Frontier FinCorp,Healthcare,SMB,56400.0,3,38,2,3,0,1,1,1,0,0.16,1,0.53,44.5,0.91,1,0.66,4,0.33,1,1,1,0,1,9,Negotiation,Evaluation,31,0.7,1,Lost
DEAL-2428,Summit BioPharma,Education,Mid-Market,70500.0,3,25,1,3,0,0,1,0,0,0.13,9,0.83,37.6,0.37,0,0.59,1,0.53,1,1,0,0,0,0,Evaluation,Demo,28,0.31,0,Lost
DEAL-2429,Acuity Networks,Logistics,Enterprise,203900.0,9,38,1,3,0,1,1,1,1,0.8,6,0.6,14.4,0.66,0,0.35,1,0.55,1,0,1,0,1,35,Demo,Discovery,46,0.83,1,Lost
DEAL-2430,Cascade Security,Financial Services,SMB,43700.0,4,22,4,4,0,0,1,1,1,0.79,8,0.36,51.4,0.36,0,0.45,1,0.1,1,1,0,1,1,4,Evaluation,Demo,33,0.59,1,Progressed
DEAL-2431,Coastal Foods Ltd,Financial Services,SMB,45200.0,5,22,0,5,2,0,1,0,1,0.46,9,0.87,15.1,0.58,1,0.84,3,0.25,1,1,0,1,1,28,Evaluation,Demo,36,0.61,1,Lost
DEAL-2432,Synthetix Labs,Retail,Mid-Market,89600.0,13,21,1,4,1,0,1,1,0,0.22,7,0.93,39.1,0.3,0,0.65,1,0.92,0,1,0,1,0,0,Demo,Discovery,21,0.89,1,Lost
DEAL-2433,Summit BioPharma,Financial Services,Enterprise,234700.0,5,20,0,2,3,0,1,1,0,0.27,1,0.35,55.7,0.25,0,0.22,5,0.16,0,1,0,1,1,27,Demo,Discovery,9,0.6,1,Lost
DEAL-2434,Atlas Energy,Financial Services,Mid-Market,153600.0,10,7,4,5,2,3,1,1,1,0.53,7,0.44,18.7,0.62,1,0.61,3,0.51,1,0,1,0,1,35,Negotiation,Evaluation,50,0.51,0,Lost
DEAL-2435,Vanguard Supply,Manufacturing,Enterprise,286200.0,7,4,3,6,2,0,1,0,1,0.68,8,0.37,82.7,0.49,-1,0.26,2,0.46,1,1,0,1,1,34,Proposal,Negotiation,22,0.41,1,Lost
DEAL-2436,Frontier FinCorp,Retail,SMB,58400.0,14,14,1,3,1,1,1,1,0,0.18,6,0.38,1.8,0.72,0,0.38,2,0.03,1,1,1,0,1,31,Proposal,Negotiation,4,0.49,0,Lost
DEAL-2437,Apex Cloud Systems,Healthcare,Mid-Market,84700.0,1,26,1,1,1,1,1,1,0,0.21,8,0.4,11.3,0.85,1,0.72,3,0.5,0,1,1,1,0,0,Demo,Discovery,25,0.26,1,Lost
DEAL-2438,Solstice Media,Logistics,SMB,57600.0,9,9,3,6,3,0,1,1,1,0.67,4,0.61,120.0,0.78,1,0.39,3,0.03,1,1,0,1,1,22,Negotiation,Evaluation,56,0.57,1,Lost
DEAL-2439,Kestrel Instruments,Education,Startup,25300.0,5,23,0,3,1,0,1,1,1,0.92,1,0.7,19.7,0.16,0,0.68,5,0.4,0,0,0,1,0,0,Demo,Discovery,40,0.78,1,Lost
DEAL-2440,Skyward Aerospace,Technology,Mid-Market,102500.0,2,4,1,2,3,3,1,1,1,0.96,8,0.28,10.4,0.77,0,0.63,4,0.67,1,0,1,1,0,0,Evaluation,Demo,15,0.78,1,Lost
DEAL-2441,Zenith Textiles,Manufacturing,Startup,18600.0,10,40,3,5,0,2,1,0,1,0.62,8,0.74,11.2,0.9,0,0.26,0,1.0,1,1,1,0,1,16,Negotiation,Evaluation,35,0.39,1,Lost
DEAL-2442,Kestrel Instruments,Technology,Mid-Market,78300.0,14,33,2,5,0,0,1,1,1,0.49,5,0.93,15.0,0.71,-1,0.44,0,1.0,1,1,0,0,1,3,Negotiation,Evaluation,38,0.41,1,Progressed
DEAL-2443,Cascade Security,Manufacturing,SMB,26700.0,9,16,4,7,3,2,1,1,1,0.47,8,0.28,30.8,0.56,0,0.46,3,0.48,1,1,1,1,1,21,Negotiation,Evaluation,51,0.56,0,Lost
DEAL-2444,Kestrel Instruments,Technology,SMB,62300.0,11,42,3,10,1,0,1,1,0,0.21,9,0.67,1.0,0.72,1,0.25,2,0.53,0,0,0,1,1,10,Demo,Discovery,24,0.71,0,Lost
DEAL-2445,Zenith Textiles,Healthcare,SMB,30700.0,13,18,0,5,0,3,1,0,1,0.84,4,0.24,5.9,0.44,1,0.72,5,0.09,0,0,1,0,0,0,Discovery,Lead,52,0.57,1,Lost
DEAL-2446,Cobalt Freight,Logistics,Mid-Market,64500.0,1,19,1,1,2,0,1,0,0,0.19,1,0.47,1.0,0.84,1,0.73,3,0.61,0,0,0,1,0,0,Discovery,Lead,43,0.94,1,Lost
DEAL-2447,Synthetix Labs,Financial Services,Enterprise,331700.0,4,41,3,4,1,0,1,1,1,0.91,5,0.44,39.2,0.74,1,0.28,5,0.24,1,1,0,0,1,27,Proposal,Negotiation,15,0.28,1,Progressed
DEAL-2448,Pulse Dynamics,Logistics,Mid-Market,137000.0,12,2,2,7,0,2,1,1,1,0.41,9,0.84,1.7,0.57,1,0.53,2,0.3,0,0,1,0,0,0,Demo,Discovery,39,0.72,1,Progressed
DEAL-2449,BrightPath Logistics,Retail,Mid-Market,155200.0,9,7,3,9,0,0,1,1,0,0.01,9,0.39,34.9,0.61,1,0.34,0,1.0,1,0,0,0,1,8,Proposal,Negotiation,60,0.32,0,Progressed
DEAL-2450,Frontier FinCorp,Healthcare,SMB,31400.0,7,37,4,7,1,0,1,1,1,0.91,6,0.89,33.4,0.76,1,0.66,2,0.04,1,1,0,1,1,8,Negotiation,Evaluation,13,0.48,1,Progressed
DEAL-2451,Pulse Dynamics,Logistics,Startup,28500.0,13,31,0,6,0,0,0,0,1,0.95,2,0.36,39.0,0.85,0,0.55,2,0.85,0,0,0,0,1,33,Discovery,Lead,59,0.91,1,Lost
DEAL-2452,Apex Cloud Systems,Financial Services,Enterprise,215200.0,10,18,2,6,3,3,1,0,1,0.91,4,0.9,26.7,0.78,1,0.23,3,0.14,1,0,1,1,1,11,Discovery,Lead,44,0.69,0,Lost
DEAL-2453,NexGen Health,Education,SMB,45800.0,12,31,2,3,1,1,1,1,1,0.56,3,0.5,23.3,0.25,0,0.35,2,0.39,1,1,1,0,0,0,Evaluation,Demo,29,0.36,1,Lost
DEAL-2454,Vector Mobility,Logistics,SMB,28600.0,1,36,1,1,2,3,1,1,1,0.48,8,0.42,5.2,0.43,1,0.59,2,0.88,0,0,1,0,0,0,Demo,Discovery,57,0.3,0,Lost
DEAL-2455,Skyward Aerospace,Healthcare,Mid-Market,81200.0,9,6,1,3,2,1,1,0,0,0.05,7,0.25,53.1,0.49,1,0.54,4,0.91,1,1,1,1,1,35,Negotiation,Evaluation,32,0.47,1,Lost
DEAL-2456,Helix Diagnostics,Logistics,SMB,39700.0,11,9,4,8,3,3,1,1,1,0.52,8,0.43,34.1,0.83,-1,0.97,3,0.5,1,1,1,0,1,33,Evaluation,Demo,40,0.86,0,Lost
DEAL-2457,NexGen Health,Technology,Startup,18700.0,12,45,1,2,0,0,1,1,0,0.27,9,0.69,21.8,0.32,-1,0.28,5,0.51,1,1,0,0,1,16,Negotiation,Evaluation,30,0.49,1,Progressed
DEAL-2458,Beacon Robotics,Technology,Enterprise,320400.0,4,32,4,4,0,1,1,0,0,0.23,4,0.6,20.8,0.57,-1,0.48,0,1.0,0,1,1,0,1,16,Evaluation,Demo,14,0.43,1,Lost
DEAL-2459,Frontier FinCorp,Technology,SMB,26900.0,3,26,1,2,1,3,1,1,1,0.75,3,0.9,24.0,0.89,-1,0.7,5,0.87,1,0,1,1,0,0,Evaluation,Demo,57,0.66,1,Lost
DEAL-2460,Coastal Foods Ltd,Technology,SMB,49000.0,10,37,3,3,0,0,1,1,1,0.44,8,0.66,30.2,0.29,0,0.61,2,0.98,1,1,0,0,1,11,Negotiation,Evaluation,10,0.56,0,Progressed
DEAL-2461,Coastal Foods Ltd,Retail,Enterprise,228300.0,4,3,4,4,3,2,1,0,1,0.51,1,0.63,7.6,0.88,-1,0.91,5,0.18,0,0,1,1,0,0,Discovery,Lead,19,0.5,0,Lost
DEAL-2462,Synthetix Labs,Manufacturing,Enterprise,223200.0,9,45,4,6,1,0,0,0,0,0.04,6,0.9,6.6,0.27,-1,0.33,5,0.96,0,0,0,1,0,0,Discovery,Lead,16,0.68,1,Lost
DEAL-2463,Vector Mobility,Manufacturing,SMB,69200.0,5,15,0,4,2,0,1,1,1,0.56,9,0.19,5.8,0.52,1,0.85,5,0.75,1,1,0,1,1,31,Proposal,Negotiation,27,0.67,1,Progressed
DEAL-2464,Frontier FinCorp,Logistics,Mid-Market,124800.0,5,21,4,5,0,0,1,1,0,0.22,8,0.93,17.0,0.63,-1,0.77,1,0.63,0,1,0,0,1,19,Proposal,Negotiation,33,0.34,0,Progressed
DEAL-2465,Pulse Dynamics,Technology,Mid-Market,97500.0,7,37,3,7,1,2,0,0,0,0.01,4,0.94,5.0,0.86,0,0.34,3,0.99,0,1,1,0,0,0,Discovery,Lead,9,0.88,1,Lost
DEAL-2466,BlueShift AI,Education,Enterprise,173200.0,7,6,2,2,0,0,1,0,0,0.14,8,0.25,11.6,0.76,0,0.45,2,0.33,1,1,0,0,1,5,Proposal,Negotiation,11,0.93,1,Progressed
DEAL-2467,OmniCommerce,Technology,Startup,30400.0,14,21,3,10,0,1,1,1,1,0.98,6,0.63,41.4,0.22,0,0.39,0,1.0,0,0,1,1,0,0,Demo,Discovery,42,0.38,1,Progressed
DEAL-2468,Prime Packaging,Technology,Startup,19200.0,12,27,0,2,0,3,1,0,1,0.66,5,0.21,7.6,0.38,-1,0.49,2,0.15,1,1,1,1,0,0,Evaluation,Demo,39,0.31,1,Lost
DEAL-2469,Frontier FinCorp,Healthcare,SMB,31100.0,9,29,4,5,0,3,1,1,1,0.46,2,0.4,28.3,0.89,-1,0.25,2,0.16,0,0,1,0,1,14,Negotiation,Evaluation,54,0.37,1,Lost
DEAL-2470,Novus Capital,Retail,Enterprise,323500.0,5,5,4,4,0,2,1,1,0,0.28,1,0.58,24.3,0.52,-1,0.35,0,1.0,1,0,1,0,1,3,Negotiation,Evaluation,27,0.26,0,Lost
DEAL-2471,Skyward Aerospace,Healthcare,SMB,51600.0,14,5,4,5,2,0,1,0,0,0.18,6,0.91,9.4,0.47,-1,0.22,5,0.29,1,1,0,1,1,10,Negotiation,Evaluation,12,0.67,1,Lost
DEAL-2472,BrightPath Logistics,Technology,SMB,39000.0,5,44,1,3,0,3,0,0,1,0.67,5,0.68,28.5,0.88,-1,0.41,1,0.23,0,1,1,0,1,6,Discovery,Lead,55,0.81,1,Lost
DEAL-2473,Cascade Security,Manufacturing,SMB,36200.0,13,38,2,3,0,2,1,0,1,0.63,3,0.2,5.9,0.73,0,0.53,1,0.95,1,0,1,1,0,0,Evaluation,Demo,41,0.49,0,Lost
DEAL-2474,Everline Retail,Logistics,Enterprise,229400.0,11,6,1,5,2,0,1,1,0,0.03,1,0.91,26.0,0.57,1,0.24,3,0.45,1,1,0,1,1,18,Negotiation,Evaluation,49,0.61,0,Lost
DEAL-2475,Skyward Aerospace,Manufacturing,Mid-Market,156700.0,11,18,3,7,2,1,1,0,1,0.62,8,0.35,40.5,0.73,0,0.23,4,0.16,1,1,1,1,1,21,Negotiation,Evaluation,17,0.74,0,Lost
DEAL-2476,Zenith Textiles,Education,SMB,48700.0,2,7,2,2,2,0,1,1,1,0.56,1,0.74,5.0,0.43,1,0.22,5,0.03,1,0,0,1,1,25,Proposal,Negotiation,27,0.79,1,Progressed
DEAL-2477,Coastal Foods Ltd,Retail,Enterprise,290400.0,10,38,1,5,1,0,1,0,0,0.18,5,0.18,2.2,0.68,1,0.92,3,0.74,1,1,0,1,0,0,Discovery,Lead,29,0.72,1,Lost
DEAL-2478,Helix Diagnostics,Technology,SMB,65000.0,2,7,0,2,1,1,1,0,0,0.17,3,0.32,13.6,0.89,-1,0.46,1,0.0,0,0,1,1,0,0,Discovery,Lead,31,0.61,1,Lost
DEAL-2479,OmniCommerce,Retail,Mid-Market,155800.0,5,5,1,3,0,1,1,1,1,0.48,6,0.67,1.0,0.33,0,0.87,0,1.0,1,0,1,0,0,0,Demo,Discovery,33,0.38,1,Progressed
DEAL-2480,Everline Retail,Manufacturing,Mid-Market,105500.0,10,45,4,8,0,2,1,0,1,0.59,3,0.68,19.6,0.8,0,0.38,5,0.86,1,1,1,0,0,0,Demo,Discovery,23,0.89,1,Progressed
DEAL-2481,OmniCommerce,Financial Services,Startup,16000.0,13,11,3,6,1,3,1,1,1,0.76,7,0.92,1.0,0.75,-1,0.3,1,0.1,1,0,1,1,1,24,Negotiation,Evaluation,39,0.36,1,Lost
DEAL-2482,Skyward Aerospace,Technology,Startup,15000.0,10,17,4,8,2,0,0,0,1,0.47,4,0.83,54.8,0.85,1,0.58,2,0.86,1,1,0,1,0,0,Discovery,Lead,12,0.43,1,Progressed
DEAL-2483,Synthetix Labs,Technology,Startup,8300.0,9,22,4,9,0,1,1,1,0,0.3,7,0.8,52.6,0.72,-1,0.31,4,0.62,1,1,1,0,1,29,Proposal,Negotiation,15,0.73,1,Progressed
DEAL-2484,Trident Tech,Manufacturing,Mid-Market,114400.0,13,15,4,4,2,0,1,1,1,0.65,4,0.58,120.0,0.22,-1,0.55,4,0.4,0,0,0,1,0,0,Demo,Discovery,30,0.75,1,Lost
DEAL-2485,Zenith Textiles,Manufacturing,Enterprise,331200.0,6,41,4,6,1,0,1,0,0,0.22,2,0.77,41.9,0.17,1,0.83,5,0.52,1,0,0,1,0,0,Demo,Discovery,56,0.67,1,Lost
DEAL-2486,Beacon Robotics,Education,Startup,17200.0,8,22,1,8,0,2,1,0,0,0.25,4,0.32,20.6,0.18,-1,0.5,3,0.64,0,1,1,0,0,0,Discovery,Lead,25,0.56,1,Lost
DEAL-2487,OmniCommerce,Retail,Mid-Market,159900.0,10,21,2,5,0,0,0,0,0,0.03,4,0.35,1.7,0.19,0,0.58,3,0.77,0,1,0,0,0,0,Discovery,Lead,40,0.31,1,Progressed
DEAL-2488,Apex Cloud Systems,Technology,Enterprise,186000.0,6,33,1,1,1,2,1,1,0,0.25,8,0.93,39.4,0.38,0,0.54,3,0.15,0,0,1,1,1,2,Negotiation,Evaluation,11,0.45,0,Lost
DEAL-2489,Pulse Dynamics,Retail,Mid-Market,154000.0,10,40,0,2,1,1,1,0,0,0.27,1,0.65,46.9,0.52,1,0.96,1,0.7,1,0,1,1,1,27,Discovery,Lead,54,0.27,1,Lost
DEAL-2490,Kestrel Instruments,Logistics,SMB,41100.0,6,45,3,6,0,3,1,0,1,0.55,3,0.18,3.3,0.39,-1,0.92,0,1.0,0,1,1,0,1,12,Proposal,Negotiation,51,0.72,0,Lost
DEAL-2491,Novus Capital,Retail,Mid-Market,139900.0,10,38,1,1,0,2,0,0,0,0.19,5,0.85,1.0,0.42,1,0.62,3,0.57,1,0,1,0,0,0,Discovery,Lead,6,0.54,0,Lost
DEAL-2492,Coastal Foods Ltd,Manufacturing,Startup,15900.0,7,16,2,6,1,0,1,1,1,0.57,9,0.8,20.0,0.42,0,0.52,4,0.86,0,1,0,1,1,31,Proposal,Negotiation,31,0.46,1,Progressed
DEAL-2493,Novus Capital,Technology,Startup,21700.0,3,42,0,3,0,1,1,1,1,0.72,2,0.44,9.0,0.4,-1,0.44,0,1.0,1,1,1,1,0,0,Evaluation,Demo,13,0.33,1,Lost
DEAL-2494,Vector Mobility,Education,Enterprise,272100.0,4,6,0,1,1,0,1,0,1,0.63,1,0.28,1.0,0.39,0,0.28,2,0.38,0,1,0,1,1,12,Demo,Discovery,46,0.63,0,Lost
DEAL-2495,Trident Tech,Technology,Enterprise,244700.0,3,32,0,0,3,0,1,1,0,0.28,5,0.76,34.7,0.87,1,0.84,4,0.75,0,1,0,1,1,20,Demo,Discovery,57,0.37,0,Lost
DEAL-2496,Zenith Textiles,Financial Services,Mid-Market,98400.0,14,34,2,8,1,3,1,1,1,0.77,5,0.6,1.0,0.8,1,0.59,3,0.48,1,0,1,0,1,29,Demo,Discovery,58,0.26,1,Lost
DEAL-2497,Solstice Media,Healthcare,SMB,32400.0,2,36,0,2,0,3,1,1,1,0.73,5,0.5,43.6,0.77,0,0.53,0,1.0,0,0,1,0,1,14,Negotiation,Evaluation,9,0.95,0,Lost
DEAL-2498,Acuity Networks,Education,SMB,67300.0,14,0,4,9,3,0,1,1,0,0.19,7,0.74,23.5,0.31,1,0.66,3,0.05,0,1,0,1,1,8,Negotiation,Evaluation,50,0.75,0,Lost
DEAL-2499,Frontier FinCorp,Education,SMB,67400.0,1,8,1,1,1,3,0,0,1,0.42,9,0.41,48.0,0.78,-1,0.49,1,0.26,0,0,1,1,1,31,Discovery,Lead,25,0.99,1,Lost
DEAL-2500,Synthetix Labs,Education,Mid-Market,81100.0,14,21,2,4,3,3,1,0,0,0.3,6,0.91,112.2,0.75,1,0.55,5,0.13,1,0,1,1,0,0,Discovery,Lead,47,0.6,1,Lost
DEAL-2501,Prime Packaging,Technology,Enterprise,247700.0,5,10,3,5,2,3,1,0,0,0.18,1,0.78,33.9,0.29,0,0.54,2,0.17,1,1,1,1,0,0,Discovery,Lead,17,0.9,1,Lost
DEAL-2502,Veritas Analytics,Education,SMB,30100.0,6,14,3,6,2,2,1,1,1,0.64,5,0.6,11.8,0.2,-1,0.5,3,0.02,1,0,1,0,1,5,Negotiation,Evaluation,45,0.95,0,Lost
DEAL-2503,Veritas Analytics,Retail,SMB,49000.0,9,9,1,1,0,3,1,0,1,0.51,5,0.81,6.2,0.6,-1,0.36,2,0.18,1,1,1,0,1,7,Negotiation,Evaluation,44,0.82,1,Progressed
DEAL-2504,BrightPath Logistics,Logistics,SMB,53900.0,6,39,4,4,0,3,1,0,1,0.57,5,0.18,63.5,0.2,-1,0.62,4,0.26,0,1,1,1,0,0,Discovery,Lead,43,0.66,0,Lost
DEAL-2505,Pulse Dynamics,Financial Services,Mid-Market,134900.0,1,23,1,1,2,0,1,1,0,0.17,5,0.81,10.0,0.58,-1,0.76,5,0.89,0,1,0,0,1,21,Negotiation,Evaluation,43,0.51,0,Lost
DEAL-2506,Pulse Dynamics,Technology,Mid-Market,133100.0,14,28,3,5,1,3,1,0,1,0.63,6,0.19,120.0,0.8,0,0.35,4,0.28,0,1,1,1,0,0,Discovery,Lead,31,0.56,0,Lost
DEAL-2507,Beacon Robotics,Logistics,SMB,60400.0,10,15,4,8,0,0,1,1,1,0.96,8,0.28,95.3,0.53,0,0.59,4,0.05,1,1,0,1,1,25,Proposal,Negotiation,7,0.65,1,Progressed
DEAL-2508,Kestrel Instruments,Retail,SMB,66700.0,5,6,2,5,0,0,1,1,0,0.01,2,0.71,30.1,0.16,-1,0.64,2,0.79,0,1,0,0,0,0,Demo,Discovery,6,0.35,1,Progressed
DEAL-2509,Trident Tech,Financial Services,SMB,65000.0,6,1,0,4,0,0,1,0,0,0.26,6,0.56,21.6,0.43,0,0.86,0,1.0,1,1,0,1,1,30,Demo,Discovery,25,0.96,0,Progressed
DEAL-2510,Summit BioPharma,Technology,Enterprise,223700.0,7,1,3,6,0,1,1,0,1,0.81,8,0.32,27.0,0.31,1,0.58,0,1.0,0,1,1,0,0,0,Discovery,Lead,13,0.72,0,Progressed
DEAL-2511,Synthetix Labs,Education,Enterprise,261800.0,3,10,2,2,0,2,0,0,1,0.59,7,0.89,27.2,0.19,1,0.44,2,0.34,1,0,1,1,1,2,Discovery,Lead,28,0.31,1,Lost
DEAL-2512,Coastal Foods Ltd,Manufacturing,SMB,29100.0,6,15,0,5,2,2,1,0,1,0.93,7,0.2,4.4,0.89,0,0.52,5,0.8,1,1,1,1,1,17,Discovery,Lead,38,0.83,1,Lost
DEAL-2513,Synthetix Labs,Manufacturing,SMB,40800.0,6,0,2,3,2,3,1,1,0,0.18,5,0.68,16.7,0.68,0,0.79,3,0.85,0,0,1,1,1,20,Demo,Discovery,21,0.83,1,Lost
DEAL-2514,Synthetix Labs,Education,Startup,9500.0,9,1,0,7,0,2,1,1,0,0.15,9,0.46,25.1,0.89,-1,0.4,0,1.0,1,1,1,1,1,26,Evaluation,Demo,24,0.79,1,Progressed
DEAL-2515,Helix Diagnostics,Technology,SMB,28000.0,6,2,0,2,0,0,1,0,1,0.64,3,0.48,7.7,0.34,1,0.94,2,0.25,0,0,0,0,1,1,Discovery,Lead,16,0.58,1,Progressed
DEAL-2516,BlueShift AI,Logistics,SMB,47000.0,1,2,1,1,0,0,1,1,1,0.49,4,0.63,21.9,0.65,0,0.51,5,0.31,1,0,0,1,0,0,Evaluation,Demo,16,0.8,0,Progressed
DEAL-2517,Synthetix Labs,Education,SMB,62900.0,2,45,2,2,3,0,1,0,1,0.72,3,0.56,4.7,0.9,0,0.56,5,0.92,0,0,0,0,1,12,Discovery,Lead,2,0.33,1,Lost
DEAL-2518,Pulse Dynamics,Manufacturing,SMB,30900.0,4,0,4,4,0,1,0,0,1,0.83,8,0.58,26.4,0.3,0,0.91,5,0.9,0,1,1,0,0,0,Discovery,Lead,25,0.46,0,Progressed
DEAL-2519,Trident Tech,Logistics,SMB,68900.0,7,37,4,4,0,0,1,0,1,0.86,1,0.58,43.6,0.47,1,0.21,0,1.0,1,0,0,0,0,0,Discovery,Lead,13,0.66,1,Progressed
DEAL-2520,OmniCommerce,Technology,Mid-Market,99800.0,4,29,0,1,1,0,1,1,1,0.76,6,0.25,28.9,0.49,0,0.79,3,0.98,1,1,0,1,1,25,Evaluation,Demo,23,0.57,1,Progressed
DEAL-2521,Coastal Foods Ltd,Healthcare,Mid-Market,84300.0,14,24,4,11,3,1,1,1,1,0.5,5,0.44,43.7,0.77,-1,0.5,4,0.56,1,1,1,1,0,0,Demo,Discovery,11,0.45,0,Lost
DEAL-2522,Synthetix Labs,Financial Services,Enterprise,266300.0,5,7,0,0,0,0,0,0,1,0.7,4,0.83,12.3,0.73,1,0.38,0,1.0,0,1,0,1,1,1,Discovery,Lead,29,0.27,1,Progressed
DEAL-2523,Veritas Analytics,Logistics,Enterprise,264600.0,1,24,1,1,1,0,1,1,0,0.08,1,0.66,4.0,0.88,1,0.63,2,0.01,1,1,0,1,1,24,Negotiation,Evaluation,25,0.43,0,Lost
DEAL-2524,Summit BioPharma,Technology,Mid-Market,136800.0,6,40,0,6,0,0,1,0,1,0.59,8,0.41,61.0,0.52,1,0.6,2,0.48,0,0,0,0,0,0,Discovery,Lead,59,0.25,0,Lost
DEAL-2525,Solstice Media,Healthcare,Startup,18000.0,3,34,2,2,0,0,1,1,0,0.05,8,0.21,21.0,0.77,1,0.6,2,0.72,1,1,0,1,1,18,Evaluation,Demo,55,0.75,0,Lost
DEAL-2526,Zenith Textiles,Manufacturing,Mid-Market,142200.0,2,8,0,2,1,2,0,0,1,0.97,6,0.2,1.3,0.48,1,0.91,1,0.41,0,1,1,1,0,0,Discovery,Lead,33,0.41,1,Progressed
DEAL-2527,Synthetix Labs,Financial Services,Startup,23300.0,3,43,2,3,0,0,1,0,1,0.61,4,0.48,1.0,0.18,-1,0.32,0,1.0,1,0,0,0,0,0,Demo,Discovery,40,0.86,1,Lost
DEAL-2528,Synthetix Labs,Technology,SMB,69700.0,7,37,2,5,2,0,1,0,1,0.79,4,0.22,22.4,0.39,1,0.96,4,0.37,1,1,0,1,1,7,Negotiation,Evaluation,21,0.76,1,Progressed
DEAL-2529,BlueShift AI,Logistics,Startup,25600.0,2,34,1,2,0,1,1,1,1,0.53,1,0.25,51.1,0.16,-1,0.83,1,0.1,1,1,1,1,1,10,Proposal,Negotiation,39,0.41,1,Lost
DEAL-2530,Vanguard Supply,Technology,Startup,16400.0,13,34,3,9,1,0,1,1,1,0.49,1,0.74,5.7,0.51,0,0.77,3,0.41,1,0,0,1,1,34,Negotiation,Evaluation,34,0.7,1,Progressed
DEAL-2531,Apex Cloud Systems,Healthcare,Startup,31100.0,10,29,0,1,1,3,1,1,1,0.57,8,0.19,47.7,0.68,0,0.28,3,0.1,1,1,1,1,1,27,Proposal,Negotiation,53,0.76,1,Lost
DEAL-2532,BlueShift AI,Retail,SMB,74300.0,3,32,0,3,1,0,1,1,1,0.92,9,0.69,32.1,0.55,-1,0.58,5,0.37,0,1,0,1,1,5,Proposal,Negotiation,38,0.28,1,Progressed
DEAL-2533,Veritas Analytics,Healthcare,Startup,15700.0,11,39,4,11,2,0,1,0,1,0.71,5,0.6,8.1,0.15,1,0.91,5,0.26,1,1,0,1,1,18,Proposal,Negotiation,30,0.51,1,Lost
DEAL-2534,Beacon Robotics,Healthcare,Startup,19200.0,13,20,4,10,3,0,1,1,0,0.03,2,0.69,15.0,0.54,-1,0.53,5,0.3,1,1,0,1,1,20,Negotiation,Evaluation,60,0.56,0,Lost
DEAL-2535,Zenith Textiles,Financial Services,SMB,52800.0,14,44,1,8,0,2,1,1,1,0.59,4,0.5,45.1,0.25,1,0.88,3,0.29,1,0,1,0,1,16,Proposal,Negotiation,13,0.64,1,Lost
DEAL-2536,Cobalt Freight,Healthcare,Mid-Market,88400.0,3,7,3,3,0,2,1,1,1,0.56,5,0.35,1.7,0.79,0,0.96,1,0.35,1,0,1,1,1,29,Negotiation,Evaluation,10,0.37,1,Progressed
DEAL-2537,OmniCommerce,Retail,SMB,25700.0,2,21,1,2,2,0,1,1,1,0.8,9,0.68,88.9,0.8,0,0.69,2,0.85,1,1,0,0,0,0,Evaluation,Demo,28,0.48,1,Progressed
DEAL-2538,NexGen Health,Healthcare,Enterprise,216600.0,10,17,0,6,1,1,0,0,1,0.46,9,0.28,66.7,0.7,-1,0.63,4,0.99,1,1,1,1,0,0,Discovery,Lead,8,0.75,0,Lost
DEAL-2539,Helix Diagnostics,Manufacturing,SMB,50000.0,7,11,4,7,0,3,1,0,1,0.62,5,0.66,2.1,0.19,0,0.36,0,1.0,0,0,1,0,1,3,Negotiation,Evaluation,7,0.73,0,Lost
DEAL-2540,BrightPath Logistics,Healthcare,Mid-Market,101300.0,5,24,0,4,2,3,1,1,1,0.73,2,0.16,5.7,0.61,0,0.51,4,0.31,0,1,1,1,1,18,Negotiation,Evaluation,6,0.87,1,Lost
DEAL-2541,Apex Cloud Systems,Logistics,Mid-Market,109100.0,5,41,1,1,0,1,1,1,0,0.2,9,0.61,6.3,0.87,0,0.74,0,1.0,0,1,1,1,0,0,Evaluation,Demo,13,0.86,0,Lost
DEAL-2542,Novus Capital,Retail,Startup,22400.0,11,25,0,1,3,0,1,0,1,0.4,3,0.44,2.6,0.88,0,0.41,3,0.91,0,1,0,1,1,28,Negotiation,Evaluation,7,0.36,1,Lost
DEAL-2543,Frontier FinCorp,Technology,Mid-Market,157300.0,5,31,3,5,3,3,1,0,0,0.05,6,0.71,4.4,0.83,-1,0.76,4,0.34,1,1,1,0,0,0,Evaluation,Demo,7,0.98,0,Lost
DEAL-2544,Solstice Media,Healthcare,Enterprise,341800.0,12,10,1,1,1,0,1,0,0,0.07,4,0.65,38.4,0.92,1,0.95,2,0.64,0,1,0,1,0,0,Discovery,Lead,27,0.59,1,Lost
DEAL-2545,Acuity Networks,Retail,Mid-Market,133100.0,12,3,2,9,0,0,1,1,1,0.63,5,0.88,9.5,0.52,1,0.83,2,0.56,1,1,0,1,1,5,Negotiation,Evaluation,10,0.41,0,Progressed
DEAL-2546,Veritas Analytics,Financial Services,SMB,39600.0,3,39,1,2,1,0,1,0,0,0.04,6,0.55,3.3,0.89,0,0.96,1,0.52,0,0,0,1,0,0,Discovery,Lead,26,0.29,1,Lost
DEAL-2547,Vector Mobility,Education,SMB,38100.0,5,43,2,5,0,1,1,1,1,0.53,4,0.89,7.1,0.36,1,0.88,4,0.41,1,0,1,0,0,0,Evaluation,Demo,9,0.76,1,Progressed
DEAL-2548,Beacon Robotics,Logistics,Mid-Market,151600.0,14,20,4,4,0,0,1,1,1,0.47,9,0.28,1.6,0.64,-1,0.34,1,0.97,0,1,0,0,1,14,Negotiation,Evaluation,15,0.48,1,Progressed
DEAL-2549,Helix Diagnostics,Retail,Startup,9600.0,14,1,3,3,1,0,1,1,1,0.77,3,0.46,5.7,0.32,0,0.52,5,0.13,1,1,0,1,1,17,Proposal,Negotiation,25,0.94,1,Progressed
DEAL-2550,Coastal Foods Ltd,Retail,SMB,74900.0,12,41,1,8,2,0,1,1,1,0.49,4,0.65,10.1,0.63,-1,0.5,4,0.36,1,1,0,1,1,15,Proposal,Negotiation,35,0.85,1,Progressed
DEAL-2551,Frontier FinCorp,Retail,Enterprise,324800.0,3,33,1,3,1,0,1,1,0,0.24,6,0.23,48.0,0.61,1,0.44,2,0.85,1,0,0,0,1,13,Demo,Discovery,49,0.61,1,Lost
DEAL-2552,BrightPath Logistics,Logistics,SMB,72000.0,4,4,1,3,0,1,1,1,1,0.76,7,0.75,19.9,0.81,0,0.48,0,1.0,0,1,1,0,1,34,Negotiation,Evaluation,23,0.29,1,Progressed
DEAL-2553,Aegis Software,Education,Enterprise,133000.0,1,22,0,0,3,0,1,1,1,0.91,7,0.3,39.1,0.62,-1,0.46,3,0.99,1,1,0,1,1,11,Evaluation,Demo,16,0.41,1,Lost
DEAL-2554,Prime Packaging,Manufacturing,Mid-Market,139300.0,13,11,1,7,0,0,1,1,0,0.03,6,0.28,16.9,0.35,-1,0.62,5,0.44,0,1,0,0,1,18,Proposal,Negotiation,45,0.35,1,Lost
DEAL-2555,Kestrel Instruments,Technology,SMB,53200.0,11,17,2,8,1,0,1,1,0,0.29,3,0.76,3.7,0.49,1,0.26,1,0.53,0,0,0,0,0,0,Demo,Discovery,42,0.51,1,Lost
DEAL-2556,Everline Retail,Education,Startup,13200.0,11,34,3,10,3,1,1,1,1,0.56,6,0.48,16.1,0.88,-1,0.68,5,0.69,1,0,1,0,0,0,Demo,Discovery,3,0.85,0,Lost
DEAL-2557,NexGen Health,Retail,Mid-Market,94200.0,7,44,2,7,3,0,1,1,1,0.89,7,0.44,2.1,0.5,-1,0.77,3,0.97,0,1,0,1,1,10,Evaluation,Demo,28,0.69,0,Lost
DEAL-2558,Coastal Foods Ltd,Financial Services,Mid-Market,149100.0,7,44,1,2,1,2,1,1,0,0.13,2,0.82,41.5,0.88,0,0.37,3,0.84,1,0,1,0,0,0,Evaluation,Demo,46,0.87,1,Lost
DEAL-2559,Synthetix Labs,Retail,Startup,13500.0,10,41,3,4,2,0,1,0,1,0.65,2,0.47,1.4,0.19,0,0.86,2,0.06,1,1,0,1,0,0,Evaluation,Demo,57,0.59,1,Lost
DEAL-2560,Acuity Networks,Logistics,Startup,24000.0,5,26,3,3,2,0,1,1,1,0.76,2,0.84,31.0,0.27,1,0.37,3,0.71,1,1,0,1,1,17,Proposal,Negotiation,41,0.63,1,Lost
DEAL-2561,Cobalt Freight,Manufacturing,Mid-Market,158600.0,12,25,4,10,1,0,1,1,1,0.51,4,0.16,20.5,0.75,-1,0.64,2,0.49,1,0,0,1,0,0,Demo,Discovery,30,0.58,1,Progressed
DEAL-2562,Summit BioPharma,Retail,SMB,32600.0,11,5,0,5,2,1,1,1,1,0.44,1,0.58,47.6,0.85,-1,0.94,3,0.94,1,1,1,1,1,21,Negotiation,Evaluation,30,0.81,0,Lost
DEAL-2563,Vanguard Supply,Logistics,Mid-Market,126400.0,13,13,0,5,0,0,1,1,1,0.71,4,0.24,9.0,0.65,1,0.25,5,0.71,1,0,0,0,1,4,Proposal,Negotiation,28,0.33,0,Progressed
DEAL-2564,Novus Capital,Manufacturing,SMB,38100.0,13,22,4,5,1,3,1,1,0,0.05,9,0.6,109.2,0.22,1,0.69,5,0.43,1,1,1,1,0,0,Evaluation,Demo,8,0.3,1,Lost
DEAL-2565,Synthetix Labs,Financial Services,Startup,34000.0,5,19,0,3,0,0,1,1,1,0.67,3,0.82,52.9,0.36,-1,0.52,0,1.0,1,1,0,0,1,18,Negotiation,Evaluation,57,0.89,1,Progressed
DEAL-2566,Zenith Textiles,Manufacturing,Mid-Market,108000.0,12,43,4,9,2,0,1,1,0,0.07,4,0.22,16.1,0.2,1,0.87,2,0.56,1,1,0,1,1,30,Negotiation,Evaluation,13,0.32,1,Lost
DEAL-2567,Helix Diagnostics,Technology,Mid-Market,119000.0,14,22,4,7,0,3,1,0,1,0.45,3,0.84,32.5,0.77,-1,0.37,1,0.44,1,0,1,0,0,0,Demo,Discovery,25,0.94,1,Lost
DEAL-2568,Acuity Networks,Financial Services,Startup,24700.0,12,23,2,6,3,3,1,1,1,0.51,4,0.57,43.7,0.15,-1,0.44,3,0.6,1,1,1,0,1,24,Demo,Discovery,46,0.88,1,Lost
DEAL-2569,Kestrel Instruments,Healthcare,Startup,33200.0,8,23,0,3,1,0,1,0,1,0.92,6,0.27,10.8,0.91,-1,0.31,5,0.1,1,1,0,1,1,21,Proposal,Negotiation,33,0.42,1,Lost
DEAL-2570,NexGen Health,Financial Services,Startup,13300.0,4,23,0,0,0,3,1,1,1,0.85,9,0.19,9.5,0.84,1,0.33,0,1.0,0,0,1,0,1,12,Negotiation,Evaluation,47,0.91,1,Progressed
DEAL-2571,Vector Mobility,Logistics,Mid-Market,62300.0,7,10,2,7,0,2,1,0,0,0.11,3,0.81,14.5,0.25,-1,0.79,5,0.97,1,0,1,0,1,29,Demo,Discovery,26,0.94,1,Lost
DEAL-2572,Aegis Software,Healthcare,Mid-Market,136700.0,14,18,3,10,3,0,1,1,1,0.7,7,0.32,5.2,0.53,-1,0.97,4,0.01,1,1,0,1,0,0,Evaluation,Demo,50,0.98,1,Lost
DEAL-2573,Atlas Energy,Financial Services,Mid-Market,67500.0,3,45,1,2,1,2,1,1,0,0.21,6,0.83,72.6,0.73,0,0.82,2,0.11,0,1,1,1,1,18,Proposal,Negotiation,26,0.54,1,Lost
DEAL-2574,Synthetix Labs,Manufacturing,Mid-Market,140000.0,3,37,3,3,2,0,1,0,0,0.2,7,0.19,20.8,0.71,1,0.66,4,0.34,0,1,0,1,0,0,Demo,Discovery,35,0.73,0,Lost
DEAL-2575,Apex Cloud Systems,Financial Services,SMB,61500.0,1,19,0,1,2,1,1,1,1,0.46,1,0.35,16.1,0.65,1,0.21,2,0.95,0,1,1,1,1,5,Proposal,Negotiation,25,0.53,0,Lost
DEAL-2576,Solstice Media,Healthcare,SMB,52300.0,10,43,0,6,0,0,0,0,1,0.4,2,0.38,19.3,0.72,-1,0.75,3,0.51,0,0,0,0,1,14,Discovery,Lead,35,0.27,1,Lost
DEAL-2577,Prime Packaging,Healthcare,Mid-Market,144000.0,3,27,3,3,2,0,1,1,1,0.53,2,0.72,11.2,0.21,1,0.24,4,0.7,1,1,0,1,1,22,Negotiation,Evaluation,15,0.48,1,Lost
DEAL-2578,BlueShift AI,Financial Services,Mid-Market,86100.0,2,35,0,2,1,2,1,0,1,0.67,8,0.28,20.3,0.22,1,0.89,1,0.36,0,0,1,0,0,0,Discovery,Lead,6,0.33,1,Lost
DEAL-2579,Everline Retail,Retail,Mid-Market,61700.0,3,45,1,2,0,0,1,1,1,0.45,2,0.58,4.9,0.62,-1,0.22,2,0.38,1,1,0,0,1,7,Negotiation,Evaluation,56,0.41,0,Lost
DEAL-2580,Frontier FinCorp,Healthcare,Startup,9100.0,14,4,3,5,0,3,1,0,1,0.5,4,0.58,4.8,0.16,-1,0.72,1,0.85,1,1,1,0,1,18,Evaluation,Demo,6,0.96,1,Lost
DEAL-2581,BlueShift AI,Technology,Enterprise,174300.0,7,2,3,7,1,2,1,1,0,0.22,6,0.19,41.9,0.7,1,0.21,1,0.23,0,1,1,1,0,0,Demo,Discovery,59,0.79,0,Lost
DEAL-2582,BrightPath Logistics,Technology,SMB,66700.0,5,24,0,3,0,1,1,1,1,0.44,6,0.23,84.1,0.32,-1,0.22,1,0.86,0,0,1,0,0,0,Demo,Discovery,4,0.54,0,Lost
DEAL-2583,Atlas Energy,Logistics,Mid-Market,101500.0,4,15,4,4,0,0,1,1,1,0.7,6,0.53,20.3,0.3,1,0.28,4,0.7,0,0,0,0,0,0,Demo,Discovery,52,0.49,1,Progressed
DEAL-2584,BrightPath Logistics,Logistics,SMB,51000.0,11,7,2,8,2,3,1,1,1,0.53,5,0.76,38.4,0.85,0,0.88,5,0.39,0,1,1,1,0,0,Evaluation,Demo,2,0.52,0,Lost
DEAL-2585,Everline Retail,Retail,Enterprise,144200.0,9,35,4,4,1,0,1,0,1,0.89,6,0.18,11.0,0.9,-1,0.92,1,0.81,1,1,0,0,1,26,Negotiation,Evaluation,49,0.8,1,Progressed
DEAL-2586,Skyward Aerospace,Healthcare,Mid-Market,150700.0,11,18,1,7,3,0,1,1,1,0.77,8,0.78,44.8,0.28,-1,0.89,4,0.08,1,0,0,1,0,0,Evaluation,Demo,29,0.44,0,Lost
DEAL-2587,Kestrel Instruments,Healthcare,Mid-Market,131100.0,12,30,0,7,0,2,1,0,1,0.61,6,0.43,38.1,0.89,-1,0.24,0,1.0,0,1,1,0,1,9,Evaluation,Demo,23,0.71,1,Lost
DEAL-2588,Summit BioPharma,Retail,Mid-Market,63800.0,13,39,0,2,2,0,1,0,1,0.55,7,0.68,6.0,0.49,-1,0.85,3,0.11,1,0,0,1,1,13,Evaluation,Demo,22,0.56,1,Lost
DEAL-2589,BrightPath Logistics,Healthcare,SMB,29700.0,7,11,1,1,2,2,1,1,0,0.2,2,0.46,5.9,0.9,0,0.68,4,0.55,0,1,1,1,1,26,Proposal,Negotiation,24,0.51,1,Lost
DEAL-2590,Everline Retail,Technology,Mid-Market,156000.0,9,10,4,9,2,2,1,1,0,0.02,7,0.38,7.3,0.36,0,0.85,3,0.46,1,1,1,1,0,0,Evaluation,Demo,29,0.99,1,Lost
DEAL-2591,Helix Diagnostics,Education,Enterprise,336800.0,4,36,4,4,0,0,1,1,0,0.17,3,0.56,1.0,0.24,-1,0.61,0,1.0,1,0,0,1,0,0,Demo,Discovery,24,0.72,0,Lost
DEAL-2592,Skyward Aerospace,Education,Mid-Market,136100.0,6,36,0,4,0,0,1,0,1,0.71,6,0.3,23.7,0.81,1,0.8,2,0.02,0,0,0,1,0,0,Discovery,Lead,57,0.9,0,Lost
DEAL-2593,Beacon Robotics,Financial Services,SMB,30200.0,7,40,3,7,0,2,1,0,1,0.44,2,0.74,33.3,0.4,0,0.89,0,1.0,1,1,1,0,1,18,Negotiation,Evaluation,39,0.68,0,Lost
DEAL-2594,Acuity Networks,Financial Services,Enterprise,348700.0,5,15,4,5,1,0,1,0,1,0.54,6,0.75,10.4,0.44,0,0.53,3,0.56,1,0,0,0,1,15,Negotiation,Evaluation,32,0.48,1,Lost
DEAL-2595,Coastal Foods Ltd,Healthcare,Mid-Market,123500.0,2,36,2,2,3,1,1,1,0,0.24,2,0.89,2.4,0.35,1,0.38,3,0.52,1,1,1,1,1,6,Evaluation,Demo,28,0.39,1,Lost
DEAL-2596,Novus Capital,Retail,Startup,17600.0,12,40,0,1,0,3,1,0,1,0.51,4,0.49,1.0,0.34,0,0.77,1,0.07,1,0,1,0,1,31,Negotiation,Evaluation,52,0.41,1,Lost
DEAL-2597,Kestrel Instruments,Retail,Mid-Market,74300.0,2,4,0,2,1,2,1,1,1,0.41,4,0.35,8.3,0.56,-1,0.77,2,0.93,1,1,1,1,0,0,Evaluation,Demo,31,0.48,1,Lost
DEAL-2598,Aegis Software,Retail,SMB,41300.0,3,25,3,3,0,1,1,1,1,0.7,5,0.33,57.4,0.3,-1,0.43,3,0.4,1,1,1,1,1,17,Negotiation,Evaluation,42,0.74,1,Lost
DEAL-2599,Cascade Security,Logistics,Mid-Market,135100.0,11,8,2,6,3,1,1,1,1,0.85,7,0.2,15.1,0.31,1,0.49,4,0.22,0,1,1,1,1,13,Negotiation,Evaluation,53,0.94,1,Lost
DEAL-2600,Apex Cloud Systems,Education,Startup,27900.0,9,0,2,7,2,0,0,0,1,0.77,4,0.37,4.0,0.24,-1,0.51,2,0.18,0,1,0,1,0,0,Discovery,Lead,43,0.61,1,Lost
DEAL-2601,Novus Capital,Retail,Mid-Market,148800.0,3,40,3,3,1,0,1,1,1,0.78,3,0.44,16.0,0.54,-1,0.23,1,0.49,1,0,0,1,1,31,Proposal,Negotiation,6,0.38,1,Progressed
DEAL-2602,Cobalt Freight,Retail,Startup,21800.0,5,38,0,3,0,0,1,1,1,0.71,2,0.15,120.0,0.69,-1,0.66,4,0.17,0,1,0,0,0,0,Demo,Discovery,28,0.56,0,Lost
DEAL-2603,Helix Diagnostics,Financial Services,Startup,28400.0,1,35,0,0,0,3,1,1,0,0.1,6,0.35,35.2,0.75,1,0.6,1,0.44,1,1,1,0,1,28,Negotiation,Evaluation,43,0.36,1,Lost
DEAL-2604,Skyward Aerospace,Education,Mid-Market,135200.0,4,3,3,4,0,0,1,0,1,0.62,1,0.95,4.5,0.36,-1,0.86,0,1.0,1,1,0,0,1,13,Proposal,Negotiation,3,0.67,1,Progressed
DEAL-2605,Apex Cloud Systems,Manufacturing,SMB,40400.0,6,25,1,2,0,1,1,1,1,0.81,8,0.89,1.0,0.77,-1,0.82,3,0.7,1,1,1,0,1,5,Negotiation,Evaluation,36,0.59,1,Progressed
DEAL-2606,Acuity Networks,Financial Services,SMB,54100.0,7,23,3,7,1,3,1,0,1,0.77,7,0.47,17.1,0.7,1,0.39,2,0.78,0,0,1,1,0,0,Discovery,Lead,46,0.8,1,Lost
DEAL-2607,Cascade Security,Manufacturing,SMB,59400.0,5,21,4,5,3,0,1,1,1,0.87,4,0.5,22.9,0.39,1,0.91,4,0.04,0,1,0,1,1,4,Negotiation,Evaluation,6,0.39,0,Lost
DEAL-2608,Prime Packaging,Education,SMB,55900.0,13,37,4,5,0,0,1,0,0,0.22,4,0.76,16.7,0.6,-1,0.37,5,0.3,0,1,0,1,1,1,Negotiation,Evaluation,50,0.84,1,Lost
DEAL-2609,BlueShift AI,Manufacturing,SMB,31000.0,9,26,0,7,2,0,1,0,1,0.69,4,0.69,1.2,0.33,1,0.44,3,0.59,1,0,0,1,0,0,Discovery,Lead,57,0.37,1,Lost
DEAL-2610,Solstice Media,Retail,SMB,43900.0,11,9,4,5,2,1,1,0,1,0.83,1,0.78,13.8,0.45,0,0.97,4,0.12,1,1,1,1,1,27,Discovery,Lead,45,0.6,1,Lost
DEAL-2611,Kestrel Instruments,Logistics,Enterprise,271800.0,4,5,3,4,0,2,1,1,0,0.09,6,0.45,43.9,0.51,1,0.27,1,0.76,1,1,1,0,1,22,Negotiation,Evaluation,3,0.31,1,Lost
DEAL-2612,Frontier FinCorp,Manufacturing,SMB,25800.0,9,12,2,4,0,0,1,1,1,0.49,5,0.64,1.2,0.6,0,0.66,0,1.0,1,1,0,0,1,7,Negotiation,Evaluation,3,0.53,0,Progressed
DEAL-2613,Zenith Textiles,Healthcare,SMB,36200.0,5,33,3,5,1,3,1,0,1,0.47,4,0.84,30.9,0.62,-1,0.32,4,0.88,0,1,1,1,0,0,Evaluation,Demo,8,0.8,0,Lost
DEAL-2614,Vector Mobility,Logistics,SMB,66600.0,10,39,4,4,2,0,0,0,1,0.85,9,0.54,7.9,0.87,-1,0.5,3,0.45,0,1,0,1,0,0,Discovery,Lead,32,0.41,1,Lost
DEAL-2615,Coastal Foods Ltd,Manufacturing,Startup,18800.0,8,30,3,8,0,0,1,1,1,0.77,3,0.73,4.6,0.25,1,0.5,0,1.0,0,1,0,1,1,2,Proposal,Negotiation,25,0.41,1,Progressed
DEAL-2616,Trident Tech,Manufacturing,SMB,26200.0,3,34,2,3,2,0,1,1,1,0.62,8,0.47,11.9,0.36,-1,0.38,3,0.77,1,1,0,1,0,0,Demo,Discovery,37,0.54,0,Lost
DEAL-2617,Aegis Software,Retail,SMB,36600.0,2,19,0,2,0,0,1,1,1,0.92,5,0.64,33.3,0.68,0,0.4,3,0.45,0,1,0,0,0,0,Demo,Discovery,22,0.46,0,Progressed
DEAL-2618,Solstice Media,Manufacturing,SMB,57500.0,9,30,2,2,0,0,1,1,1,0.54,2,0.9,6.5,0.44,-1,0.39,4,0.23,1,1,0,0,1,2,Negotiation,Evaluation,22,0.65,1,Progressed
DEAL-2619,Helix Diagnostics,Manufacturing,SMB,49000.0,1,30,1,1,2,1,1,0,1,0.52,3,0.94,27.2,0.45,0,0.85,3,0.77,0,1,1,1,0,0,Discovery,Lead,14,0.94,1,Lost
DEAL-2620,Acuity Networks,Retail,Mid-Market,133500.0,14,33,3,4,1,3,1,0,0,0.17,4,0.78,11.8,0.24,-1,0.93,3,0.3,1,0,1,1,1,18,Negotiation,Evaluation,59,0.36,1,Lost
DEAL-2621,Cobalt Freight,Technology,Mid-Market,82500.0,5,17,1,3,1,2,1,1,0,0.03,8,0.45,1.6,0.19,1,0.71,5,0.86,1,0,1,1,1,11,Proposal,Negotiation,43,0.88,1,Lost
DEAL-2622,Frontier FinCorp,Healthcare,Enterprise,193900.0,5,40,2,5,1,0,1,1,1,0.42,2,0.63,6.4,0.82,-1,0.27,1,0.01,1,1,0,1,1,21,Proposal,Negotiation,29,0.92,1,Progressed
DEAL-2623,Vanguard Supply,Logistics,Mid-Market,106200.0,9,26,0,2,0,2,1,1,1,0.89,4,0.79,10.2,0.32,0,0.54,2,0.02,1,1,1,1,1,6,Negotiation,Evaluation,30,0.87,1,Progressed
DEAL-2624,Synthetix Labs,Logistics,Mid-Market,77500.0,10,45,2,2,3,0,1,0,0,0.16,2,0.66,7.4,0.87,0,0.89,5,0.37,1,1,0,1,1,28,Negotiation,Evaluation,20,0.74,1,Lost
DEAL-2625,Apex Cloud Systems,Education,Mid-Market,66200.0,13,34,2,8,0,2,1,0,0,0.2,2,0.85,22.7,0.88,1,0.68,4,0.89,1,1,1,0,1,12,Negotiation,Evaluation,45,0.77,0,Lost
DEAL-2626,OmniCommerce,Education,SMB,66500.0,9,42,3,3,0,0,1,1,1,0.85,9,0.38,45.2,0.7,0,0.86,2,0.46,1,0,0,1,1,9,Negotiation,Evaluation,46,0.43,1,Progressed
DEAL-2627,Coastal Foods Ltd,Education,SMB,71700.0,13,17,3,8,1,0,0,0,1,0.78,7,0.24,70.6,0.63,1,0.47,1,0.16,0,0,0,1,0,0,Discovery,Lead,10,0.69,0,Lost
DEAL-2628,Aegis Software,Financial Services,Mid-Market,87100.0,14,8,4,4,0,0,1,1,0,0.3,4,0.24,7.8,0.42,-1,0.95,1,0.88,0,1,0,0,1,14,Evaluation,Demo,18,0.66,1,Progressed
DEAL-2629,Novus Capital,Financial Services,Startup,18500.0,1,21,1,1,1,3,1,1,1,0.92,5,0.64,7.9,0.44,0,0.77,5,0.83,0,0,1,1,0,0,Evaluation,Demo,48,0.58,1,Lost
DEAL-2630,Cascade Security,Financial Services,SMB,47200.0,8,33,1,1,3,3,1,1,1,0.88,4,0.63,23.4,0.55,-1,0.73,4,0.81,1,1,1,1,1,2,Proposal,Negotiation,23,0.3,1,Lost
DEAL-2631,Aegis Software,Manufacturing,SMB,46000.0,11,20,3,10,0,0,0,0,0,0.16,9,0.51,110.8,0.55,0,0.24,0,1.0,0,1,0,1,0,0,Discovery,Lead,59,0.68,1,Lost
DEAL-2632,Atlas Energy,Technology,Enterprise,345600.0,4,37,0,3,0,0,1,1,1,0.69,3,0.18,2.0,0.38,0,0.84,0,1.0,0,1,0,1,1,1,Evaluation,Demo,60,0.83,0,Progressed
DEAL-2633,NexGen Health,Technology,Mid-Market,135700.0,8,11,4,5,0,0,1,1,0,0.04,7,0.22,14.0,0.64,0,0.52,3,0.99,1,0,0,0,1,9,Negotiation,Evaluation,41,0.56,1,Progressed
DEAL-2634,OmniCommerce,Technology,SMB,30300.0,11,12,0,0,2,2,0,0,1,0.7,3,0.22,43.2,0.27,1,0.93,3,0.07,1,0,1,1,0,0,Discovery,Lead,49,0.29,0,Lost
DEAL-2635,Trident Tech,Healthcare,SMB,58200.0,2,25,1,1,1,0,1,1,1,0.55,5,0.53,65.8,0.18,-1,0.82,3,0.49,0,1,0,0,0,0,Demo,Discovery,10,0.3,0,Lost
DEAL-2636,NexGen Health,Education,Mid-Market,110400.0,5,30,4,5,2,0,0,0,0,0.02,6,0.76,63.4,0.36,1,0.88,2,0.63,0,1,0,1,1,15,Discovery,Lead,48,0.57,1,Lost
DEAL-2637,Cobalt Freight,Education,Mid-Market,123300.0,13,17,3,4,2,3,1,0,1,0.76,4,0.74,1.5,0.88,1,0.42,3,0.16,0,0,1,0,0,0,Discovery,Lead,54,0.78,0,Lost
DEAL-2638,Synthetix Labs,Financial Services,Startup,29300.0,14,2,0,0,0,0,1,1,1,0.6,8,0.43,82.7,0.78,1,0.54,5,0.95,0,0,0,0,1,13,Demo,Discovery,27,0.47,0,Progressed
DEAL-2639,Synthetix Labs,Education,SMB,33200.0,8,11,3,6,3,0,1,0,1,0.43,5,0.59,14.2,0.9,1,0.97,5,0.88,0,0,0,0,1,4,Demo,Discovery,57,0.26,1,Lost
DEAL-2640,Solstice Media,Logistics,Mid-Market,106400.0,8,8,0,1,1,0,1,0,0,0.03,9,0.87,15.3,0.89,1,0.88,3,0.91,0,1,0,1,1,29,Demo,Discovery,30,0.99,0,Lost
DEAL-2641,Zenith Textiles,Retail,Mid-Market,153600.0,9,26,4,9,2,0,1,1,1,0.46,8,0.86,26.0,0.42,1,0.86,4,0.19,1,0,0,1,0,0,Evaluation,Demo,28,0.57,1,Progressed
DEAL-2642,Atlas Energy,Logistics,Mid-Market,131700.0,13,14,4,9,0,1,1,0,0,0.07,3,0.93,20.7,0.65,1,0.57,0,1.0,1,0,1,0,0,0,Discovery,Lead,26,0.86,1,Progressed
DEAL-2643,Helix Diagnostics,Education,Startup,25400.0,13,6,4,10,2,1,1,0,1,0.68,8,0.27,56.3,0.7,0,0.26,5,0.69,0,1,1,1,0,0,Demo,Discovery,11,0.32,0,Lost
DEAL-2644,Aegis Software,Logistics,Mid-Market,128300.0,13,1,3,5,0,0,1,1,0,0.22,7,0.47,1.4,0.66,-1,0.22,4,0.35,1,0,0,1,1,14,Proposal,Negotiation,49,0.94,1,Progressed
DEAL-2645,Solstice Media,Retail,SMB,59600.0,9,31,3,6,0,0,1,0,1,0.55,7,0.52,1.0,0.26,1,0.58,0,1.0,1,0,0,0,0,0,Evaluation,Demo,33,0.46,1,Progressed
DEAL-2646,Veritas Analytics,Logistics,Enterprise,159600.0,14,21,0,6,0,0,1,1,0,0.09,5,0.57,12.7,0.27,-1,0.54,1,0.86,0,0,0,1,1,30,Demo,Discovery,37,0.92,1,Lost
DEAL-2647,BlueShift AI,Healthcare,SMB,37800.0,2,39,1,2,0,0,1,1,1,0.6,3,0.83,12.4,0.25,0,0.86,2,0.41,1,0,0,0,0,0,Evaluation,Demo,18,0.55,1,Progressed
DEAL-2648,Trident Tech,Manufacturing,SMB,47700.0,12,40,2,2,0,1,1,0,1,0.8,9,0.91,28.2,0.52,0,0.44,2,0.23,0,0,1,0,1,13,Discovery,Lead,24,0.59,1,Lost
DEAL-2649,Trident Tech,Financial Services,Startup,32800.0,13,8,2,7,0,2,1,1,1,0.71,2,0.46,7.6,0.16,-1,0.89,2,0.49,0,0,1,0,0,0,Demo,Discovery,20,0.85,1,Lost
DEAL-2650,Helix Diagnostics,Technology,Startup,10700.0,11,29,1,2,3,2,1,1,1,0.54,6,0.57,10.0,0.37,1,0.21,3,0.07,1,1,1,1,0,0,Demo,Discovery,55,0.32,0,Lost
DEAL-2651,Synthetix Labs,Education,Mid-Market,143300.0,2,43,1,2,0,0,1,1,1,0.41,9,0.15,13.5,0.3,1,0.66,4,0.86,1,1,0,0,0,0,Evaluation,Demo,33,0.37,1,Progressed
DEAL-2652,Cobalt Freight,Retail,SMB,31300.0,7,40,2,7,0,0,1,0,1,0.62,7,0.29,8.2,0.47,-1,0.63,4,0.67,0,1,0,0,0,0,Demo,Discovery,35,0.52,0,Progressed
DEAL-2653,Solstice Media,Healthcare,SMB,32700.0,7,33,3,5,1,0,1,1,1,0.41,2,0.2,16.3,0.81,-1,0.9,5,0.94,1,0,0,1,0,0,Demo,Discovery,5,0.56,0,Progressed
DEAL-2654,Vanguard Supply,Technology,SMB,73900.0,2,37,2,2,1,0,1,1,1,0.47,3,0.65,13.7,0.28,1,0.66,1,0.22,1,0,0,1,1,13,Negotiation,Evaluation,2,0.88,1,Lost
DEAL-2655,Aegis Software,Logistics,Mid-Market,108700.0,11,17,4,9,0,3,1,0,1,0.85,4,0.9,4.3,0.43,1,0.59,1,0.26,1,1,1,1,0,0,Evaluation,Demo,40,0.59,1,Progressed
DEAL-2656,Frontier FinCorp,Manufacturing,Enterprise,247700.0,6,13,0,5,2,0,1,1,0,0.18,1,0.93,55.8,0.82,1,0.43,4,0.63,0,0,0,1,0,0,Demo,Discovery,39,0.57,1,Lost
DEAL-2657,OmniCommerce,Technology,SMB,67500.0,9,5,0,1,1,0,1,0,1,0.57,8,0.37,10.1,0.35,-1,0.65,1,0.35,1,1,0,1,1,4,Negotiation,Evaluation,42,0.38,1,Progressed
DEAL-2658,Skyward Aerospace,Technology,SMB,65100.0,2,36,1,2,2,0,1,1,1,0.66,3,0.68,64.4,0.63,0,0.47,5,0.87,0,1,0,1,1,1,Demo,Discovery,50,0.86,0,Lost
DEAL-2659,OmniCommerce,Logistics,SMB,31400.0,4,24,1,3,3,0,1,1,1,0.57,8,0.69,41.3,0.15,0,0.29,3,0.9,0,0,0,1,0,0,Demo,Discovery,20,0.76,1,Lost
DEAL-2660,OmniCommerce,Retail,Enterprise,312700.0,9,30,3,7,0,1,1,0,1,0.43,9,0.32,54.9,0.49,1,0.62,4,0.86,1,1,1,0,1,30,Negotiation,Evaluation,26,0.27,0,Lost
DEAL-2661,Aegis Software,Logistics,Startup,8400.0,5,8,0,5,1,2,1,0,1,0.68,6,0.52,12.2,0.32,0,0.97,1,0.38,1,0,1,1,0,0,Demo,Discovery,12,0.82,0,Lost
DEAL-2662,BlueShift AI,Financial Services,SMB,61200.0,7,24,2,7,1,0,1,1,1,0.67,4,0.19,2.6,0.19,0,0.47,2,0.85,1,1,0,0,1,33,Proposal,Negotiation,12,0.55,0,Progressed
DEAL-2663,Cobalt Freight,Technology,SMB,30900.0,12,19,2,2,0,0,1,1,0,0.01,6,0.67,20.6,0.81,1,0.28,0,1.0,1,1,0,1,0,0,Evaluation,Demo,44,0.54,1,Progressed
DEAL-2664,NexGen Health,Healthcare,SMB,72000.0,11,12,1,3,3,0,1,1,1,0.89,8,0.73,94.6,0.21,-1,0.87,3,0.7,1,0,0,0,0,0,Evaluation,Demo,6,0.78,1,Lost
DEAL-2665,Solstice Media,Financial Services,Startup,10700.0,5,14,3,5,3,1,1,1,1,0.96,5,0.77,5.8,0.45,1,0.62,4,0.08,1,1,1,1,0,0,Evaluation,Demo,32,0.41,0,Lost
DEAL-2666,Novus Capital,Manufacturing,SMB,27800.0,5,12,0,4,0,0,1,1,1,0.93,8,0.82,32.2,0.72,1,0.81,1,0.13,1,1,0,0,1,4,Negotiation,Evaluation,42,0.89,0,Progressed
DEAL-2667,Helix Diagnostics,Education,SMB,71500.0,6,39,2,6,1,0,1,1,1,0.91,2,0.66,1.0,0.47,-1,0.38,1,0.87,1,1,0,1,1,20,Negotiation,Evaluation,29,0.62,0,Progressed
DEAL-2668,Novus Capital,Healthcare,Mid-Market,158900.0,6,37,1,2,1,0,1,1,1,0.96,3,0.38,2.6,0.4,0,0.26,3,0.81,1,0,0,1,0,0,Demo,Discovery,53,0.33,0,Progressed
DEAL-2669,Synthetix Labs,Retail,Startup,21400.0,1,9,0,0,1,0,1,1,1,0.48,2,0.19,4.5,0.44,1,0.87,2,0.21,1,1,0,1,1,25,Negotiation,Evaluation,18,0.54,1,Progressed
DEAL-2670,Summit BioPharma,Healthcare,Mid-Market,99800.0,2,45,1,2,1,1,1,1,1,0.69,3,0.41,66.9,0.22,1,0.76,5,0.95,0,1,1,1,1,24,Demo,Discovery,39,0.32,0,Lost
DEAL-2671,Novus Capital,Logistics,Mid-Market,91200.0,6,10,3,3,0,0,1,1,0,0.09,8,0.27,41.0,0.28,-1,0.9,2,0.05,0,0,0,0,0,0,Demo,Discovery,54,0.94,0,Lost
DEAL-2672,Helix Diagnostics,Financial Services,Enterprise,151100.0,6,40,1,2,1,0,1,1,0,0.11,9,0.79,10.2,0.9,1,0.38,2,0.24,1,1,0,0,0,0,Evaluation,Demo,5,0.5,1,Progressed
DEAL-2673,Cobalt Freight,Manufacturing,SMB,44500.0,9,2,0,5,0,0,1,1,1,0.52,9,0.15,1.2,0.63,1,0.96,3,0.58,0,1,0,0,0,0,Evaluation,Demo,33,0.55,0,Progressed
DEAL-2674,Solstice Media,Retail,Mid-Market,99200.0,13,20,4,4,0,0,1,1,0,0.18,3,0.28,14.7,0.28,-1,0.23,0,1.0,0,0,0,0,1,7,Negotiation,Evaluation,22,0.43,1,Lost
DEAL-2675,Pulse Dynamics,Retail,Mid-Market,94000.0,2,42,0,1,0,0,1,0,1,0.72,2,0.26,6.2,0.26,-1,0.63,0,1.0,1,1,0,1,0,0,Demo,Discovery,55,0.75,0,Lost
DEAL-2676,Novus Capital,Financial Services,Startup,15800.0,1,9,0,0,3,1,0,0,0,0.28,3,0.59,20.7,0.67,0,0.72,5,0.57,0,1,1,1,1,8,Discovery,Lead,2,0.5,1,Lost
DEAL-2677,Prime Packaging,Retail,Startup,15600.0,12,44,4,8,0,1,1,1,1,0.43,9,0.75,10.7,0.84,1,0.88,2,0.38,1,0,1,0,1,26,Negotiation,Evaluation,49,0.59,0,Progressed
DEAL-2678,Pulse Dynamics,Retail,Startup,21100.0,4,7,2,4,3,1,1,1,1,0.68,4,0.49,15.6,0.6,0,0.45,4,0.71,1,1,1,1,1,13,Negotiation,Evaluation,55,0.69,1,Lost
DEAL-2679,Apex Cloud Systems,Technology,SMB,33300.0,3,10,1,2,0,0,1,0,1,0.86,4,0.55,10.4,0.86,-1,0.76,4,0.38,0,1,0,1,1,3,Proposal,Negotiation,56,0.41,1,Progressed
DEAL-2680,Skyward Aerospace,Technology,Enterprise,188800.0,3,19,2,3,1,0,1,1,0,0.11,8,0.69,9.5,0.55,1,0.64,1,0.03,0,1,0,1,0,0,Demo,Discovery,39,0.68,1,Lost
DEAL-2681,Vanguard Supply,Technology,SMB,34800.0,6,35,1,2,0,0,1,1,1,0.61,2,0.74,5.6,0.77,1,0.22,0,1.0,1,1,0,0,1,12,Proposal,Negotiation,30,0.43,0,Progressed
DEAL-2682,Prime Packaging,Healthcare,Startup,28000.0,11,12,0,0,2,2,1,1,1,0.44,7,0.63,15.8,0.38,0,0.51,3,0.17,1,1,1,1,1,25,Negotiation,Evaluation,2,0.59,1,Lost
DEAL-2683,Coastal Foods Ltd,Financial Services,Mid-Market,98100.0,3,42,1,3,0,2,0,0,1,0.79,6,0.79,44.1,0.64,1,0.41,0,1.0,0,0,1,1,1,10,Discovery,Lead,49,0.71,1,Lost
DEAL-2684,Acuity Networks,Retail,SMB,57200.0,1,41,1,1,0,0,1,1,1,0.54,7,0.81,39.7,0.28,0,0.86,1,0.02,1,1,0,0,0,0,Evaluation,Demo,38,0.49,0,Progressed
DEAL-2685,Pulse Dynamics,Manufacturing,Enterprise,280000.0,14,13,3,4,0,2,1,1,1,0.51,2,0.18,41.6,0.2,1,0.86,1,0.62,1,1,1,0,0,0,Evaluation,Demo,11,0.55,1,Progressed
DEAL-2686,Aegis Software,Retail,SMB,47200.0,8,35,3,3,0,0,1,1,1,0.57,3,0.56,8.7,0.63,-1,0.23,5,0.46,0,0,0,1,1,19,Negotiation,Evaluation,30,0.98,1,Lost
DEAL-2687,Zenith Textiles,Manufacturing,SMB,57000.0,3,6,0,3,0,3,1,1,0,0.18,1,0.68,64.7,0.75,-1,0.54,5,0.73,0,1,1,0,1,27,Evaluation,Demo,47,0.77,0,Lost
DEAL-2688,Vanguard Supply,Technology,Startup,9600.0,1,42,1,1,0,0,1,0,1,0.41,2,0.44,1.0,0.55,0,0.63,3,0.77,1,1,0,0,0,0,Discovery,Lead,3,0.28,0,Progressed
DEAL-2689,BrightPath Logistics,Manufacturing,SMB,53300.0,2,17,2,2,1,0,1,0,0,0.07,7,0.24,15.5,0.89,-1,0.29,3,0.87,0,0,0,0,1,27,Negotiation,Evaluation,32,0.92,1,Lost
DEAL-2690,Zenith Textiles,Logistics,SMB,59900.0,8,11,2,7,1,2,1,1,0,0.27,3,0.27,25.6,0.49,0,0.77,2,0.81,1,0,1,1,1,28,Demo,Discovery,9,0.65,1,Lost
DEAL-2691,Apex Cloud Systems,Manufacturing,Mid-Market,83000.0,4,26,0,0,0,3,1,0,1,0.54,2,0.82,85.1,0.6,-1,0.94,2,0.03,0,0,1,1,0,0,Discovery,Lead,39,0.77,1,Lost
DEAL-2692,Everline Retail,Education,SMB,58100.0,14,41,1,8,0,0,1,0,1,0.9,5,0.65,1.7,0.77,0,0.7,2,0.15,1,1,0,0,1,26,Evaluation,Demo,48,0.47,1,Progressed
DEAL-2693,Vanguard Supply,Financial Services,Startup,10200.0,6,4,1,5,0,0,1,1,0,0.01,7,0.54,13.0,0.53,1,0.38,3,0.01,1,0,0,1,0,0,Demo,Discovery,46,0.54,1,Progressed
DEAL-2694,Helix Diagnostics,Manufacturing,Startup,26800.0,4,12,0,2,1,3,1,0,1,0.79,7,0.46,66.9,0.79,0,0.7,3,0.59,0,1,1,1,1,4,Negotiation,Evaluation,38,0.26,1,Lost
DEAL-2695,Beacon Robotics,Education,SMB,54300.0,13,7,0,0,0,3,1,0,0,0.17,8,0.46,26.0,0.52,0,0.22,1,0.22,1,0,1,0,1,32,Proposal,Negotiation,19,0.64,1,Lost
DEAL-2696,Kestrel Instruments,Logistics,SMB,26000.0,11,1,0,5,1,2,1,0,1,0.42,3,0.44,19.2,0.68,1,0.79,2,0.89,1,1,1,1,1,9,Discovery,Lead,45,0.86,0,Lost
DEAL-2697,Acuity Networks,Technology,SMB,43600.0,12,11,4,4,0,0,1,0,1,0.46,5,0.64,12.4,0.56,0,0.58,0,1.0,1,1,0,0,1,6,Negotiation,Evaluation,27,0.45,1,Progressed
DEAL-2698,Aegis Software,Retail,SMB,41600.0,1,44,0,1,1,0,1,1,1,0.52,2,0.42,22.7,0.49,1,0.93,1,0.05,1,0,0,1,1,4,Demo,Discovery,54,0.89,0,Lost
DEAL-2699,Prime Packaging,Manufacturing,SMB,47100.0,6,25,3,5,1,0,1,1,1,0.92,4,0.36,11.2,0.69,0,0.42,1,0.0,0,0,0,1,1,14,Demo,Discovery,51,0.69,1,Lost
DEAL-2700,BrightPath Logistics,Education,Startup,8100.0,11,9,0,2,0,0,1,1,1,0.63,1,0.61,10.5,0.42,1,0.61,2,0.89,0,0,0,0,0,0,Demo,Discovery,18,0.85,1,Progressed
DEAL-2701,Coastal Foods Ltd,Manufacturing,Startup,23900.0,12,42,3,4,0,1,1,0,1,0.97,8,0.26,12.8,0.23,0,0.41,0,1.0,1,1,1,1,1,27,Negotiation,Evaluation,43,0.73,1,Progressed
DEAL-2702,Solstice Media,Financial Services,Startup,10500.0,9,37,2,8,0,0,1,1,1,0.91,4,0.83,1.7,0.66,0,0.96,4,0.53,1,1,0,0,1,20,Proposal,Negotiation,34,0.51,0,Progressed
DEAL-2703,Pulse Dynamics,Logistics,Mid-Market,82500.0,11,28,1,7,0,0,1,0,0,0.1,6,0.33,12.1,0.72,1,0.44,1,0.53,0,1,0,0,0,0,Discovery,Lead,41,0.54,1,Lost
DEAL-2704,NexGen Health,Logistics,SMB,71800.0,6,10,1,3,3,0,1,1,0,0.29,3,0.24,42.1,0.78,0,0.51,4,0.04,1,1,0,1,1,29,Negotiation,Evaluation,48,0.25,1,Lost
DEAL-2705,NexGen Health,Logistics,SMB,61800.0,14,26,2,4,3,1,1,1,1,0.93,5,0.73,1.0,0.63,-1,0.74,4,0.19,1,1,1,1,1,2,Proposal,Negotiation,15,0.9,1,Lost
DEAL-2706,Vanguard Supply,Manufacturing,Mid-Market,99100.0,1,8,1,1,0,3,1,1,1,0.53,2,0.43,50.8,0.87,-1,0.57,4,0.62,0,0,1,0,0,0,Demo,Discovery,13,0.6,1,Lost
DEAL-2707,Cascade Security,Logistics,Mid-Market,140200.0,4,17,2,2,0,0,1,1,1,0.77,5,0.43,19.5,0.73,1,0.36,4,0.3,1,0,0,1,0,0,Demo,Discovery,40,0.83,1,Progressed
DEAL-2708,Trident Tech,Healthcare,SMB,31600.0,14,12,4,9,3,2,1,0,1,0.66,6,0.42,31.6,0.18,0,0.35,3,0.71,1,0,1,1,0,0,Discovery,Lead,43,0.8,0,Lost
DEAL-2709,Vanguard Supply,Retail,SMB,74800.0,13,5,3,6,1,0,1,1,1,0.44,5,0.56,76.1,0.74,1,0.32,5,0.42,0,0,0,1,0,0,Demo,Discovery,41,0.77,1,Progressed
DEAL-2710,Prime Packaging,Healthcare,Startup,18400.0,5,25,0,0,1,2,1,1,0,0.01,1,0.2,65.3,0.71,-1,0.46,1,0.93,1,1,1,1,1,31,Negotiation,Evaluation,44,0.75,1,Lost
DEAL-2711,BlueShift AI,Manufacturing,SMB,31700.0,5,30,0,2,3,0,1,1,1,0.78,1,0.77,59.6,0.56,-1,0.53,5,0.96,1,1,0,1,0,0,Evaluation,Demo,9,0.51,1,Progressed
DEAL-2712,Solstice Media,Logistics,Mid-Market,61400.0,13,19,4,7,0,2,1,1,0,0.07,5,0.65,12.4,0.28,1,0.24,3,0.33,1,1,1,1,1,1,Proposal,Negotiation,30,0.68,0,Progressed
DEAL-2713,Beacon Robotics,Logistics,Mid-Market,98500.0,12,38,1,8,1,2,1,0,1,0.59,3,0.84,33.5,0.55,-1,0.86,5,0.27,0,0,1,1,0,0,Discovery,Lead,19,0.51,1,Lost
DEAL-2714,OmniCommerce,Healthcare,SMB,40500.0,14,11,2,2,0,0,1,1,1,0.88,9,0.76,13.4,0.38,0,0.6,5,0.54,0,1,0,0,0,0,Demo,Discovery,41,0.54,1,Progressed
DEAL-2715,Trident Tech,Retail,Mid-Market,70400.0,6,28,4,6,3,0,1,1,1,0.6,7,0.25,31.6,0.83,-1,0.25,3,0.84,0,0,0,0,0,0,Demo,Discovery,32,0.61,0,Lost
DEAL-2716,BrightPath Logistics,Financial Services,Mid-Market,71700.0,7,26,0,6,1,0,1,1,1,0.76,9,0.57,42.9,0.59,1,0.54,3,0.94,0,0,0,1,0,0,Demo,Discovery,21,0.9,0,Progressed
DEAL-2717,Vanguard Supply,Retail,SMB,73800.0,9,27,3,3,2,1,1,1,1,0.77,9,0.68,18.7,0.43,1,0.31,2,0.17,1,1,1,1,1,13,Negotiation,Evaluation,8,0.59,0,Lost
DEAL-2718,BrightPath Logistics,Healthcare,Mid-Market,83900.0,6,17,1,3,0,0,1,1,1,0.96,6,0.85,11.4,0.55,-1,0.87,4,0.83,1,1,0,1,1,29,Negotiation,Evaluation,55,0.95,1,Progressed
DEAL-2719,Acuity Networks,Retail,SMB,46400.0,11,38,1,2,0,1,1,1,1,0.9,6,0.35,59.2,0.3,0,0.89,2,0.86,0,1,1,1,1,6,Demo,Discovery,8,0.37,0,Lost
DEAL-2720,NexGen Health,Manufacturing,Enterprise,280600.0,8,20,4,5,1,0,1,1,1,0.89,8,0.53,15.9,0.33,1,0.83,3,0.37,1,1,0,0,0,0,Evaluation,Demo,39,0.25,1,Progressed
DEAL-2721,Summit BioPharma,Education,SMB,48500.0,9,32,1,7,1,2,1,0,1,0.88,5,0.73,17.3,0.84,1,0.88,3,0.75,1,1,1,1,1,25,Proposal,Negotiation,29,0.27,1,Progressed
DEAL-2722,Kestrel Instruments,Technology,SMB,68400.0,10,18,1,3,1,0,1,0,0,0.29,6,0.19,9.4,0.61,0,0.62,4,0.5,0,0,0,0,1,33,Discovery,Lead,7,0.38,0,Lost
DEAL-2723,Aegis Software,Education,Enterprise,322500.0,1,6,1,1,0,0,1,1,0,0.3,2,0.5,1.0,0.91,-1,0.76,4,0.95,1,1,0,0,1,18,Evaluation,Demo,41,0.97,1,Progressed
DEAL-2724,Cascade Security,Technology,Startup,26900.0,4,7,2,3,2,3,1,0,1,0.55,3,0.23,10.2,0.83,-1,0.91,4,0.62,1,1,1,1,0,0,Demo,Discovery,28,0.5,1,Lost
DEAL-2725,Everline Retail,Financial Services,SMB,74600.0,10,42,0,1,1,0,1,1,1,0.64,3,0.16,26.7,0.8,0,0.96,5,0.79,0,0,0,1,0,0,Demo,Discovery,26,0.47,1,Progressed
DEAL-2726,Zenith Textiles,Technology,Mid-Market,94000.0,14,42,1,7,3,0,0,0,0,0.09,4,0.67,7.4,0.84,0,0.36,4,0.03,0,0,0,1,1,2,Discovery,Lead,41,0.29,1,Lost
DEAL-2727,NexGen Health,Education,Mid-Market,156500.0,12,11,2,2,0,0,1,1,0,0.08,6,0.41,111.3,0.91,-1,0.73,1,0.72,1,1,0,1,0,0,Evaluation,Demo,40,0.67,1,Progressed
DEAL-2728,Everline Retail,Technology,Enterprise,250100.0,6,12,4,4,2,2,1,0,1,0.44,7,0.8,25.9,0.46,0,0.74,5,0.16,1,1,1,1,1,3,Discovery,Lead,17,0.71,0,Lost
DEAL-2729,Summit BioPharma,Financial Services,SMB,54500.0,1,32,0,1,0,0,1,1,1,0.86,9,0.19,28.0,0.52,-1,0.55,0,1.0,1,1,0,0,1,20,Proposal,Negotiation,55,0.4,1,Progressed
DEAL-2730,Summit BioPharma,Logistics,Startup,14800.0,8,35,0,3,3,1,1,1,1,0.94,1,0.41,6.0,0.72,1,0.28,5,0.07,0,1,1,1,0,0,Evaluation,Demo,3,0.78,1,Lost
DEAL-2731,Aegis Software,Logistics,Startup,13200.0,5,32,0,0,1,1,1,1,0,0.07,7,0.27,8.8,0.8,0,0.26,1,0.06,1,1,1,0,1,17,Proposal,Negotiation,20,0.45,0,Lost
DEAL-2732,Kestrel Instruments,Retail,Startup,10600.0,14,19,4,7,2,3,1,1,0,0.1,3,0.9,4.2,0.47,-1,0.3,3,0.52,0,0,1,0,1,2,Demo,Discovery,18,0.54,0,Lost
DEAL-2733,Cobalt Freight,Financial Services,Mid-Market,93700.0,6,40,3,6,0,0,1,0,0,0.22,4,0.46,4.5,0.39,0,0.39,1,0.8,1,1,0,0,1,21,Negotiation,Evaluation,59,0.46,1,Progressed
DEAL-2734,Cascade Security,Logistics,Enterprise,288000.0,13,41,0,5,1,0,1,0,1,0.93,5,0.28,54.8,0.64,0,0.62,2,0.49,1,1,0,1,1,8,Proposal,Negotiation,25,0.54,1,Lost
DEAL-2735,Synthetix Labs,Manufacturing,SMB,70800.0,6,29,4,6,0,0,0,0,0,0.11,6,0.28,2.1,0.48,-1,0.69,0,1.0,0,0,0,1,0,0,Discovery,Lead,25,0.35,1,Lost
DEAL-2736,NexGen Health,Financial Services,SMB,58200.0,1,9,0,1,0,2,1,1,1,0.82,3,0.18,1.0,0.63,0,0.6,1,0.29,0,0,1,0,0,0,Demo,Discovery,26,0.33,0,Lost
DEAL-2737,Vector Mobility,Technology,Startup,8400.0,2,13,0,1,1,2,1,1,0,0.14,8,0.55,26.0,0.82,-1,0.95,5,0.74,1,1,1,1,1,30,Negotiation,Evaluation,21,0.52,1,Lost
DEAL-2738,Helix Diagnostics,Retail,Mid-Market,133600.0,9,28,1,6,3,3,1,1,1,0.58,2,0.32,6.4,0.16,0,0.74,4,0.45,1,0,1,0,1,8,Negotiation,Evaluation,44,0.83,1,Lost
DEAL-2739,Veritas Analytics,Education,SMB,40700.0,11,22,1,3,2,1,0,0,1,0.86,8,0.8,1.0,0.9,1,0.42,5,0.93,1,1,1,0,1,15,Discovery,Lead,8,0.35,0,Lost
DEAL-2740,Acuity Networks,Technology,SMB,45300.0,14,39,3,7,0,0,1,1,1,0.42,2,0.24,48.7,0.92,1,0.65,0,1.0,1,1,0,0,0,0,Evaluation,Demo,60,0.91,0,Progressed
DEAL-2741,Everline Retail,Manufacturing,Mid-Market,153600.0,9,25,0,2,1,2,1,0,0,0.05,5,0.42,62.6,0.54,1,0.96,5,0.45,1,1,1,1,1,34,Negotiation,Evaluation,21,0.78,1,Lost
DEAL-2742,Frontier FinCorp,Logistics,Mid-Market,122700.0,2,31,2,2,1,0,1,0,0,0.15,5,0.77,1.0,0.61,-1,0.42,3,0.41,0,1,0,1,1,8,Evaluation,Demo,19,0.94,0,Lost
DEAL-2743,Cascade Security,Technology,SMB,51300.0,12,31,3,6,0,3,1,1,0,0.29,5,0.45,20.5,0.25,-1,0.74,5,0.64,0,0,1,1,1,18,Evaluation,Demo,54,0.43,1,Lost
DEAL-2744,Vector Mobility,Logistics,SMB,58100.0,10,29,0,7,0,0,1,1,1,0.66,1,0.82,21.0,0.64,0,0.46,0,1.0,1,0,0,1,1,12,Proposal,Negotiation,52,0.41,0,Progressed
DEAL-2745,NexGen Health,Financial Services,Mid-Market,95700.0,8,44,1,5,1,2,0,0,1,0.93,3,0.41,1.0,0.8,0,0.57,2,0.32,0,0,1,1,0,0,Discovery,Lead,25,0.72,1,Lost
DEAL-2746,Apex Cloud Systems,Financial Services,Mid-Market,138200.0,1,11,0,0,0,0,1,0,0,0.17,1,0.52,1.0,0.44,-1,0.76,5,0.72,1,1,0,0,0,0,Evaluation,Demo,6,0.96,0,Progressed
DEAL-2747,Coastal Foods Ltd,Technology,SMB,74600.0,2,36,1,2,2,0,1,1,1,0.65,6,0.18,21.3,0.84,0,0.91,5,0.92,0,0,0,1,1,5,Proposal,Negotiation,14,0.33,0,Lost
DEAL-2748,Novus Capital,Technology,Mid-Market,139500.0,11,10,0,6,2,0,1,1,0,0.28,7,0.27,18.9,0.88,-1,0.85,3,0.12,1,1,0,0,1,23,Negotiation,Evaluation,27,0.34,0,Lost
DEAL-2749,Vanguard Supply,Logistics,Mid-Market,87000.0,3,11,0,3,2,3,0,0,0,0.21,8,0.52,7.7,0.28,1,0.56,4,0.91,0,1,1,1,0,0,Discovery,Lead,59,0.71,1,Lost
DEAL-2750,BlueShift AI,Logistics,Mid-Market,126800.0,9,28,1,1,0,0,0,0,0,0.2,3,0.7,56.3,0.6,-1,0.61,1,0.21,0,0,0,0,0,0,Discovery,Lead,8,0.52,1,Lost
DEAL-2751,Helix Diagnostics,Healthcare,SMB,52500.0,10,25,4,8,1,2,1,1,1,0.5,2,0.47,11.3,0.72,0,0.69,4,0.2,0,1,1,1,1,5,Negotiation,Evaluation,4,0.35,1,Lost
DEAL-2752,Veritas Analytics,Education,Mid-Market,63500.0,8,42,3,4,1,0,1,0,1,0.78,6,0.36,13.3,0.21,1,0.23,1,0.46,1,0,0,1,0,0,Discovery,Lead,11,0.84,0,Lost
DEAL-2753,Solstice Media,Retail,Mid-Market,143200.0,4,28,1,3,0,0,1,1,0,0.3,7,0.16,42.9,0.56,0,0.88,4,0.91,1,1,0,1,1,32,Negotiation,Evaluation,44,0.31,1,Lost
DEAL-2754,Aegis Software,Technology,Startup,21300.0,6,7,1,3,1,0,1,0,1,0.86,2,0.47,6.2,0.37,-1,0.79,4,0.92,0,1,0,1,1,25,Proposal,Negotiation,47,0.35,0,Progressed
DEAL-2755,BlueShift AI,Manufacturing,Mid-Market,76200.0,11,16,2,5,0,1,1,0,1,0.53,5,0.19,40.8,0.3,-1,0.57,5,0.35,1,1,1,0,1,34,Negotiation,Evaluation,29,0.41,0,Lost
DEAL-2756,Zenith Textiles,Retail,SMB,45900.0,4,3,0,0,1,0,1,0,1,0.41,4,0.7,49.1,0.66,-1,0.42,4,0.56,0,1,0,1,0,0,Demo,Discovery,53,0.9,1,Lost
DEAL-2757,Cobalt Freight,Education,Startup,30400.0,4,37,1,2,0,3,1,1,1,0.91,6,0.36,2.1,0.53,0,0.78,1,0.94,1,0,1,1,1,33,Negotiation,Evaluation,48,0.34,0,Lost
DEAL-2758,Veritas Analytics,Education,SMB,50100.0,11,42,3,4,1,2,1,1,1,0.84,9,0.6,1.3,0.2,-1,0.69,5,0.44,0,1,1,1,1,9,Proposal,Negotiation,3,0.42,1,Lost
DEAL-2759,Pulse Dynamics,Education,Startup,27000.0,12,30,1,3,1,0,1,1,1,0.54,6,0.19,16.3,0.22,1,0.87,1,0.25,1,0,0,1,1,5,Demo,Discovery,8,0.39,1,Lost
DEAL-2760,Beacon Robotics,Retail,Startup,33900.0,14,37,2,3,2,0,1,1,1,0.82,6,0.81,12.0,0.4,-1,0.7,5,0.91,1,0,0,1,0,0,Demo,Discovery,14,0.55,0,Lost
DEAL-2761,Apex Cloud Systems,Healthcare,Mid-Market,71900.0,12,5,4,8,0,0,1,1,1,0.85,4,0.5,18.1,0.69,1,0.47,0,1.0,1,1,0,1,1,23,Negotiation,Evaluation,23,0.92,1,Progressed
DEAL-2762,Aegis Software,Financial Services,Startup,33900.0,7,26,4,7,0,0,1,1,0,0.3,6,0.7,39.3,0.8,-1,0.55,2,0.89,1,1,0,0,1,13,Negotiation,Evaluation,5,0.25,0,Progressed
DEAL-2763,Cobalt Freight,Retail,Mid-Market,130800.0,5,9,1,2,0,0,0,0,0,0.29,2,0.8,34.3,0.76,0,0.35,5,0.92,0,0,0,0,0,0,Discovery,Lead,56,0.63,1,Lost
DEAL-2764,Frontier FinCorp,Financial Services,Startup,23100.0,1,32,0,0,2,0,1,0,0,0.29,2,0.92,7.5,0.39,0,0.77,5,1.0,0,0,0,1,0,0,Demo,Discovery,32,0.98,0,Lost
DEAL-2765,BlueShift AI,Healthcare,Enterprise,165000.0,6,16,3,6,1,0,0,0,0,0.3,4,0.9,10.8,0.64,-1,0.45,3,0.69,0,0,0,1,0,0,Discovery,Lead,46,0.33,1,Lost
DEAL-2766,Vanguard Supply,Manufacturing,Mid-Market,128800.0,3,32,2,3,1,1,1,1,0,0.29,2,0.76,1.4,0.66,1,0.96,1,0.94,0,0,1,0,1,34,Negotiation,Evaluation,9,0.57,1,Lost
DEAL-2767,Everline Retail,Education,Startup,20600.0,5,24,0,3,0,0,1,0,0,0.14,1,0.54,1.0,0.66,1,0.85,0,1.0,0,0,0,0,1,24,Discovery,Lead,29,0.53,1,Progressed
DEAL-2768,Kestrel Instruments,Technology,Startup,20200.0,9,38,2,2,0,2,1,1,1,0.66,3,0.83,5.2,0.36,1,0.54,0,1.0,1,1,1,0,1,25,Negotiation,Evaluation,41,0.7,1,Progressed
DEAL-2769,Prime Packaging,Manufacturing,Startup,29000.0,2,38,0,2,2,2,1,0,1,0.59,1,0.36,24.6,0.8,0,0.29,4,0.05,0,0,1,1,0,0,Evaluation,Demo,24,0.77,0,Lost
DEAL-2770,Trident Tech,Technology,SMB,42800.0,11,3,4,9,0,2,1,1,1,0.53,6,0.67,54.2,0.27,1,0.35,1,0.62,1,1,1,1,1,13,Negotiation,Evaluation,14,0.34,1,Progressed
DEAL-2771,Beacon Robotics,Logistics,Mid-Market,96500.0,10,6,4,10,3,0,1,0,0,0.28,3,0.26,8.5,0.7,1,0.97,5,0.2,1,0,0,1,1,24,Negotiation,Evaluation,28,0.42,1,Lost
DEAL-2772,Helix Diagnostics,Manufacturing,SMB,41600.0,4,38,2,4,3,0,1,0,1,0.6,3,0.64,6.6,0.56,-1,0.81,4,0.7,0,1,0,0,1,20,Discovery,Lead,29,0.3,1,Lost
DEAL-2773,BrightPath Logistics,Manufacturing,Enterprise,282100.0,5,10,0,2,1,0,1,1,1,0.42,7,0.52,26.8,0.45,0,0.91,2,0.26,1,1,0,1,0,0,Evaluation,Demo,21,0.66,1,Progressed
DEAL-2774,Kestrel Instruments,Technology,Startup,14800.0,8,27,3,6,2,1,1,0,1,0.66,8,0.41,41.7,0.66,-1,0.65,5,0.77,1,0,1,1,1,15,Discovery,Lead,30,0.54,0,Lost
DEAL-2775,Kestrel Instruments,Retail,Startup,27600.0,5,7,0,3,2,1,0,0,0,0.04,6,0.22,12.1,0.69,1,0.22,5,0.04,0,0,1,1,1,12,Discovery,Lead,34,0.38,1,Lost
DEAL-2776,Coastal Foods Ltd,Logistics,SMB,43500.0,3,15,3,3,1,0,1,1,1,0.69,8,0.71,10.7,0.38,0,0.92,1,0.23,1,1,0,1,1,35,Proposal,Negotiation,3,0.46,1,Progressed
DEAL-2777,Novus Capital,Education,SMB,28300.0,1,13,1,1,0,3,0,0,0,0.13,1,0.47,26.7,0.74,0,0.72,4,0.2,0,1,1,1,0,0,Discovery,Lead,37,0.8,1,Lost
DEAL-2778,Prime Packaging,Logistics,Enterprise,345600.0,4,18,1,1,1,1,1,1,1,0.88,2,0.65,117.7,0.56,-1,0.82,3,0.57,1,1,1,1,1,8,Negotiation,Evaluation,9,0.75,1,Lost
DEAL-2779,Skyward Aerospace,Education,Mid-Market,114400.0,1,9,0,0,1,0,1,1,1,0.85,3,0.79,4.1,0.67,0,0.55,1,0.42,0,1,0,0,1,29,Negotiation,Evaluation,38,0.9,1,Progressed
DEAL-2780,Cascade Security,Retail,Startup,34500.0,12,25,1,5,0,1,0,0,1,0.55,3,0.2,20.7,0.2,1,0.47,2,0.61,1,1,1,0,0,0,Discovery,Lead,44,0.31,1,Progressed
DEAL-2781,BlueShift AI,Financial Services,Startup,17200.0,10,40,0,0,0,3,1,1,0,0.16,8,0.46,48.3,0.91,-1,0.94,5,0.86,1,1,1,0,1,11,Negotiation,Evaluation,56,0.47,0,Lost
DEAL-2782,Beacon Robotics,Manufacturing,SMB,61200.0,12,11,0,1,1,0,1,0,1,0.81,6,0.69,23.2,0.38,0,0.63,4,0.0,0,1,0,1,0,0,Discovery,Lead,45,0.48,1,Lost
DEAL-2783,Zenith Textiles,Healthcare,Mid-Market,77000.0,12,41,3,10,0,0,1,1,0,0.23,9,0.34,12.7,0.21,-1,0.34,0,1.0,1,1,0,0,1,30,Evaluation,Demo,41,0.76,0,Lost
DEAL-2784,Solstice Media,Education,Mid-Market,92700.0,6,7,1,4,0,0,1,0,0,0.23,7,0.77,19.9,0.87,1,0.37,1,0.35,0,1,0,0,0,0,Demo,Discovery,31,0.77,1,Progressed
DEAL-2785,Prime Packaging,Manufacturing,SMB,29900.0,4,13,2,4,1,0,1,1,1,0.77,6,0.92,45.6,0.87,0,0.32,1,0.84,1,1,0,1,1,5,Proposal,Negotiation,58,0.68,1,Progressed
DEAL-2786,Prime Packaging,Manufacturing,Enterprise,295000.0,7,12,3,5,2,0,1,1,1,0.61,7,0.88,19.5,0.92,0,0.53,5,0.68,0,1,0,1,1,26,Evaluation,Demo,28,0.51,1,Progressed
DEAL-2787,Novus Capital,Education,SMB,71200.0,14,21,0,1,3,0,1,1,0,0.3,6,0.48,36.3,0.5,0,0.88,3,0.62,1,1,0,1,0,0,Evaluation,Demo,39,0.56,0,Lost
DEAL-2788,Helix Diagnostics,Retail,Startup,27000.0,14,11,4,9,0,0,0,0,1,0.84,6,0.15,7.0,0.76,1,0.33,1,0.33,1,1,0,0,0,0,Discovery,Lead,47,0.72,1,Progressed
DEAL-2789,Novus Capital,Manufacturing,SMB,66000.0,14,8,3,9,2,3,1,1,1,0.7,5,0.62,48.2,0.51,-1,0.45,5,0.28,0,1,1,1,0,0,Demo,Discovery,22,0.32,1,Lost
DEAL-2790,Vector Mobility,Healthcare,SMB,68200.0,5,36,4,5,0,0,1,1,1,0.65,6,0.33,27.1,0.42,1,0.71,1,0.55,1,1,0,0,1,3,Proposal,Negotiation,45,0.78,0,Progressed
DEAL-2791,BrightPath Logistics,Retail,Mid-Market,135400.0,8,15,0,1,0,2,1,0,0,0.06,1,0.6,21.6,0.62,-1,0.92,5,0.28,1,0,1,1,0,0,Discovery,Lead,20,0.29,1,Lost
DEAL-2792,Helix Diagnostics,Manufacturing,Startup,30900.0,6,39,3,5,0,0,1,1,1,0.57,5,0.28,20.6,0.16,0,0.33,2,0.88,1,1,0,0,1,3,Proposal,Negotiation,15,0.75,1,Progressed
DEAL-2793,Beacon Robotics,Retail,Startup,16900.0,12,23,2,3,0,1,1,0,0,0.11,8,0.76,13.5,0.91,0,0.85,3,0.99,1,1,1,0,0,0,Evaluation,Demo,58,0.68,1,Progressed
DEAL-2794,Everline Retail,Healthcare,Mid-Market,86300.0,14,35,1,7,1,0,1,1,1,0.74,6,0.58,6.2,0.27,0,0.77,4,0.89,1,0,0,1,1,17,Proposal,Negotiation,22,0.76,1,Progressed
DEAL-2795,Acuity Networks,Technology,Enterprise,268400.0,8,27,0,0,0,1,1,0,0,0.02,3,0.17,28.3,0.63,0,0.49,3,0.33,1,1,1,1,0,0,Discovery,Lead,12,0.68,1,Lost
DEAL-2796,Skyward Aerospace,Retail,Startup,20900.0,10,32,2,3,0,0,1,1,1,0.81,8,0.85,33.0,0.24,1,0.27,5,0.12,1,1,0,1,1,14,Demo,Discovery,48,0.83,0,Lost
DEAL-2797,Vanguard Supply,Healthcare,Startup,10200.0,8,0,3,4,0,1,1,1,1,0.64,4,0.75,5.9,0.52,1,0.7,5,0.19,1,1,1,1,0,0,Demo,Discovery,33,0.87,0,Progressed
DEAL-2798,Trident Tech,Financial Services,SMB,65700.0,4,20,0,4,2,1,1,1,1,0.46,5,0.62,1.1,0.52,-1,0.82,5,0.99,1,1,1,0,1,9,Negotiation,Evaluation,34,0.97,0,Progressed
DEAL-2799,Everline Retail,Retail,Startup,11400.0,13,41,1,2,0,0,1,1,0,0.07,1,0.82,31.8,0.72,0,0.65,5,0.5,1,0,0,0,0,0,Demo,Discovery,33,0.5,1,Progressed
DEAL-2800,Coastal Foods Ltd,Technology,Mid-Market,93500.0,3,39,3,3,0,0,1,1,0,0.02,7,0.91,63.4,0.16,-1,0.53,1,0.82,1,1,0,0,1,19,Proposal,Negotiation,25,0.28,1,Lost
DEAL-2801,Helix Diagnostics,Manufacturing,Mid-Market,81300.0,3,36,1,1,2,0,1,1,0,0.26,2,0.34,9.7,0.35,1,0.49,4,0.03,0,1,0,1,0,0,Demo,Discovery,58,0.93,1,Lost
DEAL-2802,Atlas Energy,Manufacturing,SMB,58400.0,12,37,2,9,2,3,1,1,1,0.78,1,0.38,2.0,0.34,0,0.97,3,0.41,0,0,1,1,0,0,Demo,Discovery,24,0.75,0,Lost
DEAL-2803,Vanguard Supply,Manufacturing,SMB,65000.0,8,19,4,5,1,0,1,1,1,0.7,9,0.58,7.2,0.76,0,0.5,4,0.9,1,1,0,1,0,0,Evaluation,Demo,49,0.89,0,Progressed
DEAL-2804,Veritas Analytics,Technology,Startup,19800.0,10,39,3,8,0,0,1,0,1,0.92,3,0.75,13.3,0.92,1,0.3,1,0.26,1,1,0,1,1,14,Evaluation,Demo,35,0.52,0,Progressed
DEAL-2805,Everline Retail,Healthcare,SMB,31900.0,4,29,1,1,3,0,1,1,1,0.6,8,0.19,19.1,0.67,0,0.38,4,0.94,1,1,0,1,1,34,Negotiation,Evaluation,21,0.42,0,Lost
DEAL-2806,Helix Diagnostics,Retail,SMB,59100.0,9,11,3,6,0,3,1,1,1,0.84,2,0.73,26.2,0.58,0,0.8,5,0.53,1,0,1,0,1,16,Demo,Discovery,7,0.67,0,Lost
DEAL-2807,Aegis Software,Logistics,Startup,14900.0,4,42,4,4,1,0,1,1,0,0.2,2,0.76,80.7,0.49,1,0.21,4,0.19,1,1,0,1,1,3,Evaluation,Demo,14,0.29,1,Lost
DEAL-2808,Veritas Analytics,Logistics,Startup,28000.0,13,29,1,2,0,0,1,0,0,0.2,8,0.76,16.6,0.28,0,0.57,4,0.92,1,0,0,1,1,28,Negotiation,Evaluation,14,0.43,1,Progressed
DEAL-2809,BrightPath Logistics,Technology,Startup,31000.0,10,32,1,8,1,3,1,1,1,0.5,1,0.5,1.7,0.59,1,0.84,4,0.09,0,0,1,1,0,0,Demo,Discovery,19,0.51,1,Lost
DEAL-2810,Coastal Foods Ltd,Technology,Enterprise,131100.0,6,17,2,2,0,0,1,1,0,0.2,3,0.33,10.0,0.45,0,0.86,0,1.0,0,0,0,0,0,0,Demo,Discovery,31,0.52,0,Lost
DEAL-2811,Atlas Energy,Education,Enterprise,229200.0,11,15,4,8,0,0,1,1,0,0.21,5,0.79,59.8,0.43,-1,0.88,0,1.0,1,0,0,0,1,31,Negotiation,Evaluation,42,0.42,1,Lost
DEAL-2812,Solstice Media,Education,Startup,11800.0,11,33,0,3,0,0,0,0,0,0.11,7,0.78,30.1,0.67,1,0.76,2,0.86,0,0,0,1,0,0,Discovery,Lead,5,0.38,1,Lost
DEAL-2813,Aegis Software,Logistics,Mid-Market,109400.0,4,4,3,4,0,0,0,0,1,0.95,1,0.32,8.3,0.41,0,0.98,2,0.83,0,1,0,0,0,0,Discovery,Lead,21,0.93,1,Progressed
DEAL-2814,Vector Mobility,Healthcare,Startup,32600.0,8,24,0,7,0,2,1,1,1,0.98,6,0.9,55.3,0.73,0,0.76,0,1.0,1,1,1,0,0,0,Evaluation,Demo,43,0.38,0,Progressed
DEAL-2815,BrightPath Logistics,Financial Services,Mid-Market,156000.0,7,2,1,5,2,0,1,1,1,0.44,7,0.19,37.7,0.42,0,0.38,4,0.19,1,1,0,1,1,21,Proposal,Negotiation,41,0.9,0,Progressed
DEAL-2816,NexGen Health,Manufacturing,Startup,17400.0,11,16,1,8,2,2,1,0,1,0.89,1,0.57,70.0,0.54,0,0.61,2,0.64,0,1,1,1,1,29,Proposal,Negotiation,52,0.8,1,Lost
DEAL-2817,Aegis Software,Education,Mid-Market,86000.0,6,18,1,6,3,0,1,1,1,0.89,4,0.46,8.4,0.28,0,0.45,4,0.89,1,1,0,1,1,28,Proposal,Negotiation,43,0.63,1,Progressed
DEAL-2818,Prime Packaging,Healthcare,Mid-Market,83300.0,13,32,0,5,1,0,1,1,0,0.13,5,0.45,24.1,0.23,1,0.9,1,0.41,1,1,0,1,1,30,Proposal,Negotiation,2,0.75,0,Lost
DEAL-2819,Summit BioPharma,Retail,Enterprise,124700.0,1,9,1,1,0,1,1,0,1,0.89,6,0.51,21.6,0.43,-1,0.23,3,0.22,0,1,1,0,1,31,Demo,Discovery,22,0.78,0,Lost
DEAL-2820,Atlas Energy,Education,Enterprise,186500.0,11,3,1,7,0,2,1,1,0,0.17,4,0.27,19.5,0.71,1,0.61,0,1.0,0,0,1,1,1,2,Negotiation,Evaluation,22,0.69,1,Lost
DEAL-2821,Everline Retail,Financial Services,SMB,66700.0,10,3,4,10,2,0,1,1,1,0.96,2,0.93,10.1,0.77,-1,0.55,3,0.41,1,1,0,1,1,29,Negotiation,Evaluation,53,0.7,1,Progressed
DEAL-2822,Coastal Foods Ltd,Technology,SMB,48100.0,2,32,0,0,1,0,1,1,1,0.62,2,0.59,12.3,0.44,-1,0.61,1,0.04,1,1,0,1,0,0,Evaluation,Demo,42,0.5,0,Progressed
DEAL-2823,OmniCommerce,Retail,SMB,35900.0,10,2,2,3,0,0,1,0,1,0.84,9,0.88,31.3,0.72,1,0.35,4,0.01,0,1,0,1,1,3,Discovery,Lead,9,0.45,1,Progressed
DEAL-2824,Everline Retail,Manufacturing,Mid-Market,67900.0,13,27,1,3,0,0,1,1,0,0.17,5,0.77,1.0,0.85,1,0.93,3,0.43,1,1,0,1,1,17,Proposal,Negotiation,11,0.63,1,Progressed
DEAL-2825,Kestrel Instruments,Education,SMB,40800.0,1,10,1,1,2,0,1,0,1,0.48,6,0.82,29.9,0.35,1,0.24,2,0.84,1,0,0,0,1,27,Discovery,Lead,56,0.76,0,Lost
DEAL-2826,Frontier FinCorp,Healthcare,Startup,25800.0,11,20,2,9,0,0,1,1,1,0.49,3,0.16,1.0,0.22,-1,0.68,0,1.0,1,1,0,1,1,30,Negotiation,Evaluation,9,0.72,0,Progressed
DEAL-2827,Cascade Security,Healthcare,Startup,28100.0,9,0,3,6,1,0,1,0,1,0.57,7,0.33,18.7,0.69,0,0.53,3,0.57,1,1,0,1,1,20,Proposal,Negotiation,5,0.89,1,Progressed
DEAL-2828,Veritas Analytics,Technology,Enterprise,266600.0,5,45,3,3,3,0,1,1,1,0.9,6,0.66,2.1,0.8,1,0.44,3,0.72,1,1,0,1,1,23,Negotiation,Evaluation,21,0.55,0,Progressed
DEAL-2829,NexGen Health,Retail,SMB,54100.0,11,11,4,11,2,2,1,1,1,0.87,7,0.49,19.1,0.4,1,0.62,3,0.77,1,1,1,1,0,0,Demo,Discovery,11,0.46,0,Progressed
DEAL-2830,Novus Capital,Technology,Mid-Market,75500.0,2,19,0,1,0,3,1,1,1,0.73,6,0.87,11.8,0.3,1,0.33,1,0.31,0,1,1,1,1,9,Negotiation,Evaluation,22,0.97,1,Lost
DEAL-2831,Cascade Security,Financial Services,Enterprise,296000.0,14,23,3,8,3,0,1,1,0,0.0,4,0.82,6.6,0.62,-1,0.29,5,0.64,1,1,0,1,0,0,Evaluation,Demo,40,0.42,0,Lost
DEAL-2832,Trident Tech,Technology,Startup,10100.0,12,33,0,6,0,2,1,0,0,0.16,2,0.44,2.4,0.51,1,0.92,4,0.38,1,0,1,0,0,0,Demo,Discovery,15,0.5,1,Lost
DEAL-2833,Aegis Software,Education,Mid-Market,72100.0,13,23,0,0,0,0,1,1,0,0.19,5,0.39,4.7,0.16,-1,0.56,0,1.0,1,1,0,0,1,1,Proposal,Negotiation,37,0.42,1,Progressed
DEAL-2834,Cascade Security,Healthcare,SMB,34900.0,3,25,3,3,0,0,1,1,0,0.22,8,0.42,18.2,0.81,1,0.87,3,0.28,1,0,0,1,0,0,Demo,Discovery,46,0.9,1,Progressed
DEAL-2835,Zenith Textiles,Education,SMB,74700.0,5,24,0,2,2,2,1,1,1,0.82,2,0.48,49.6,0.38,1,0.3,4,0.91,0,1,1,0,0,0,Demo,Discovery,34,0.65,1,Lost
DEAL-2836,Solstice Media,Healthcare,Mid-Market,154900.0,8,10,2,7,2,0,1,1,1,0.74,3,0.3,8.8,0.76,0,0.47,5,0.15,1,1,0,1,1,31,Proposal,Negotiation,31,0.47,1,Progressed
DEAL-2837,Solstice Media,Education,SMB,35400.0,12,41,0,5,0,1,1,1,1,0.94,7,0.63,12.4,0.8,-1,0.38,1,0.03,1,1,1,1,1,22,Negotiation,Evaluation,47,0.5,1,Progressed
DEAL-2838,NexGen Health,Education,Mid-Market,100000.0,4,29,3,4,2,0,1,0,0,0.11,8,0.8,9.1,0.24,-1,0.78,3,0.12,0,1,0,1,1,12,Discovery,Lead,13,0.34,0,Lost
DEAL-2839,BrightPath Logistics,Manufacturing,SMB,40500.0,4,35,3,4,0,2,1,1,0,0.21,4,0.43,3.4,0.69,1,0.73,0,1.0,1,1,1,1,1,22,Negotiation,Evaluation,6,0.31,1,Lost
DEAL-2840,Novus Capital,Retail,Startup,19500.0,5,12,1,1,1,0,1,1,1,0.48,9,0.49,20.7,0.56,1,0.75,1,0.48,1,1,0,0,1,23,Negotiation,Evaluation,7,0.66,0,Progressed
DEAL-2841,BlueShift AI,Retail,Mid-Market,70400.0,11,8,4,9,0,0,1,1,1,0.57,7,0.38,28.4,0.59,-1,0.28,0,1.0,1,1,0,0,1,2,Negotiation,Evaluation,35,0.92,0,Progressed
DEAL-2842,Novus Capital,Education,Startup,22000.0,7,45,0,3,1,1,1,0,1,0.83,9,0.41,49.5,0.28,1,0.71,2,0.09,1,1,1,0,1,29,Negotiation,Evaluation,17,0.57,0,Lost
DEAL-2843,Skyward Aerospace,Manufacturing,SMB,59100.0,5,19,1,1,2,0,1,0,1,0.87,8,0.74,16.6,0.51,0,0.29,3,0.87,0,0,0,1,1,15,Discovery,Lead,31,0.91,1,Lost
DEAL-2844,Pulse Dynamics,Logistics,SMB,27000.0,8,22,3,8,2,3,1,0,1,0.51,6,0.17,5.0,0.7,0,0.53,3,0.02,0,0,1,1,1,23,Negotiation,Evaluation,57,0.28,1,Lost
DEAL-2845,Novus Capital,Healthcare,Startup,28600.0,5,31,2,2,0,3,1,0,1,0.89,4,0.61,1.0,0.55,1,0.86,3,0.01,1,1,1,0,0,0,Evaluation,Demo,6,0.49,0,Progressed
DEAL-2846,Beacon Robotics,Technology,SMB,60500.0,10,40,1,8,0,0,0,0,1,0.87,9,0.82,23.0,0.23,1,0.62,1,0.41,1,1,0,0,0,0,Discovery,Lead,38,0.9,1,Progressed
DEAL-2847,Zenith Textiles,Technology,SMB,73300.0,7,45,3,7,3,2,1,1,1,0.59,9,0.64,45.5,0.28,-1,0.91,3,0.34,1,0,1,1,1,30,Demo,Discovery,10,0.98,1,Lost
DEAL-2848,Atlas Energy,Healthcare,Startup,16800.0,12,31,3,5,2,0,1,1,1,0.65,6,0.2,79.4,0.81,-1,0.45,3,0.11,0,0,0,1,0,0,Evaluation,Demo,23,0.81,0,Lost
DEAL-2849,BrightPath Logistics,Education,Mid-Market,154500.0,5,7,1,3,2,0,0,0,0,0.21,5,0.94,2.7,0.47,1,0.95,3,0.65,1,0,0,0,0,0,Discovery,Lead,14,0.58,1,Progressed
DEAL-2850,Prime Packaging,Healthcare,Mid-Market,115800.0,3,6,1,3,1,0,1,1,1,0.67,1,0.87,18.7,0.42,-1,0.8,1,0.76,1,1,0,1,0,0,Evaluation,Demo,34,0.5,1,Progressed
DEAL-2851,OmniCommerce,Logistics,Startup,21200.0,5,18,3,5,0,0,0,0,1,0.77,9,0.82,2.2,0.86,1,0.39,0,1.0,1,1,0,0,1,29,Discovery,Lead,16,0.89,1,Progressed
DEAL-2852,BlueShift AI,Manufacturing,SMB,32800.0,12,2,3,10,0,0,0,0,1,0.52,7,0.5,6.4,0.67,0,0.4,0,1.0,0,0,0,1,0,0,Discovery,Lead,57,0.88,0,Progressed
DEAL-2853,OmniCommerce,Technology,Enterprise,170100.0,5,2,4,5,0,0,1,1,1,0.68,2,0.89,24.4,0.52,1,0.77,0,1.0,0,0,0,0,0,0,Demo,Discovery,23,0.35,1,Progressed
DEAL-2854,Synthetix Labs,Financial Services,Enterprise,229200.0,13,32,3,10,0,1,1,1,0,0.26,8,0.65,7.0,0.83,0,0.75,0,1.0,1,1,1,1,1,27,Proposal,Negotiation,37,0.6,0,Lost
DEAL-2855,Vector Mobility,Financial Services,Startup,18100.0,12,11,1,6,3,3,1,0,1,0.9,4,0.91,8.8,0.74,1,0.6,4,0.54,0,0,1,0,1,22,Discovery,Lead,3,0.54,0,Lost
DEAL-2856,Pulse Dynamics,Technology,Enterprise,330600.0,5,6,0,2,2,0,1,1,1,0.62,2,0.95,39.8,0.32,0,0.34,4,0.48,1,1,0,1,1,5,Demo,Discovery,4,0.67,1,Progressed
DEAL-2857,Beacon Robotics,Manufacturing,Mid-Market,154200.0,11,36,1,8,3,1,1,0,0,0.29,9,0.51,21.0,0.2,1,0.79,3,0.15,0,1,1,1,0,0,Discovery,Lead,21,0.58,0,Lost
DEAL-2858,Pulse Dynamics,Education,Startup,28000.0,11,32,1,5,0,1,1,1,1,0.74,6,0.35,24.6,0.87,-1,0.88,0,1.0,1,0,1,0,1,29,Proposal,Negotiation,54,0.93,0,Progressed
DEAL-2859,BlueShift AI,Logistics,SMB,69200.0,13,31,1,4,1,2,0,0,1,0.58,5,0.86,15.1,0.49,1,0.65,3,0.85,1,1,1,1,1,19,Discovery,Lead,15,0.61,1,Lost
DEAL-2860,Helix Diagnostics,Financial Services,Startup,8900.0,2,31,0,1,1,0,1,1,0,0.03,8,0.76,19.5,0.91,1,0.93,3,0.08,1,1,0,1,0,0,Evaluation,Demo,36,0.76,1,Progressed
DEAL-2861,BrightPath Logistics,Financial Services,Enterprise,280800.0,11,20,0,6,0,0,1,1,0,0.15,7,0.4,10.7,0.68,1,0.54,1,0.44,1,1,0,1,1,30,Negotiation,Evaluation,12,0.63,0,Progressed
DEAL-2862,BrightPath Logistics,Financial Services,SMB,73400.0,14,44,4,5,1,0,1,1,1,0.79,8,0.66,34.9,0.15,-1,0.7,3,0.74,0,1,0,1,1,1,Negotiation,Evaluation,26,0.68,1,Lost
DEAL-2863,Zenith Textiles,Healthcare,Mid-Market,109700.0,11,2,3,7,2,0,1,1,1,0.58,2,0.68,29.1,0.81,0,0.62,2,0.65,1,1,0,1,1,10,Negotiation,Evaluation,59,0.79,0,Progressed
DEAL-2864,Beacon Robotics,Education,Enterprise,235300.0,1,41,0,1,0,0,1,1,1,0.68,6,0.78,12.1,0.37,0,0.75,2,0.0,1,1,0,0,1,8,Evaluation,Demo,25,0.91,0,Progressed
DEAL-2865,Apex Cloud Systems,Healthcare,SMB,48000.0,1,16,0,0,3,0,1,1,1,0.8,6,0.73,33.9,0.15,0,0.85,5,0.23,0,1,0,1,0,0,Demo,Discovery,28,0.48,1,Lost
DEAL-2866,Vanguard Supply,Retail,SMB,25100.0,9,9,4,4,1,3,1,0,0,0.23,9,0.69,65.5,0.48,-1,0.69,1,0.61,1,1,1,1,1,13,Negotiation,Evaluation,6,0.73,0,Lost
DEAL-2867,Summit BioPharma,Logistics,Startup,20000.0,7,35,4,7,0,0,1,1,1,0.86,3,0.43,6.9,0.24,0,0.36,3,0.91,0,0,0,1,1,16,Proposal,Negotiation,48,0.89,1,Progressed
DEAL-2868,Prime Packaging,Healthcare,Mid-Market,96000.0,2,37,2,2,2,0,1,0,0,0.27,7,0.17,83.6,0.3,-1,0.92,4,0.06,0,1,0,1,0,0,Discovery,Lead,26,0.38,0,Lost
DEAL-2869,BrightPath Logistics,Technology,SMB,47000.0,12,28,4,10,1,3,1,1,1,0.68,9,0.95,11.4,0.91,-1,0.48,2,0.5,0,0,1,0,1,17,Negotiation,Evaluation,44,0.68,0,Lost
DEAL-2870,Everline Retail,Technology,Mid-Market,84200.0,5,35,3,5,0,2,1,1,1,0.56,2,0.64,16.9,0.78,0,0.26,2,0.4,0,0,1,1,0,0,Demo,Discovery,26,0.35,0,Lost
DEAL-2871,Aegis Software,Healthcare,Mid-Market,126100.0,9,20,0,0,0,3,1,1,1,0.57,4,0.56,4.2,0.7,0,0.61,0,1.0,1,1,1,1,1,11,Negotiation,Evaluation,10,0.9,1,Lost
DEAL-2872,Vanguard Supply,Logistics,Mid-Market,158900.0,12,1,2,3,0,3,1,0,1,0.67,4,0.43,12.3,0.62,0,0.41,2,0.99,1,0,1,0,1,29,Evaluation,Demo,41,0.87,1,Lost
DEAL-2873,Apex Cloud Systems,Healthcare,Startup,19600.0,14,24,0,5,3,3,1,1,1,0.48,6,0.74,2.9,0.81,0,0.86,4,0.76,0,1,1,1,1,7,Demo,Discovery,17,0.85,0,Lost
DEAL-2874,Pulse Dynamics,Education,SMB,57500.0,11,0,0,6,0,0,1,1,1,0.42,6,0.85,11.8,0.19,0,0.68,4,0.95,1,1,0,1,1,11,Proposal,Negotiation,59,0.82,1,Progressed
DEAL-2875,Vector Mobility,Manufacturing,SMB,42800.0,7,21,1,4,2,0,1,0,1,0.71,5,0.37,25.9,0.21,1,0.83,2,0.09,0,0,0,1,0,0,Demo,Discovery,10,0.67,0,Lost
DEAL-2876,Acuity Networks,Financial Services,SMB,70600.0,8,0,2,8,2,3,1,1,0,0.25,7,0.87,1.5,0.65,-1,0.83,3,0.04,0,0,1,1,1,15,Proposal,Negotiation,25,0.63,1,Lost
DEAL-2877,Apex Cloud Systems,Technology,SMB,31600.0,8,33,4,8,1,1,1,1,1,0.4,3,0.59,40.3,0.19,-1,0.26,2,0.86,1,1,1,0,0,0,Demo,Discovery,34,0.52,1,Lost
DEAL-2878,Frontier FinCorp,Logistics,Enterprise,250500.0,6,16,4,6,0,3,1,0,0,0.0,4,0.58,74.2,0.87,0,0.48,0,1.0,1,0,1,1,0,0,Discovery,Lead,37,0.48,1,Lost
DEAL-2879,Cascade Security,Retail,Startup,18800.0,3,14,0,0,1,0,1,1,1,0.98,5,0.65,3.9,0.82,0,0.21,5,0.92,1,0,0,1,1,24,Evaluation,Demo,27,0.32,0,Progressed
DEAL-2880,Frontier FinCorp,Financial Services,Startup,21800.0,6,41,2,6,2,0,1,1,1,0.73,8,0.61,20.9,0.89,1,0.28,3,0.23,1,1,0,1,1,21,Negotiation,Evaluation,29,0.7,1,Lost
DEAL-2881,BrightPath Logistics,Logistics,Mid-Market,137600.0,12,24,0,1,0,0,1,0,1,0.56,2,0.88,12.3,0.74,0,0.35,1,0.08,1,0,0,0,0,0,Discovery,Lead,10,0.75,1,Progressed
DEAL-2882,Pulse Dynamics,Retail,SMB,74600.0,9,6,1,4,0,0,1,0,1,0.46,5,0.45,11.9,0.28,0,0.62,0,1.0,0,0,0,1,0,0,Discovery,Lead,41,0.82,0,Lost
DEAL-2883,Apex Cloud Systems,Education,SMB,41000.0,9,25,3,3,0,2,1,1,1,0.93,6,0.89,4.3,0.69,-1,0.62,2,0.91,0,1,1,1,0,0,Evaluation,Demo,60,0.49,1,Lost
DEAL-2884,Beacon Robotics,Logistics,Startup,21000.0,10,45,2,3,0,2,1,1,1,0.87,6,0.69,1.4,0.8,-1,0.95,3,0.89,0,1,1,0,0,0,Evaluation,Demo,58,0.45,1,Progressed
DEAL-2885,BlueShift AI,Retail,SMB,52700.0,5,20,2,3,1,1,1,1,1,0.65,6,0.63,19.3,0.83,1,0.67,1,0.28,1,0,1,0,1,18,Negotiation,Evaluation,16,0.37,1,Progressed
DEAL-2886,Trident Tech,Financial Services,Mid-Market,112600.0,7,6,2,7,0,0,1,1,0,0.21,9,0.9,20.6,0.66,-1,0.36,0,1.0,1,0,0,0,0,0,Demo,Discovery,37,0.74,1,Progressed
DEAL-2887,Zenith Textiles,Healthcare,SMB,39500.0,4,19,2,4,1,0,1,0,0,0.23,2,0.54,10.2,0.44,1,0.75,4,0.88,1,1,0,1,1,18,Proposal,Negotiation,52,0.89,1,Progressed
DEAL-2888,Everline Retail,Healthcare,Mid-Market,135100.0,12,43,3,7,2,0,1,0,0,0.01,8,0.31,2.0,0.52,1,0.69,3,0.41,0,1,0,0,1,19,Discovery,Lead,35,0.33,0,Lost
DEAL-2889,Solstice Media,Technology,Startup,9000.0,6,16,2,4,0,1,1,0,1,0.57,6,0.89,20.0,0.55,0,0.38,0,1.0,1,0,1,1,0,0,Discovery,Lead,39,0.65,0,Lost
DEAL-2890,Everline Retail,Manufacturing,SMB,35600.0,4,31,2,3,1,0,1,0,1,0.46,7,0.9,8.4,0.23,1,0.94,2,0.23,1,0,0,0,0,0,Discovery,Lead,8,0.99,0,Progressed
DEAL-2891,Prime Packaging,Financial Services,Startup,24700.0,8,7,4,8,1,0,1,0,1,0.92,2,0.4,3.7,0.43,0,0.65,2,0.53,1,0,0,1,1,30,Negotiation,Evaluation,43,0.76,0,Lost
DEAL-2892,BlueShift AI,Retail,Mid-Market,144500.0,9,3,4,8,0,2,1,1,1,0.62,9,0.4,21.7,0.26,0,0.76,5,0.82,1,1,1,1,0,0,Demo,Discovery,59,0.97,0,Lost
DEAL-2893,Zenith Textiles,Healthcare,Startup,8200.0,11,0,2,7,1,0,1,0,0,0.15,4,0.32,2.0,0.17,0,0.7,5,0.81,0,1,0,0,1,4,Discovery,Lead,45,0.53,0,Lost
DEAL-2894,Summit BioPharma,Healthcare,Enterprise,208700.0,1,21,0,1,0,1,1,1,0,0.04,7,0.76,2.0,0.66,0,0.4,2,0.96,1,1,1,0,1,23,Negotiation,Evaluation,16,0.4,1,Progressed
DEAL-2895,Atlas Energy,Retail,SMB,46000.0,11,24,0,0,2,0,1,1,1,0.67,1,0.71,15.5,0.22,1,0.75,3,0.09,1,0,0,1,1,20,Proposal,Negotiation,37,0.33,1,Progressed
DEAL-2896,Helix Diagnostics,Education,Startup,17700.0,5,11,3,3,1,3,0,0,1,0.73,3,0.28,36.7,0.55,-1,0.48,4,0.54,0,1,1,1,0,0,Discovery,Lead,28,0.59,0,Lost
DEAL-2897,Helix Diagnostics,Retail,SMB,49300.0,3,38,2,3,1,0,1,1,0,0.25,9,0.69,7.8,0.63,0,0.98,1,0.49,1,0,0,0,1,5,Negotiation,Evaluation,24,0.4,0,Progressed
DEAL-2898,Helix Diagnostics,Education,Enterprise,342100.0,8,22,1,5,1,1,1,1,1,0.52,6,0.38,1.0,0.75,0,0.79,4,0.62,0,0,1,1,0,0,Demo,Discovery,6,0.59,1,Lost
DEAL-2899,Summit BioPharma,Manufacturing,Mid-Market,153200.0,6,11,0,2,1,0,0,0,1,0.86,7,0.91,12.5,0.17,0,0.94,5,0.97,0,0,0,1,0,0,Discovery,Lead,33,0.79,0,Progressed
DEAL-2900,Beacon Robotics,Technology,Mid-Market,67700.0,13,13,0,2,0,1,1,0,0,0.17,6,0.24,65.9,0.22,0,0.67,1,0.56,0,0,1,0,1,9,Demo,Discovery,58,0.42,1,Lost
DEAL-2901,Novus Capital,Healthcare,Startup,15100.0,4,30,0,2,0,3,0,0,1,0.63,9,0.84,26.8,0.53,1,0.83,0,1.0,0,0,1,0,0,0,Discovery,Lead,19,0.82,1,Progressed
DEAL-2902,OmniCommerce,Logistics,SMB,41900.0,13,17,3,3,0,0,1,1,1,0.73,4,0.22,72.2,0.82,0,0.55,1,0.2,0,0,0,0,1,31,Demo,Discovery,14,0.67,1,Lost
DEAL-2903,Aegis Software,Healthcare,Mid-Market,60700.0,3,13,2,3,3,2,1,1,1,0.41,9,0.5,1.0,0.62,-1,0.67,3,0.5,1,1,1,0,0,0,Evaluation,Demo,3,0.53,1,Lost
DEAL-2904,Helix Diagnostics,Technology,Enterprise,264400.0,5,35,3,5,2,2,1,0,1,0.45,1,0.18,3.4,0.37,0,0.46,2,0.76,0,0,1,1,1,26,Negotiation,Evaluation,9,0.62,1,Lost
DEAL-2905,Acuity Networks,Financial Services,SMB,69400.0,9,23,4,8,1,3,1,0,0,0.21,7,0.43,13.9,0.8,-1,0.44,3,0.79,0,1,1,1,0,0,Demo,Discovery,6,0.71,0,Lost
DEAL-2906,Cobalt Freight,Retail,Startup,9200.0,4,43,0,1,2,1,1,1,1,0.72,6,0.59,1.3,0.62,1,0.35,4,0.2,0,1,1,0,1,23,Negotiation,Evaluation,23,0.5,1,Lost
DEAL-2907,Beacon Robotics,Retail,Startup,11800.0,13,0,4,5,0,0,1,1,1,0.9,2,0.4,22.0,0.76,0,0.78,2,0.56,0,1,0,1,1,26,Proposal,Negotiation,4,0.47,1,Progressed
DEAL-2908,Kestrel Instruments,Retail,SMB,69500.0,3,26,2,3,1,2,1,1,1,0.81,3,0.38,5.9,0.31,1,0.51,1,0.03,0,1,1,1,1,26,Demo,Discovery,22,0.88,1,Lost
DEAL-2909,Solstice Media,Education,Mid-Market,105200.0,14,27,4,6,0,0,0,0,1,0.46,3,0.4,14.0,0.9,0,0.5,1,0.61,0,1,0,1,0,0,Discovery,Lead,38,0.94,0,Progressed
DEAL-2910,Acuity Networks,Logistics,Startup,31400.0,2,43,1,2,3,0,1,0,1,0.54,8,0.19,10.5,0.67,0,0.9,4,0.0,0,1,0,1,0,0,Discovery,Lead,6,0.43,0,Lost
DEAL-2911,Cobalt Freight,Healthcare,Mid-Market,79800.0,2,31,0,0,0,1,0,0,0,0.0,3,0.42,38.6,0.44,0,0.41,0,1.0,0,0,1,0,0,0,Discovery,Lead,22,0.81,0,Lost
DEAL-2912,Trident Tech,Financial Services,Mid-Market,129200.0,3,9,3,3,0,0,1,1,1,0.41,1,0.95,24.0,0.64,1,0.94,0,1.0,1,1,0,0,1,25,Demo,Discovery,7,0.76,1,Progressed
DEAL-2913,BrightPath Logistics,Healthcare,SMB,45900.0,12,12,2,3,2,2,1,0,1,0.77,4,0.26,36.8,0.4,-1,0.85,2,0.19,1,1,1,1,0,0,Evaluation,Demo,22,0.63,1,Lost
DEAL-2914,Cobalt Freight,Retail,SMB,37000.0,11,14,2,4,0,0,1,0,1,0.57,7,0.38,76.1,0.26,1,0.94,0,1.0,0,0,0,0,0,0,Discovery,Lead,44,0.8,1,Progressed
DEAL-2915,Cobalt Freight,Manufacturing,Startup,18800.0,3,31,0,1,0,0,1,0,0,0.1,7,0.91,18.7,0.63,-1,0.84,2,0.46,1,1,0,1,0,0,Evaluation,Demo,38,0.56,1,Lost
DEAL-2916,Summit BioPharma,Retail,SMB,50500.0,13,30,4,10,0,0,1,1,1,0.9,3,0.46,23.6,0.55,1,0.35,0,1.0,1,1,0,1,1,9,Negotiation,Evaluation,44,0.91,1,Progressed
DEAL-2917,Synthetix Labs,Retail,Startup,25300.0,7,42,3,4,0,0,1,1,1,0.76,9,0.43,20.3,0.39,0,0.48,3,0.8,1,1,0,0,1,27,Proposal,Negotiation,38,0.95,1,Progressed
DEAL-2918,NexGen Health,Education,Startup,21500.0,10,20,3,4,0,0,1,0,1,0.62,6,0.64,17.8,0.63,-1,0.32,3,0.91,1,1,0,0,1,15,Evaluation,Demo,51,0.5,0,Progressed
DEAL-2919,Novus Capital,Retail,Mid-Market,141800.0,13,4,0,2,2,3,1,0,0,0.25,3,0.87,6.2,0.82,1,0.84,4,0.7,1,1,1,1,0,0,Discovery,Lead,10,0.52,0,Lost
DEAL-2920,Coastal Foods Ltd,Education,Startup,18000.0,9,9,1,4,1,3,1,1,1,0.46,2,0.92,14.0,0.63,1,0.65,3,0.54,0,1,1,1,1,35,Proposal,Negotiation,36,0.81,1,Lost
DEAL-2921,Pulse Dynamics,Retail,Startup,22900.0,5,11,1,5,0,0,1,1,1,0.64,2,0.39,4.3,0.68,1,0.49,1,0.9,0,1,0,1,1,20,Negotiation,Evaluation,53,0.59,1,Progressed
DEAL-2922,Veritas Analytics,Logistics,Startup,21700.0,8,9,0,2,0,0,1,0,1,0.7,4,0.89,11.7,0.32,-1,0.98,4,0.75,1,1,0,0,1,13,Proposal,Negotiation,34,0.91,0,Progressed
DEAL-2923,Solstice Media,Technology,Enterprise,293200.0,5,36,2,2,2,0,1,0,1,0.66,3,0.61,1.3,0.83,-1,0.31,5,0.76,1,0,0,1,0,0,Evaluation,Demo,20,0.63,0,Lost
DEAL-2924,Synthetix Labs,Technology,SMB,51300.0,6,7,3,4,0,3,1,1,0,0.27,6,0.54,15.8,0.66,-1,0.23,1,0.41,0,1,1,0,1,35,Demo,Discovery,17,0.6,0,Lost
DEAL-2925,Frontier FinCorp,Technology,Mid-Market,83400.0,8,33,0,1,0,1,1,1,0,0.13,9,0.37,11.6,0.52,-1,0.33,0,1.0,1,1,1,1,1,34,Negotiation,Evaluation,20,0.92,1,Lost
DEAL-2926,Vector Mobility,Logistics,Enterprise,277600.0,14,6,4,9,3,0,1,1,1,0.43,5,0.46,16.9,0.25,1,0.49,5,0.51,1,1,0,1,1,9,Proposal,Negotiation,7,0.91,1,Progressed
DEAL-2927,Solstice Media,Retail,Startup,10200.0,8,24,3,3,3,0,1,0,1,0.5,9,0.87,1.5,0.58,0,0.88,5,0.96,1,0,0,1,0,0,Demo,Discovery,30,0.63,1,Lost
DEAL-2928,Cobalt Freight,Logistics,Startup,34300.0,1,41,1,1,1,1,1,1,1,0.51,9,0.28,20.0,0.22,-1,0.75,4,0.31,1,0,1,0,0,0,Demo,Discovery,2,0.77,1,Lost
DEAL-2929,Cobalt Freight,Financial Services,Mid-Market,89700.0,13,20,4,10,0,0,1,1,1,0.41,1,0.89,50.5,0.6,0,0.61,1,0.28,0,1,0,0,0,0,Demo,Discovery,21,0.79,1,Progressed
DEAL-2930,Summit BioPharma,Technology,SMB,44400.0,7,4,3,3,0,0,1,1,1,0.82,9,0.74,1.2,0.81,0,0.82,1,0.93,0,1,0,1,1,5,Negotiation,Evaluation,46,0.65,1,Progressed
DEAL-2931,Beacon Robotics,Retail,SMB,55200.0,4,17,2,4,1,1,0,0,1,0.69,8,0.29,2.5,0.76,1,0.52,3,0.03,0,1,1,1,0,0,Discovery,Lead,22,0.4,1,Progressed
DEAL-2932,Everline Retail,Retail,Mid-Market,75800.0,4,4,4,4,2,3,0,0,1,0.65,9,0.89,1.1,0.34,0,0.3,2,0.58,1,1,1,1,0,0,Discovery,Lead,30,0.77,1,Lost
DEAL-2933,Trident Tech,Retail,Startup,31300.0,6,44,3,3,1,1,1,1,1,0.6,5,0.23,70.0,0.48,0,0.5,2,0.77,1,0,1,1,0,0,Demo,Discovery,55,0.59,1,Lost
DEAL-2934,Skyward Aerospace,Technology,Mid-Market,122600.0,13,36,1,6,0,0,1,1,1,0.51,7,0.3,1.9,0.71,0,0.31,0,1.0,1,1,0,1,1,13,Proposal,Negotiation,29,0.59,0,Progressed
DEAL-2935,Synthetix Labs,Financial Services,Mid-Market,111300.0,5,34,0,4,0,2,1,1,1,0.79,9,0.74,4.5,0.3,-1,0.84,1,0.59,1,1,1,0,1,1,Negotiation,Evaluation,6,0.4,0,Lost
DEAL-2936,Pulse Dynamics,Healthcare,Enterprise,245200.0,14,13,0,0,0,0,1,0,1,0.87,7,0.43,10.6,0.39,1,0.92,5,0.11,1,1,0,1,0,0,Evaluation,Demo,2,0.74,1,Progressed
DEAL-2937,Beacon Robotics,Retail,Startup,28000.0,13,38,0,5,0,0,1,0,1,0.83,1,0.37,109.4,0.3,1,0.87,4,0.52,1,1,0,0,1,35,Proposal,Negotiation,5,0.83,0,Progressed
DEAL-2938,Apex Cloud Systems,Retail,SMB,72400.0,2,26,2,2,2,3,1,1,1,0.44,8,0.4,3.7,0.61,1,0.92,2,0.79,1,1,1,1,1,30,Negotiation,Evaluation,30,0.67,1,Lost
DEAL-2939,Beacon Robotics,Logistics,Startup,25200.0,2,44,0,1,1,0,1,0,1,0.88,1,0.44,11.6,0.76,0,0.46,2,0.16,1,1,0,1,1,35,Evaluation,Demo,55,0.5,1,Lost
DEAL-2940,Synthetix Labs,Retail,SMB,73000.0,12,23,0,1,0,0,1,1,1,0.52,8,0.2,1.0,0.86,1,0.26,0,1.0,1,1,0,1,1,14,Demo,Discovery,58,0.9,1,Progressed
DEAL-2941,Novus Capital,Healthcare,SMB,63200.0,2,19,0,1,1,0,1,1,1,0.8,4,0.79,26.6,0.8,-1,0.37,3,0.23,1,0,0,0,1,33,Negotiation,Evaluation,13,0.74,0,Lost
DEAL-2942,Pulse Dynamics,Education,Startup,9700.0,12,2,4,9,0,0,1,1,1,0.68,4,0.2,16.1,0.85,1,0.93,0,1.0,1,1,0,0,0,0,Evaluation,Demo,40,0.67,0,Progressed
DEAL-2943,Coastal Foods Ltd,Healthcare,Mid-Market,95100.0,12,10,2,9,2,0,1,0,1,0.82,1,0.26,12.9,0.17,0,0.79,5,0.37,0,0,0,1,1,25,Negotiation,Evaluation,10,0.89,1,Lost
DEAL-2944,Coastal Foods Ltd,Manufacturing,Mid-Market,149600.0,8,23,3,5,0,0,1,0,1,0.71,3,0.81,31.3,0.58,1,0.75,3,0.12,0,0,0,1,1,30,Demo,Discovery,3,0.49,0,Lost
DEAL-2945,Skyward Aerospace,Education,Startup,32100.0,5,33,4,5,2,0,1,1,1,0.68,6,0.49,9.1,0.52,0,0.93,4,0.2,0,1,0,1,0,0,Demo,Discovery,16,0.54,1,Lost
DEAL-2946,Beacon Robotics,Financial Services,SMB,52500.0,1,31,1,1,1,0,1,1,1,0.71,8,0.59,2.4,0.45,0,0.49,4,0.28,0,1,0,1,1,24,Negotiation,Evaluation,57,0.82,0,Lost
DEAL-2947,Frontier FinCorp,Healthcare,Startup,22100.0,4,20,0,0,3,3,1,1,1,0.55,2,0.37,4.7,0.58,0,0.72,3,0.78,1,1,1,1,1,13,Proposal,Negotiation,31,0.58,0,Lost
DEAL-2948,Beacon Robotics,Retail,Enterprise,349500.0,14,11,3,10,1,0,1,1,1,0.79,9,0.79,19.0,0.67,0,0.72,5,0.95,1,1,0,1,1,31,Proposal,Negotiation,28,0.83,1,Progressed
DEAL-2949,Trident Tech,Retail,Startup,30200.0,7,13,2,7,0,0,1,1,1,0.58,2,0.43,15.5,0.22,-1,0.43,1,0.63,1,1,0,0,1,28,Evaluation,Demo,7,0.3,1,Progressed
DEAL-2950,Acuity Networks,Manufacturing,Mid-Market,152100.0,5,27,3,3,1,0,0,0,1,0.6,4,0.64,36.6,0.51,-1,0.98,2,0.69,0,0,0,1,1,24,Discovery,Lead,33,0.85,0,Lost
DEAL-2951,OmniCommerce,Logistics,Enterprise,258300.0,12,31,4,11,0,0,1,1,0,0.07,1,0.9,117.5,0.29,0,0.76,5,0.5,0,0,0,0,0,0,Demo,Discovery,60,0.31,1,Lost
DEAL-2952,Beacon Robotics,Manufacturing,SMB,59300.0,14,21,2,9,0,0,1,1,1,0.49,3,0.33,42.6,0.62,-1,0.3,0,1.0,1,1,0,0,1,34,Negotiation,Evaluation,17,0.74,0,Progressed
DEAL-2953,Atlas Energy,Financial Services,Mid-Market,112400.0,7,38,4,7,1,0,1,1,1,0.92,9,0.37,6.1,0.41,-1,0.57,1,0.05,1,0,0,1,0,0,Demo,Discovery,10,0.92,1,Lost
DEAL-2954,Veritas Analytics,Logistics,Startup,9700.0,7,1,4,7,3,0,1,0,0,0.28,7,0.38,91.8,0.7,0,0.59,4,0.18,1,1,0,0,1,34,Negotiation,Evaluation,35,0.64,1,Lost
DEAL-2955,Kestrel Instruments,Healthcare,Mid-Market,64300.0,3,29,2,3,1,0,1,0,1,0.8,3,0.26,4.8,0.29,-1,0.47,1,0.08,0,1,0,1,1,22,Proposal,Negotiation,54,0.32,0,Lost
DEAL-2956,Pulse Dynamics,Retail,Startup,28700.0,14,28,3,10,2,0,1,1,1,0.52,3,0.92,31.5,0.48,0,0.39,3,0.24,1,1,0,1,0,0,Evaluation,Demo,6,0.81,1,Progressed
DEAL-2957,BrightPath Logistics,Education,Startup,29700.0,4,8,1,2,1,0,1,1,1,0.54,7,0.92,13.1,0.52,-1,0.78,4,0.08,1,1,0,1,1,27,Proposal,Negotiation,44,0.66,1,Progressed
DEAL-2958,Apex Cloud Systems,Manufacturing,Startup,32600.0,11,42,0,2,1,0,1,1,1,0.7,3,0.7,39.1,0.17,1,0.29,2,0.02,1,1,0,1,1,12,Evaluation,Demo,25,0.33,1,Progressed
DEAL-2959,Trident Tech,Manufacturing,Enterprise,308200.0,5,30,2,5,0,0,1,0,0,0.03,7,0.79,48.3,0.79,-1,0.29,2,0.39,1,1,0,1,1,18,Proposal,Negotiation,30,0.28,1,Lost
DEAL-2960,Cascade Security,Manufacturing,SMB,35700.0,2,0,2,2,0,0,1,1,1,0.69,8,0.26,3.6,0.3,-1,0.74,0,1.0,0,0,0,0,0,0,Demo,Discovery,56,0.6,0,Progressed
DEAL-2961,Pulse Dynamics,Financial Services,Mid-Market,141400.0,14,33,4,4,0,1,1,1,0,0.22,5,0.61,12.9,0.53,0,0.71,4,0.73,1,1,1,0,1,18,Negotiation,Evaluation,17,0.86,0,Lost
DEAL-2962,Skyward Aerospace,Logistics,Startup,19200.0,4,37,2,2,0,0,1,1,1,0.91,9,0.53,17.6,0.68,-1,0.23,1,0.99,0,0,0,0,0,0,Demo,Discovery,6,0.9,1,Progressed
DEAL-2963,BlueShift AI,Education,Startup,23400.0,1,18,1,1,2,0,1,0,1,0.41,2,0.38,120.0,0.81,-1,0.41,2,0.61,0,0,0,1,1,27,Discovery,Lead,56,0.59,0,Lost
DEAL-2964,Novus Capital,Retail,SMB,56500.0,9,23,3,9,0,1,1,0,1,0.47,1,0.34,12.1,0.91,-1,0.32,2,0.39,0,0,1,1,0,0,Discovery,Lead,13,0.48,1,Lost
DEAL-2965,Skyward Aerospace,Manufacturing,Startup,32500.0,2,42,1,2,2,1,1,1,1,0.65,5,0.46,3.4,0.47,0,0.51,5,0.41,1,0,1,1,1,8,Evaluation,Demo,51,0.72,0,Lost
DEAL-2966,Cobalt Freight,Manufacturing,Startup,21800.0,8,6,0,7,1,0,1,1,0,0.1,9,0.7,15.9,0.32,0,0.81,5,0.87,0,0,0,0,0,0,Demo,Discovery,34,0.92,1,Lost
DEAL-2967,Cobalt Freight,Financial Services,Enterprise,349700.0,7,5,0,0,0,0,1,0,1,0.89,2,0.57,13.0,0.44,1,0.77,1,0.63,0,1,0,0,0,0,Discovery,Lead,3,0.62,1,Progressed
DEAL-2968,Atlas Energy,Logistics,Mid-Market,156400.0,4,5,2,4,0,3,1,1,1,0.69,6,0.55,20.6,0.41,0,0.28,0,1.0,0,1,1,0,0,0,Evaluation,Demo,45,0.76,1,Lost
DEAL-2969,Helix Diagnostics,Manufacturing,Startup,26000.0,11,34,0,3,2,0,1,1,1,0.57,2,0.59,4.2,0.39,1,0.38,5,0.99,1,1,0,1,1,16,Proposal,Negotiation,25,0.95,0,Progressed
DEAL-2970,Vector Mobility,Retail,Mid-Market,66700.0,7,23,1,7,1,0,0,0,1,0.73,2,0.3,20.3,0.59,-1,0.69,3,0.65,0,1,0,1,0,0,Discovery,Lead,24,0.65,1,Lost
DEAL-2971,Novus Capital,Technology,SMB,26100.0,2,32,1,2,0,2,1,1,1,0.63,2,0.22,5.7,0.72,1,0.35,0,1.0,1,0,1,1,1,2,Negotiation,Evaluation,2,0.68,1,Progressed
DEAL-2972,Solstice Media,Healthcare,Enterprise,278900.0,4,7,2,4,1,0,1,1,0,0.17,9,0.7,19.9,0.24,0,0.45,3,0.25,0,1,0,1,0,0,Demo,Discovery,34,0.54,1,Lost
DEAL-2973,NexGen Health,Technology,SMB,66400.0,10,36,1,6,1,0,1,1,0,0.25,9,0.2,7.3,0.69,1,0.81,5,0.25,1,0,0,1,0,0,Evaluation,Demo,35,0.52,1,Progressed
DEAL-2974,Beacon Robotics,Healthcare,Enterprise,325500.0,14,11,3,5,0,0,1,1,1,0.69,4,0.38,38.2,0.53,1,0.69,4,0.94,1,1,0,0,1,7,Negotiation,Evaluation,56,0.39,0,Progressed
DEAL-2975,Pulse Dynamics,Manufacturing,Startup,9400.0,8,14,3,4,0,1,1,1,1,0.55,8,0.65,31.9,0.2,0,0.7,0,1.0,0,1,1,0,1,8,Negotiation,Evaluation,21,0.25,0,Progressed
DEAL-2976,Beacon Robotics,Financial Services,Startup,32700.0,2,5,2,2,1,2,1,0,1,0.72,2,0.61,3.4,0.51,0,0.93,1,0.71,1,1,1,1,1,20,Proposal,Negotiation,12,0.45,1,Progressed
DEAL-2977,Atlas Energy,Technology,SMB,59400.0,9,12,1,7,0,1,1,1,1,0.94,2,0.38,7.3,0.51,1,0.29,5,0.87,1,1,1,1,0,0,Evaluation,Demo,41,0.39,1,Progressed
DEAL-2978,Atlas Energy,Retail,SMB,65200.0,10,24,4,5,3,3,1,1,1,0.74,7,0.73,17.3,0.59,1,0.88,3,0.67,1,0,1,1,0,0,Demo,Discovery,26,0.79,1,Lost
DEAL-2979,Kestrel Instruments,Manufacturing,Enterprise,288700.0,6,38,3,6,2,3,1,1,1,0.65,4,0.7,8.2,0.76,1,0.6,3,0.03,1,0,1,1,0,0,Evaluation,Demo,40,0.28,0,Lost
DEAL-2980,Cobalt Freight,Education,SMB,29700.0,11,11,3,10,0,0,1,1,0,0.07,9,0.87,8.1,0.43,0,0.2,2,0.08,1,0,0,0,1,22,Proposal,Negotiation,34,0.8,1,Progressed
DEAL-2981,Cobalt Freight,Logistics,SMB,33400.0,11,32,4,4,0,0,1,1,1,0.74,6,0.42,31.8,0.73,0,0.51,0,1.0,1,0,0,1,1,1,Demo,Discovery,47,0.81,1,Progressed
DEAL-2982,Summit BioPharma,Logistics,Mid-Market,68300.0,12,18,1,5,0,1,1,0,1,0.58,8,0.15,68.1,0.57,0,0.62,0,1.0,0,1,1,0,0,0,Evaluation,Demo,41,0.54,1,Lost
DEAL-2983,Kestrel Instruments,Logistics,Enterprise,343100.0,5,6,3,4,0,2,1,0,0,0.18,3,0.6,4.6,0.53,-1,0.89,0,1.0,1,1,1,0,1,33,Negotiation,Evaluation,31,0.43,1,Lost
DEAL-2984,Cobalt Freight,Technology,Startup,29200.0,12,39,4,6,3,0,1,0,1,0.9,9,0.9,23.6,0.9,-1,0.33,4,0.03,1,0,0,1,0,0,Discovery,Lead,32,0.43,1,Lost
DEAL-2985,Trident Tech,Technology,Enterprise,231000.0,12,16,0,4,2,0,1,1,0,0.1,3,0.92,19.2,0.81,0,0.48,2,0.62,1,1,0,1,1,15,Negotiation,Evaluation,55,0.31,1,Lost
DEAL-2986,OmniCommerce,Manufacturing,SMB,41600.0,1,28,1,1,0,3,1,0,1,0.89,1,0.2,54.5,0.59,0,0.49,3,0.81,0,1,1,1,0,0,Demo,Discovery,22,0.54,1,Lost
DEAL-2987,Everline Retail,Education,Mid-Market,86500.0,5,21,1,3,2,2,1,1,0,0.18,6,0.32,5.2,0.86,1,0.21,2,0.76,1,1,1,1,0,0,Evaluation,Demo,37,0.45,0,Lost
DEAL-2988,Novus Capital,Retail,SMB,64000.0,4,9,3,3,2,3,0,0,1,0.46,3,0.49,21.8,0.88,0,0.96,4,0.76,1,0,1,1,0,0,Discovery,Lead,4,0.42,1,Lost
DEAL-2989,Veritas Analytics,Technology,Enterprise,317500.0,4,36,1,2,1,3,1,1,1,0.48,9,0.49,39.9,0.53,-1,0.29,4,0.71,0,1,1,1,1,1,Negotiation,Evaluation,10,0.76,1,Lost
DEAL-2990,Acuity Networks,Healthcare,Enterprise,294400.0,2,32,0,2,0,0,1,1,0,0.15,2,0.54,58.6,0.46,1,0.76,3,0.09,1,1,0,0,1,21,Proposal,Negotiation,12,0.57,1,Progressed
DEAL-2991,Pulse Dynamics,Logistics,Startup,13600.0,6,15,2,5,0,0,1,1,1,0.82,5,0.94,20.4,0.69,1,0.22,5,0.57,1,1,0,0,1,11,Demo,Discovery,47,0.45,1,Progressed
DEAL-2992,Veritas Analytics,Financial Services,Startup,22500.0,3,18,2,3,3,0,1,1,0,0.04,8,0.15,5.3,0.55,1,0.42,5,0.88,1,0,0,0,1,28,Proposal,Negotiation,12,0.89,0,Lost
DEAL-2993,Vector Mobility,Financial Services,Mid-Market,99300.0,12,5,1,6,1,0,1,1,1,0.94,8,0.9,6.8,0.57,0,0.47,2,0.28,1,0,0,0,0,0,Evaluation,Demo,8,0.26,1,Progressed
DEAL-2994,BlueShift AI,Logistics,SMB,62800.0,4,11,4,4,3,2,1,1,1,0.53,6,0.24,21.3,0.88,0,0.45,4,0.48,0,1,1,1,1,29,Demo,Discovery,19,0.25,0,Lost
DEAL-2995,Acuity Networks,Retail,Startup,29400.0,1,6,1,1,2,0,1,1,1,0.66,2,0.36,13.3,0.82,1,0.92,4,0.58,0,0,0,1,1,16,Demo,Discovery,3,0.37,0,Lost
DEAL-2996,Aegis Software,Retail,SMB,61400.0,14,35,0,2,0,3,1,0,1,0.4,9,0.56,2.2,0.29,-1,0.65,1,0.0,0,0,1,0,0,0,Discovery,Lead,48,0.35,1,Lost
DEAL-2997,BrightPath Logistics,Healthcare,Startup,12200.0,14,37,1,1,1,3,1,0,1,0.5,8,0.63,4.5,0.86,-1,0.86,4,0.33,1,1,1,1,0,0,Demo,Discovery,22,0.87,1,Lost
DEAL-2998,Trident Tech,Technology,SMB,67800.0,8,30,0,0,2,0,1,1,0,0.1,7,0.58,8.0,0.26,0,0.21,4,0.82,1,0,0,0,1,9,Demo,Discovery,32,0.63,1,Lost
DEAL-2999,Cascade Security,Retail,Enterprise,341300.0,1,36,1,1,3,0,1,1,0,0.13,6,0.94,12.3,0.84,-1,0.52,4,0.25,1,1,0,0,1,21,Proposal,Negotiation,19,0.87,1,Lost
DEAL-3000,Acuity Networks,Financial Services,SMB,59500.0,5,14,1,5,2,3,1,1,1,0.68,6,0.4,38.5,0.87,1,0.87,5,0.67,1,0,1,1,1,20,Negotiation,Evaluation,36,0.85,1,Lost
DEAL-3001,Vector Mobility,Logistics,SMB,27200.0,2,38,0,2,2,0,0,0,1,0.92,3,0.24,64.8,0.87,-1,0.36,2,0.09,1,1,0,1,0,0,Discovery,Lead,16,0.26,0,Lost
DEAL-3002,Everline Retail,Logistics,Mid-Market,126700.0,9,29,0,6,2,1,0,0,0,0.27,2,0.24,20.0,0.84,1,0.79,2,0.26,1,1,1,1,0,0,Discovery,Lead,6,0.71,0,Lost
DEAL-3003,Prime Packaging,Healthcare,Startup,25700.0,7,19,4,5,0,0,1,0,1,0.92,1,0.94,26.1,0.72,1,0.27,0,1.0,1,1,0,0,1,16,Evaluation,Demo,16,0.65,0,Progressed
DEAL-3004,Frontier FinCorp,Education,SMB,71000.0,14,20,0,1,0,2,1,1,1,0.9,2,0.94,120.0,0.61,0,0.42,4,0.89,1,1,1,0,1,14,Proposal,Negotiation,33,0.43,0,Lost
DEAL-3005,Trident Tech,Financial Services,SMB,51200.0,10,4,0,0,1,0,1,1,1,0.45,9,0.71,30.6,0.29,-1,0.27,1,0.8,1,1,0,0,1,23,Negotiation,Evaluation,39,0.6,0,Progressed
DEAL-3006,Atlas Energy,Education,SMB,26400.0,7,17,0,1,0,0,1,0,0,0.19,6,0.23,1.2,0.77,0,0.67,0,1.0,1,0,0,0,0,0,Discovery,Lead,26,0.86,1,Progressed
DEAL-3007,Summit BioPharma,Financial Services,Startup,22200.0,14,27,3,8,0,0,1,1,1,0.95,2,0.78,6.3,0.74,0,0.6,0,1.0,1,1,0,0,0,0,Evaluation,Demo,58,0.63,1,Progressed
DEAL-3008,Helix Diagnostics,Logistics,Startup,9600.0,10,29,0,3,0,3,1,0,1,0.67,7,0.25,6.0,0.89,-1,0.46,4,0.08,1,0,1,0,0,0,Discovery,Lead,33,0.93,1,Lost
DEAL-3009,Vector Mobility,Technology,SMB,47500.0,9,17,2,4,3,0,1,1,1,0.86,1,0.2,3.6,0.82,-1,0.83,3,0.32,0,0,0,1,0,0,Evaluation,Demo,26,0.51,1,Lost
DEAL-3010,Frontier FinCorp,Technology,SMB,28200.0,10,39,0,1,0,0,1,1,1,0.41,5,0.89,27.0,0.38,1,0.53,2,0.83,1,1,0,1,1,14,Evaluation,Demo,3,0.73,1,Progressed
DEAL-3011,Kestrel Instruments,Logistics,Startup,32300.0,7,25,3,7,2,0,1,1,0,0.25,2,0.82,6.6,0.74,0,0.66,3,0.78,1,0,0,1,1,29,Demo,Discovery,56,0.62,1,Lost
DEAL-3012,Acuity Networks,Healthcare,SMB,58800.0,10,26,4,4,0,2,0,0,0,0.23,7,0.29,9.0,0.81,1,0.7,3,0.08,0,0,1,0,0,0,Discovery,Lead,38,0.52,1,Lost
DEAL-3013,Apex Cloud Systems,Education,Enterprise,142700.0,6,41,2,3,0,0,1,1,0,0.2,9,0.25,12.7,0.31,-1,0.7,0,1.0,1,0,0,1,1,26,Negotiation,Evaluation,60,0.92,1,Lost
DEAL-3014,Trident Tech,Technology,Mid-Market,69400.0,13,45,2,5,3,3,1,1,0,0.09,9,0.33,8.7,0.8,-1,0.94,4,0.34,0,1,1,1,0,0,Demo,Discovery,9,0.94,0,Lost
DEAL-3015,Apex Cloud Systems,Technology,SMB,66000.0,14,37,3,7,0,0,1,1,0,0.19,4,0.72,36.5,0.31,-1,0.33,4,0.47,1,1,0,1,1,22,Evaluation,Demo,35,0.57,0,Lost
DEAL-3016,Vanguard Supply,Education,Mid-Market,68800.0,3,23,0,1,1,3,1,0,1,0.8,5,0.16,80.9,0.65,0,0.65,2,0.99,0,0,1,1,0,0,Discovery,Lead,36,0.3,1,Lost
DEAL-3017,OmniCommerce,Retail,Startup,13400.0,8,6,0,7,1,0,0,0,1,0.8,8,0.7,12.0,0.24,0,0.47,4,0.21,1,0,0,1,0,0,Discovery,Lead,49,0.5,1,Lost
DEAL-3018,Cobalt Freight,Technology,SMB,44300.0,4,13,1,3,1,0,1,0,1,0.76,3,0.88,31.4,0.2,0,0.3,1,0.75,1,1,0,1,0,0,Discovery,Lead,53,0.98,0,Lost
DEAL-3019,Kestrel Instruments,Retail,SMB,37800.0,1,40,0,0,1,1,1,1,1,0.98,2,0.18,20.5,0.18,-1,0.22,2,0.04,1,1,1,1,1,27,Negotiation,Evaluation,60,0.75,1,Lost
DEAL-3020,BlueShift AI,Logistics,SMB,26000.0,9,38,2,5,0,0,1,1,1,0.85,4,0.81,9.0,0.85,1,0.67,1,0.31,1,1,0,0,1,27,Negotiation,Evaluation,45,0.37,1,Progressed
DEAL-3021,Novus Capital,Logistics,SMB,48100.0,13,25,2,6,1,0,1,1,1,0.5,2,0.36,13.4,0.33,-1,0.33,2,0.68,0,1,0,1,1,5,Demo,Discovery,38,0.74,1,Progressed
DEAL-3022,Novus Capital,Financial Services,SMB,65300.0,9,43,0,2,2,0,1,0,1,0.79,5,0.37,6.3,0.76,1,0.82,4,0.79,1,1,0,1,1,6,Demo,Discovery,12,0.65,1,Progressed
DEAL-3023,NexGen Health,Technology,Mid-Market,106300.0,10,37,0,4,3,1,1,1,1,0.53,2,0.37,12.5,0.85,-1,0.54,5,0.12,1,0,1,1,1,10,Demo,Discovery,26,0.83,1,Lost
DEAL-3024,Novus Capital,Financial Services,Mid-Market,143600.0,8,11,0,6,3,2,1,1,1,0.43,8,0.6,36.7,0.34,1,0.68,3,0.16,1,1,1,1,1,6,Negotiation,Evaluation,30,0.41,1,Lost
DEAL-3025,Kestrel Instruments,Logistics,SMB,34500.0,3,33,0,1,0,0,1,1,1,0.58,6,0.42,57.6,0.43,0,0.6,5,0.27,1,1,0,0,0,0,Evaluation,Demo,2,0.51,1,Progressed
DEAL-3026,OmniCommerce,Education,SMB,33100.0,8,45,1,5,2,0,1,1,1,0.56,6,0.48,54.6,0.79,0,0.26,2,0.6,1,0,0,1,0,0,Demo,Discovery,54,0.88,0,Lost
DEAL-3027,Solstice Media,Manufacturing,SMB,25200.0,3,41,1,2,2,3,1,0,1,0.7,9,0.39,44.9,0.23,-1,0.3,2,0.25,1,0,1,1,1,12,Discovery,Lead,60,0.29,0,Lost
DEAL-3028,Coastal Foods Ltd,Healthcare,Mid-Market,152300.0,2,31,1,2,3,0,1,0,1,0.87,7,0.85,1.5,0.31,1,0.32,5,0.45,1,1,0,1,1,31,Proposal,Negotiation,30,0.37,1,Lost
DEAL-3029,Solstice Media,Logistics,Enterprise,253500.0,7,11,2,7,1,0,1,1,0,0.07,6,0.88,16.0,0.19,-1,0.46,1,0.73,1,1,0,1,1,22,Proposal,Negotiation,3,0.44,1,Progressed
DEAL-3030,Trident Tech,Manufacturing,Startup,25000.0,5,32,1,2,0,3,1,0,1,0.95,8,0.29,9.1,0.84,0,0.49,1,0.4,1,1,1,1,0,0,Discovery,Lead,6,0.98,0,Lost
DEAL-3031,Synthetix Labs,Manufacturing,SMB,32700.0,14,38,2,7,1,3,1,0,1,0.82,1,0.52,39.7,0.26,1,0.59,4,0.96,1,1,1,1,1,27,Discovery,Lead,24,0.83,1,Lost
DEAL-3032,Cascade Security,Financial Services,SMB,29900.0,7,40,2,4,1,0,1,1,0,0.09,4,0.75,47.0,0.48,0,0.88,3,0.65,1,1,0,0,1,2,Proposal,Negotiation,24,0.82,0,Progressed
DEAL-3033,Skyward Aerospace,Education,Mid-Market,95000.0,3,41,2,2,2,0,1,1,0,0.27,8,0.74,46.7,0.54,-1,0.24,2,0.1,1,1,0,1,1,11,Negotiation,Evaluation,38,0.44,1,Lost
DEAL-3034,Trident Tech,Financial Services,Mid-Market,112300.0,11,2,2,3,3,1,1,1,0,0.2,9,0.52,28.1,0.78,0,0.86,5,0.61,1,1,1,0,0,0,Evaluation,Demo,33,0.31,1,Lost
DEAL-3035,BlueShift AI,Financial Services,SMB,58700.0,5,44,3,5,1,2,1,0,1,0.97,5,0.53,69.6,0.64,-1,0.44,5,0.77,0,1,1,1,0,0,Demo,Discovery,16,0.92,1,Lost
DEAL-3036,Vanguard Supply,Technology,SMB,37100.0,8,17,3,8,0,2,1,1,1,0.8,2,0.45,16.7,0.33,-1,0.71,0,1.0,1,1,1,0,1,32,Negotiation,Evaluation,37,0.77,0,Progressed
DEAL-3037,Cascade Security,Retail,SMB,52400.0,6,26,1,3,0,0,1,1,1,0.42,9,0.57,24.9,0.68,0,0.65,2,0.05,0,1,0,0,1,30,Demo,Discovery,13,0.82,0,Lost
DEAL-3038,Beacon Robotics,Technology,Enterprise,277900.0,10,27,0,4,0,0,1,1,0,0.22,3,0.36,9.0,0.77,1,0.32,3,0.51,0,1,0,0,0,0,Demo,Discovery,14,0.88,1,Progressed
DEAL-3039,Vanguard Supply,Logistics,Startup,26700.0,3,21,2,3,1,0,1,1,1,0.62,2,0.65,38.9,0.78,1,0.43,4,0.92,1,0,0,1,0,0,Evaluation,Demo,45,0.55,0,Progressed
DEAL-3040,Cascade Security,Logistics,SMB,26300.0,7,44,1,4,1,2,1,1,1,0.74,6,0.85,26.1,0.19,-1,0.64,5,0.95,1,1,1,1,1,20,Evaluation,Demo,50,0.73,0,Lost
DEAL-3041,Apex Cloud Systems,Retail,SMB,46000.0,3,42,3,3,0,0,1,1,1,0.79,5,0.8,33.4,0.5,-1,0.41,0,1.0,1,1,0,0,1,2,Proposal,Negotiation,59,0.59,1,Progressed
DEAL-3042,Acuity Networks,Technology,Enterprise,297200.0,14,8,1,3,2,1,0,0,1,0.5,8,0.58,3.4,0.47,0,0.77,5,0.42,0,0,1,0,0,0,Discovery,Lead,45,0.66,1,Lost
DEAL-3043,BlueShift AI,Financial Services,Startup,29500.0,6,34,1,6,0,0,1,1,1,0.53,5,0.26,29.3,0.2,0,0.86,4,0.25,1,0,0,1,0,0,Demo,Discovery,47,0.63,1,Progressed
DEAL-3044,Summit BioPharma,Logistics,Enterprise,149200.0,9,19,3,9,0,2,1,0,0,0.01,2,0.76,7.0,0.46,-1,0.93,1,0.45,1,1,1,0,1,23,Discovery,Lead,40,0.92,1,Lost
DEAL-3045,Synthetix Labs,Manufacturing,SMB,31600.0,8,1,0,4,3,0,1,1,1,0.76,8,0.79,49.5,0.74,-1,0.91,4,0.2,1,0,0,1,1,18,Proposal,Negotiation,60,0.74,1,Lost
DEAL-3046,Apex Cloud Systems,Logistics,Startup,32400.0,1,25,0,0,0,2,1,0,1,0.95,7,0.54,45.4,0.43,1,0.48,3,0.73,0,0,1,0,1,33,Discovery,Lead,42,0.63,0,Lost
DEAL-3047,Aegis Software,Financial Services,Enterprise,162400.0,9,37,2,2,0,1,1,1,0,0.25,7,0.76,11.6,0.88,-1,0.56,4,0.15,1,1,1,0,0,0,Evaluation,Demo,29,0.8,1,Progressed
DEAL-3048,Kestrel Instruments,Financial Services,SMB,33000.0,11,8,3,8,0,0,1,1,1,0.92,8,0.27,19.1,0.21,1,0.74,0,1.0,1,0,0,0,1,19,Negotiation,Evaluation,9,0.95,1,Progressed
DEAL-3049,Frontier FinCorp,Technology,Startup,19300.0,12,19,2,6,0,2,1,1,1,0.97,8,0.91,5.0,0.69,0,0.69,5,0.24,1,1,1,0,1,1,Proposal,Negotiation,52,0.63,1,Progressed
DEAL-3050,Zenith Textiles,Financial Services,Startup,16200.0,9,30,0,5,1,0,1,1,1,0.51,4,0.19,22.3,0.8,1,0.94,1,0.27,1,1,0,0,1,24,Evaluation,Demo,52,0.94,1,Progressed
DEAL-3051,Zenith Textiles,Education,Mid-Market,115100.0,9,40,4,5,0,0,1,1,0,0.25,8,0.33,14.8,0.68,1,0.65,3,0.62,1,1,0,1,1,35,Proposal,Negotiation,36,0.9,1,Progressed
DEAL-3052,Vector Mobility,Financial Services,Startup,9100.0,3,1,2,3,0,0,1,1,0,0.07,2,0.83,29.7,0.6,1,0.79,3,0.47,1,1,0,0,1,17,Negotiation,Evaluation,37,0.65,0,Progressed
DEAL-3053,Vanguard Supply,Financial Services,Startup,22700.0,2,2,0,1,0,0,1,0,1,0.5,6,0.86,2.7,0.33,1,0.28,0,1.0,1,0,0,0,0,0,Evaluation,Demo,44,0.62,1,Progressed
DEAL-3054,Kestrel Instruments,Healthcare,SMB,70300.0,6,10,0,5,3,3,1,1,1,0.96,3,0.34,28.7,0.82,1,0.41,5,0.38,0,1,1,1,0,0,Evaluation,Demo,55,0.46,1,Lost
DEAL-3055,Cobalt Freight,Technology,Mid-Market,110900.0,5,26,0,2,1,0,1,1,1,0.93,6,0.66,10.8,0.49,-1,0.68,1,0.69,0,1,0,1,0,0,Demo,Discovery,46,0.84,1,Progressed
DEAL-3056,Aegis Software,Retail,Mid-Market,121400.0,10,5,3,10,0,2,1,1,0,0.23,1,0.88,2.9,0.91,-1,0.27,0,1.0,0,1,1,0,1,11,Demo,Discovery,26,0.26,1,Lost
DEAL-3057,Summit BioPharma,Retail,Mid-Market,67100.0,9,31,0,3,2,0,1,1,1,0.45,4,0.33,12.6,0.67,-1,0.57,5,0.87,1,1,0,0,0,0,Demo,Discovery,13,0.9,0,Progressed
DEAL-3058,Cascade Security,Retail,Mid-Market,143600.0,5,18,3,5,0,0,1,0,0,0.12,7,0.6,24.0,0.5,1,0.78,0,1.0,1,1,0,0,1,11,Negotiation,Evaluation,54,0.34,0,Progressed
DEAL-3059,BlueShift AI,Technology,Mid-Market,73100.0,12,38,1,1,1,3,1,1,1,0.73,2,0.29,7.6,0.91,-1,0.94,3,0.32,1,0,1,0,1,25,Proposal,Negotiation,33,0.95,0,Lost
DEAL-3060,OmniCommerce,Manufacturing,Mid-Market,133600.0,10,12,1,6,0,0,1,1,1,0.9,5,0.33,12.0,0.67,1,0.34,2,0.72,1,0,0,0,1,3,Negotiation,Evaluation,10,0.93,1,Progressed
DEAL-3061,BrightPath Logistics,Financial Services,Startup,28600.0,2,9,1,2,0,0,1,1,1,0.86,8,0.56,3.6,0.17,-1,0.58,2,0.62,1,0,0,0,1,35,Proposal,Negotiation,27,0.69,1,Progressed
DEAL-3062,Vanguard Supply,Financial Services,Startup,27900.0,2,45,2,2,2,0,1,1,1,0.96,9,0.38,89.3,0.4,1,0.32,2,0.75,1,1,0,0,1,26,Negotiation,Evaluation,33,0.63,1,Lost
DEAL-3063,Aegis Software,Logistics,SMB,65300.0,10,13,2,2,1,2,1,0,1,0.5,8,0.72,11.1,0.9,1,0.57,2,0.79,0,1,1,1,0,0,Discovery,Lead,5,0.35,1,Lost
DEAL-3064,Everline Retail,Logistics,Startup,28700.0,8,10,2,6,1,0,1,1,1,0.94,1,0.35,17.6,0.16,1,0.45,2,0.47,0,1,0,1,0,0,Evaluation,Demo,45,0.35,1,Progressed
DEAL-3065,Solstice Media,Technology,SMB,52200.0,7,27,1,7,0,0,1,1,1,0.88,1,0.52,13.9,0.51,-1,0.33,0,1.0,1,0,0,0,1,23,Negotiation,Evaluation,41,0.96,0,Progressed
DEAL-3066,Zenith Textiles,Logistics,Mid-Market,119500.0,10,23,3,8,1,0,1,0,1,0.56,5,0.21,17.0,0.64,1,0.34,1,0.71,0,1,0,0,0,0,Discovery,Lead,44,0.34,1,Progressed
DEAL-3067,Aegis Software,Manufacturing,Enterprise,348100.0,11,25,1,7,0,2,1,1,1,0.6,5,0.46,3.6,0.18,-1,0.72,2,0.34,1,0,1,0,1,5,Proposal,Negotiation,17,0.84,1,Progressed
DEAL-3068,Coastal Foods Ltd,Financial Services,Mid-Market,86300.0,7,12,0,4,2,0,1,1,0,0.23,7,0.42,21.7,0.56,1,0.67,2,0.81,1,1,0,1,1,35,Negotiation,Evaluation,45,0.61,1,Lost
DEAL-3069,Synthetix Labs,Technology,SMB,46000.0,11,2,4,10,0,0,1,0,1,0.84,9,0.59,12.9,0.37,0,0.75,1,0.47,1,0,0,0,0,0,Evaluation,Demo,6,0.39,1,Progressed
DEAL-3070,Zenith Textiles,Retail,Startup,28800.0,13,21,2,5,0,0,1,1,1,0.56,4,0.89,5.2,0.81,1,0.48,0,1.0,0,1,0,1,0,0,Evaluation,Demo,36,0.31,1,Progressed
DEAL-3071,BlueShift AI,Healthcare,SMB,69400.0,10,36,4,5,2,1,1,1,1,0.74,1,0.19,41.2,0.4,0,0.39,5,0.93,1,1,1,1,1,13,Proposal,Negotiation,5,0.33,1,Lost
DEAL-3072,Pulse Dynamics,Retail,SMB,59700.0,9,13,4,7,1,2,1,1,0,0.05,5,0.56,14.7,0.87,1,0.33,5,0.75,0,0,1,0,1,6,Demo,Discovery,16,0.84,0,Lost
DEAL-3073,Zenith Textiles,Technology,Startup,22500.0,2,0,0,0,1,3,1,0,1,0.64,2,0.52,7.1,0.16,1,0.6,2,0.69,1,0,1,1,1,32,Demo,Discovery,59,0.55,1,Lost
DEAL-3074,Frontier FinCorp,Technology,Startup,27800.0,13,18,1,6,0,0,0,0,1,0.47,4,0.44,9.3,0.5,1,0.96,3,0.96,0,0,0,0,0,0,Discovery,Lead,50,0.37,0,Progressed
DEAL-3075,Aegis Software,Education,Startup,22300.0,2,42,0,1,2,1,1,0,1,0.93,5,0.47,21.8,0.57,0,0.97,2,0.12,0,1,1,1,0,0,Discovery,Lead,9,0.92,0,Lost
DEAL-3076,Summit BioPharma,Healthcare,Startup,16600.0,11,14,2,9,0,0,1,0,1,0.44,1,0.82,60.8,0.89,-1,0.55,0,1.0,1,1,0,0,1,12,Negotiation,Evaluation,13,0.33,1,Progressed
DEAL-3077,Summit BioPharma,Financial Services,Mid-Market,127400.0,4,41,1,4,0,0,1,0,1,0.57,7,0.32,10.2,0.43,0,0.71,0,1.0,1,1,0,1,1,17,Proposal,Negotiation,27,0.98,1,Progressed
DEAL-3078,Atlas Energy,Logistics,SMB,31500.0,4,21,4,4,2,2,1,0,1,0.61,8,0.2,1.0,0.76,1,0.87,2,0.66,0,1,1,0,0,0,Demo,Discovery,2,0.97,0,Lost
DEAL-3079,Beacon Robotics,Logistics,SMB,56600.0,2,15,2,2,2,0,1,1,1,0.44,2,0.79,59.2,0.15,0,0.52,3,0.14,0,1,0,0,1,22,Negotiation,Evaluation,3,0.61,1,Lost
DEAL-3080,OmniCommerce,Financial Services,SMB,32100.0,3,39,0,2,3,2,1,1,1,0.41,7,0.55,4.4,0.61,-1,0.68,5,0.75,1,1,1,0,0,0,Evaluation,Demo,20,0.77,1,Lost
DEAL-3081,Solstice Media,Education,SMB,63900.0,13,12,4,9,3,1,1,0,1,0.43,8,0.54,3.1,0.18,1,0.35,3,0.13,0,0,1,1,0,0,Discovery,Lead,31,0.26,1,Lost
DEAL-3082,Apex Cloud Systems,Logistics,Mid-Market,136300.0,3,8,2,2,0,0,1,1,0,0.06,4,0.87,63.4,0.67,-1,0.9,0,1.0,1,0,0,1,1,2,Negotiation,Evaluation,57,0.42,0,Lost
DEAL-3083,Coastal Foods Ltd,Education,Mid-Market,92700.0,5,5,4,5,0,3,1,0,1,0.89,2,0.7,13.5,0.17,0,0.37,0,1.0,1,0,1,0,0,0,Demo,Discovery,5,0.28,1,Progressed
DEAL-3084,OmniCommerce,Technology,Startup,22300.0,8,25,4,8,1,2,1,1,1,0.58,3,0.43,10.3,0.8,0,0.5,2,0.69,0,0,1,0,1,10,Proposal,Negotiation,27,0.51,1,Lost
DEAL-3085,Apex Cloud Systems,Logistics,SMB,47100.0,10,17,1,3,2,0,1,1,1,0.61,4,0.56,11.3,0.23,0,0.68,5,0.18,1,0,0,1,1,29,Demo,Discovery,7,0.58,1,Progressed
DEAL-3086,Everline Retail,Healthcare,SMB,39500.0,4,33,3,4,3,0,1,1,1,0.93,6,0.66,2.8,0.31,1,0.56,3,0.65,1,1,0,1,1,35,Negotiation,Evaluation,11,0.72,1,Progressed
DEAL-3087,Apex Cloud Systems,Retail,Enterprise,219200.0,6,19,3,6,2,2,1,1,0,0.19,9,0.61,1.0,0.32,-1,0.7,4,1.0,1,1,1,1,1,20,Proposal,Negotiation,39,0.78,1,Lost
DEAL-3088,Apex Cloud Systems,Financial Services,SMB,60500.0,7,34,3,7,0,0,0,0,0,0.02,6,0.91,38.9,0.42,-1,0.23,4,0.56,1,1,0,1,0,0,Discovery,Lead,41,0.94,1,Lost
DEAL-3089,Veritas Analytics,Technology,Startup,9900.0,9,28,1,8,0,1,0,0,0,0.06,2,0.43,10.0,0.46,1,0.88,3,0.37,1,0,1,1,0,0,Discovery,Lead,54,0.39,1,Lost
DEAL-3090,Solstice Media,Manufacturing,Startup,28600.0,14,25,4,6,3,0,1,0,0,0.17,1,0.7,17.1,0.66,-1,0.59,5,0.78,1,0,0,1,0,0,Discovery,Lead,40,0.33,0,Lost
DEAL-3091,Kestrel Instruments,Technology,Mid-Market,80300.0,5,32,4,5,1,1,1,0,0,0.24,2,0.5,47.4,0.75,-1,0.77,2,0.21,0,0,1,1,0,0,Discovery,Lead,22,0.73,0,Lost
DEAL-3092,BrightPath Logistics,Financial Services,SMB,51700.0,14,13,2,2,0,0,1,1,1,0.51,9,0.24,107.9,0.9,-1,0.48,0,1.0,1,1,0,1,1,18,Evaluation,Demo,21,0.92,1,Progressed
DEAL-3093,Cobalt Freight,Education,SMB,62600.0,8,7,4,8,0,1,1,1,1,0.46,2,0.39,15.8,0.41,-1,0.79,5,0.78,1,0,1,0,0,0,Demo,Discovery,42,0.46,1,Progressed
DEAL-3094,Skyward Aerospace,Financial Services,SMB,51800.0,1,11,0,0,1,3,1,1,1,0.4,2,0.59,116.3,0.19,0,0.88,1,0.59,1,0,1,1,1,8,Negotiation,Evaluation,48,0.34,1,Lost
DEAL-3095,Atlas Energy,Technology,SMB,49400.0,11,9,0,0,2,0,1,0,0,0.06,8,0.23,46.8,0.68,1,0.4,5,1.0,1,1,0,1,1,30,Proposal,Negotiation,14,0.5,0,Lost
DEAL-3096,Trident Tech,Financial Services,SMB,55900.0,9,41,1,3,3,0,1,1,1,0.85,6,0.17,10.2,0.89,-1,0.55,5,0.64,0,0,0,1,0,0,Demo,Discovery,59,0.58,1,Lost
DEAL-3097,Zenith Textiles,Manufacturing,SMB,49700.0,11,45,3,8,0,0,1,0,1,0.76,3,0.93,1.0,0.85,-1,0.77,1,0.66,1,1,0,0,0,0,Demo,Discovery,12,0.26,1,Progressed
DEAL-3098,Helix Diagnostics,Healthcare,SMB,43600.0,13,13,2,2,2,2,0,0,1,0.64,9,0.31,41.0,0.44,1,0.42,3,0.51,1,1,1,1,0,0,Discovery,Lead,10,0.81,0,Lost
DEAL-3099,OmniCommerce,Technology,Mid-Market,131000.0,5,18,2,5,0,0,1,1,1,0.69,4,0.54,9.9,0.39,0,0.88,1,0.5,1,1,0,0,0,0,Evaluation,Demo,17,0.37,0,Progressed
DEAL-3100,Kestrel Instruments,Financial Services,Mid-Market,120300.0,2,21,1,2,2,2,1,0,0,0.24,8,0.15,6.4,0.42,0,0.72,5,0.88,0,0,1,1,0,0,Discovery,Lead,26,0.33,1,Lost
DEAL-3101,Acuity Networks,Retail,Mid-Market,140300.0,12,17,4,4,2,0,1,1,0,0.06,4,0.36,1.7,0.43,-1,0.84,2,0.6,0,1,0,1,1,14,Negotiation,Evaluation,24,0.41,1,Lost
DEAL-3102,Veritas Analytics,Education,Enterprise,232000.0,1,21,1,1,1,0,1,1,1,0.65,3,0.37,8.3,0.85,1,0.37,2,0.1,1,1,0,1,1,14,Negotiation,Evaluation,49,0.82,1,Progressed
DEAL-3103,Apex Cloud Systems,Manufacturing,Mid-Market,144800.0,2,18,2,2,3,0,1,1,1,0.77,3,0.64,13.0,0.55,-1,0.27,5,0.69,0,0,0,1,1,29,Demo,Discovery,32,0.79,1,Lost
DEAL-3104,Acuity Networks,Education,SMB,47500.0,3,0,3,3,0,3,1,1,1,0.55,2,0.68,56.6,0.91,0,0.79,5,0.5,0,1,1,1,1,18,Proposal,Negotiation,7,0.62,1,Progressed
DEAL-3105,Zenith Textiles,Manufacturing,Mid-Market,67700.0,2,37,2,2,0,0,1,1,1,0.77,2,0.83,16.3,0.85,0,0.33,1,0.89,0,0,0,1,1,33,Evaluation,Demo,47,0.31,1,Lost
DEAL-3106,Aegis Software,Healthcare,Mid-Market,63000.0,2,3,2,2,0,1,1,1,0,0.03,2,0.18,73.6,0.39,1,0.92,0,1.0,1,1,1,0,1,30,Evaluation,Demo,30,0.44,1,Lost
DEAL-3107,BlueShift AI,Education,Enterprise,143000.0,6,3,4,4,1,0,1,0,0,0.02,3,0.74,1.5,0.43,1,0.55,1,0.28,1,0,0,1,0,0,Discovery,Lead,37,0.26,0,Lost
DEAL-3108,Frontier FinCorp,Financial Services,Mid-Market,88000.0,9,32,3,9,3,3,1,0,1,0.64,9,0.71,9.3,0.37,-1,0.26,4,0.03,0,1,1,0,1,22,Proposal,Negotiation,44,0.43,0,Lost
DEAL-3109,Vanguard Supply,Logistics,Enterprise,168200.0,2,7,0,2,2,0,1,0,0,0.03,7,0.28,4.3,0.63,0,0.59,2,0.49,1,1,0,0,1,25,Proposal,Negotiation,32,0.53,1,Lost
DEAL-3110,Vanguard Supply,Financial Services,Startup,29700.0,9,40,2,8,1,1,1,0,1,0.6,7,0.51,24.2,0.75,1,0.67,1,0.62,1,0,1,1,1,14,Discovery,Lead,9,0.42,0,Lost
DEAL-3111,Novus Capital,Technology,Startup,22600.0,12,25,0,5,1,0,1,1,1,0.97,4,0.84,3.2,0.56,0,0.77,1,0.08,1,1,0,1,1,30,Negotiation,Evaluation,58,0.26,0,Progressed
DEAL-3112,BlueShift AI,Education,Startup,12000.0,5,26,2,4,1,1,1,1,1,0.8,4,0.46,18.9,0.9,1,0.72,4,0.8,0,1,1,0,0,0,Evaluation,Demo,26,0.33,1,Progressed
DEAL-3113,Atlas Energy,Financial Services,Mid-Market,150400.0,5,41,4,5,1,3,1,1,1,0.43,2,0.29,1.9,0.3,0,0.85,5,0.74,1,1,1,0,1,9,Proposal,Negotiation,47,0.67,1,Lost
DEAL-3114,Zenith Textiles,Technology,Startup,20000.0,12,18,2,9,0,0,1,0,1,0.59,8,0.71,46.2,0.61,-1,0.92,1,0.54,1,1,0,1,0,0,Evaluation,Demo,47,0.31,1,Progressed
DEAL-3115,Apex Cloud Systems,Education,SMB,36200.0,4,35,0,0,2,0,1,1,1,0.93,8,0.75,1.0,0.79,-1,0.94,2,0.94,1,0,0,0,1,6,Demo,Discovery,17,0.55,1,Progressed
DEAL-3116,Novus Capital,Manufacturing,SMB,50300.0,11,4,0,6,2,0,1,1,1,0.86,3,0.28,65.5,0.33,1,0.68,4,0.71,1,1,0,0,1,3,Proposal,Negotiation,40,0.8,1,Progressed
DEAL-3117,Beacon Robotics,Financial Services,Mid-Market,128800.0,1,30,0,0,2,0,1,1,1,0.91,8,0.39,57.6,0.72,1,0.38,4,0.27,1,0,0,1,0,0,Demo,Discovery,48,0.28,0,Lost
DEAL-3118,Pulse Dynamics,Retail,SMB,38300.0,13,19,0,7,0,3,1,1,1,0.69,3,0.32,8.2,0.25,1,0.7,4,0.37,1,1,1,1,1,29,Proposal,Negotiation,23,0.31,1,Lost
DEAL-3119,OmniCommerce,Education,Startup,33800.0,5,5,0,5,0,0,1,1,0,0.21,4,0.24,11.4,0.86,-1,0.53,2,0.95,1,1,0,1,1,27,Demo,Discovery,56,0.66,0,Progressed
DEAL-3120,Prime Packaging,Retail,Mid-Market,103800.0,3,36,3,3,0,3,0,0,1,0.61,9,0.65,4.2,0.19,-1,0.74,0,1.0,1,0,1,1,0,0,Discovery,Lead,21,0.91,0,Lost
DEAL-3121,BlueShift AI,Manufacturing,Startup,20900.0,9,10,2,3,1,0,1,0,1,0.69,1,0.94,28.2,0.39,0,0.93,2,0.56,0,1,0,1,0,0,Evaluation,Demo,58,0.86,0,Lost
DEAL-3122,Novus Capital,Technology,Enterprise,148900.0,1,18,1,1,2,0,1,0,0,0.16,8,0.42,16.8,0.25,-1,0.33,4,0.3,1,0,0,1,1,5,Discovery,Lead,58,0.9,0,Lost
DEAL-3123,Prime Packaging,Logistics,SMB,26400.0,4,13,2,4,0,3,1,1,1,0.41,3,0.52,38.2,0.67,1,0.83,3,0.89,0,0,1,0,0,0,Demo,Discovery,14,0.83,0,Progressed
DEAL-3124,Everline Retail,Manufacturing,Startup,30700.0,4,45,2,4,2,0,1,0,1,0.73,5,0.81,4.1,0.66,0,0.77,5,0.72,0,0,0,1,0,0,Discovery,Lead,47,0.73,1,Lost
DEAL-3125,OmniCommerce,Manufacturing,SMB,29100.0,2,23,2,2,2,3,1,1,1,0.65,3,0.44,19.0,0.8,1,0.23,4,0.61,1,0,1,1,0,0,Evaluation,Demo,17,0.8,0,Lost
DEAL-3126,Synthetix Labs,Education,Mid-Market,80500.0,9,24,2,7,2,3,1,1,1,0.43,3,0.86,12.8,0.16,1,0.21,5,0.76,1,1,1,0,1,5,Negotiation,Evaluation,51,0.39,0,Lost
DEAL-3127,NexGen Health,Education,Mid-Market,99600.0,2,34,0,2,1,0,1,1,0,0.13,3,0.19,1.0,0.71,-1,0.77,4,0.27,1,1,0,1,0,0,Evaluation,Demo,58,0.69,1,Lost
DEAL-3128,Everline Retail,Logistics,Startup,27600.0,12,14,0,7,2,0,1,1,1,0.65,3,0.23,1.1,0.43,1,0.79,3,0.2,0,1,0,1,0,0,Demo,Discovery,21,0.88,0,Progressed
DEAL-3129,NexGen Health,Logistics,Startup,35000.0,11,42,0,0,3,0,1,1,1,0.81,9,0.22,4.7,0.33,-1,0.7,4,0.95,1,0,0,1,1,32,Demo,Discovery,22,0.39,1,Lost
DEAL-3130,Cascade Security,Logistics,SMB,31800.0,4,22,0,4,1,2,1,0,1,0.58,2,0.66,3.7,0.6,1,0.75,3,0.94,0,1,1,1,0,0,Discovery,Lead,47,0.47,1,Lost
DEAL-3131,Veritas Analytics,Education,Mid-Market,134400.0,4,39,1,1,1,0,1,1,1,0.86,8,0.15,34.6,0.34,0,0.88,5,0.01,1,1,0,1,0,0,Evaluation,Demo,25,0.39,1,Progressed
DEAL-3132,Synthetix Labs,Healthcare,Mid-Market,111600.0,5,18,1,2,0,0,1,1,0,0.08,1,0.26,10.1,0.17,-1,0.24,5,0.22,0,1,0,0,1,30,Negotiation,Evaluation,60,0.33,1,Lost
DEAL-3133,Acuity Networks,Healthcare,Startup,19200.0,4,16,4,4,0,0,1,1,0,0.08,8,0.93,23.7,0.84,-1,0.82,1,0.53,0,0,0,0,1,33,Evaluation,Demo,16,0.36,1,Lost
DEAL-3134,Aegis Software,Technology,SMB,64600.0,14,9,3,4,3,0,1,0,0,0.09,9,0.8,66.8,0.32,1,0.76,4,0.18,1,0,0,0,0,0,Evaluation,Demo,26,0.82,1,Lost
DEAL-3135,Pulse Dynamics,Healthcare,SMB,59700.0,1,10,1,1,2,0,1,1,0,0.28,3,0.34,59.9,0.71,-1,0.22,2,0.28,0,1,0,0,0,0,Evaluation,Demo,37,0.32,1,Lost
DEAL-3136,Prime Packaging,Healthcare,SMB,63700.0,5,37,0,4,0,1,1,1,1,0.45,2,0.73,39.6,0.79,-1,0.43,1,0.72,0,1,1,1,1,16,Proposal,Negotiation,18,0.28,1,Progressed
DEAL-3137,NexGen Health,Education,Mid-Market,92200.0,13,44,3,6,2,0,1,1,1,0.47,6,0.52,1.7,0.5,-1,0.98,3,0.56,1,1,0,1,0,0,Evaluation,Demo,42,0.29,1,Lost
DEAL-3138,Frontier FinCorp,Healthcare,SMB,43300.0,2,40,1,1,1,0,1,1,1,0.5,8,0.37,24.2,0.66,0,0.49,4,1.0,1,0,0,1,1,15,Proposal,Negotiation,2,0.51,1,Progressed
DEAL-3139,Vector Mobility,Education,Startup,28400.0,4,31,0,1,3,0,0,0,0,0.26,6,0.57,10.6,0.77,0,0.33,4,0.22,0,0,0,1,1,32,Discovery,Lead,20,0.81,0,Lost
DEAL-3140,Vanguard Supply,Logistics,SMB,35000.0,7,31,1,6,1,1,1,1,1,0.57,3,0.88,40.4,0.54,0,0.83,4,0.76,0,1,1,1,0,0,Demo,Discovery,8,0.83,0,Lost
DEAL-3141,Kestrel Instruments,Education,SMB,34800.0,4,39,2,4,1,1,1,0,0,0.24,3,0.81,11.6,0.5,-1,0.94,5,0.93,0,0,1,1,0,0,Demo,Discovery,53,0.65,1,Lost
DEAL-3142,NexGen Health,Education,Startup,27000.0,11,29,3,8,3,1,1,1,1,0.83,1,0.76,6.5,0.41,-1,0.96,3,0.6,1,1,1,0,1,4,Proposal,Negotiation,19,0.58,1,Lost
DEAL-3143,Pulse Dynamics,Technology,Startup,20600.0,9,11,1,4,0,1,1,1,1,0.68,4,0.68,8.6,0.43,0,0.37,0,1.0,1,1,1,1,1,34,Proposal,Negotiation,39,0.39,1,Progressed
DEAL-3144,Pulse Dynamics,Manufacturing,Mid-Market,71700.0,1,22,1,1,1,2,1,1,0,0.1,1,0.18,28.6,0.38,1,0.73,5,0.59,1,1,1,1,0,0,Evaluation,Demo,21,0.59,1,Progressed
DEAL-3145,Apex Cloud Systems,Logistics,Mid-Market,121000.0,1,34,1,1,1,0,1,1,1,0.53,7,0.74,10.8,0.53,0,0.38,1,0.13,1,1,0,1,1,17,Proposal,Negotiation,27,0.53,0,Progressed
DEAL-3146,Beacon Robotics,Manufacturing,Startup,13300.0,9,14,4,4,3,3,1,0,1,0.86,3,0.15,15.2,0.91,1,0.57,3,0.85,0,1,1,1,0,0,Discovery,Lead,6,0.26,1,Lost
DEAL-3147,Frontier FinCorp,Retail,Mid-Market,101400.0,5,2,1,5,2,2,1,0,1,0.48,3,0.69,38.7,0.38,0,0.54,3,0.09,0,0,1,1,1,23,Discovery,Lead,10,0.97,1,Lost
DEAL-3148,Synthetix Labs,Technology,SMB,35900.0,13,33,1,4,0,3,1,0,1,0.82,5,0.17,27.6,0.59,-1,0.35,4,0.46,1,1,1,1,1,19,Proposal,Negotiation,13,0.54,0,Lost
DEAL-3149,Summit BioPharma,Education,SMB,52600.0,5,3,3,3,2,0,1,1,1,0.65,7,0.7,1.0,0.77,1,0.94,4,0.9,1,1,0,1,0,0,Evaluation,Demo,21,0.59,0,Progressed
DEAL-3150,Pulse Dynamics,Logistics,Startup,33500.0,1,5,1,1,0,0,1,1,1,0.43,3,0.16,1.4,0.65,-1,0.74,1,0.51,0,0,0,0,1,17,Negotiation,Evaluation,27,0.57,1,Progressed
DEAL-3151,Helix Diagnostics,Logistics,SMB,56700.0,2,9,2,2,0,0,1,1,1,0.88,5,0.23,22.6,0.83,1,0.81,2,0.33,0,0,0,0,0,0,Demo,Discovery,25,0.5,0,Progressed
DEAL-3152,Trident Tech,Education,Mid-Market,92400.0,14,38,1,7,0,1,1,1,1,0.62,8,0.27,2.0,0.9,1,0.77,0,1.0,0,0,1,1,0,0,Demo,Discovery,34,0.78,1,Lost
DEAL-3153,Cascade Security,Financial Services,Mid-Market,105300.0,10,42,4,4,0,0,1,1,1,0.47,3,0.33,3.8,0.8,-1,0.25,0,1.0,1,0,0,0,1,25,Negotiation,Evaluation,40,0.47,1,Progressed
DEAL-3154,Cascade Security,Retail,SMB,51900.0,1,12,0,0,2,1,1,1,1,0.42,4,0.92,58.0,0.57,0,0.46,4,0.21,1,1,1,1,1,4,Negotiation,Evaluation,52,0.78,0,Lost
DEAL-3155,Novus Capital,Retail,Mid-Market,138500.0,4,14,4,4,2,0,1,0,0,0.29,4,0.28,1.0,0.85,1,0.53,4,0.64,0,0,0,0,0,0,Discovery,Lead,18,0.76,0,Lost
DEAL-3156,OmniCommerce,Education,Mid-Market,157900.0,6,34,3,4,2,0,1,1,1,0.44,4,0.39,8.8,0.28,-1,0.25,5,0.4,1,0,0,1,0,0,Demo,Discovery,16,0.46,1,Lost
DEAL-3157,Everline Retail,Manufacturing,Enterprise,136100.0,4,5,1,3,2,0,1,0,1,0.73,3,0.35,62.5,0.51,1,0.75,3,0.05,1,1,0,0,0,0,Demo,Discovery,11,0.98,1,Progressed
DEAL-3158,Everline Retail,Education,SMB,49500.0,5,3,3,5,0,3,1,1,1,0.51,4,0.72,19.0,0.15,1,0.93,2,0.91,1,1,1,0,1,10,Negotiation,Evaluation,53,0.84,0,Progressed
DEAL-3159,Aegis Software,Healthcare,Startup,20500.0,5,42,2,5,1,0,1,0,1,0.96,8,0.28,51.8,0.38,-1,0.52,1,0.33,0,0,0,1,0,0,Discovery,Lead,15,0.62,0,Lost
DEAL-3160,Novus Capital,Manufacturing,SMB,44200.0,10,15,0,6,0,2,1,0,1,0.65,5,0.58,5.2,0.49,0,0.81,3,0.13,1,1,1,1,1,11,Discovery,Lead,43,0.52,1,Progressed
DEAL-3161,Everline Retail,Technology,Mid-Market,119700.0,6,13,0,3,0,3,0,0,0,0.22,6,0.64,4.4,0.73,-1,0.41,1,0.63,0,0,1,1,0,0,Discovery,Lead,23,0.33,1,Lost
DEAL-3162,Helix Diagnostics,Healthcare,SMB,56000.0,6,44,2,4,0,3,1,1,0,0.16,6,0.63,11.2,0.81,1,0.8,3,0.31,1,1,1,1,0,0,Evaluation,Demo,4,0.89,0,Lost
DEAL-3163,Helix Diagnostics,Education,SMB,69500.0,13,17,0,6,0,0,1,0,1,0.94,6,0.63,34.2,0.19,1,0.7,4,0.19,1,0,0,0,0,0,Discovery,Lead,11,0.33,1,Progressed
DEAL-3164,BrightPath Logistics,Manufacturing,Startup,12400.0,10,14,1,4,1,0,1,1,1,0.6,8,0.61,32.1,0.42,1,0.44,1,0.59,0,1,0,0,1,33,Negotiation,Evaluation,53,0.77,1,Progressed
DEAL-3165,Aegis Software,Logistics,Mid-Market,129000.0,5,5,3,4,2,2,1,0,0,0.2,2,0.22,21.8,0.8,0,0.43,5,0.02,1,1,1,1,1,35,Negotiation,Evaluation,19,0.45,0,Lost
DEAL-3166,Zenith Textiles,Retail,Startup,32000.0,8,43,4,8,1,0,1,1,1,0.59,2,0.71,6.2,0.64,0,0.21,3,0.06,1,1,0,1,0,0,Demo,Discovery,2,0.39,0,Lost
DEAL-3167,Zenith Textiles,Technology,Startup,20000.0,6,27,1,6,3,0,1,1,0,0.01,3,0.63,32.7,0.34,-1,0.91,3,0.43,1,1,0,1,0,0,Evaluation,Demo,14,0.64,1,Lost
DEAL-3168,BlueShift AI,Healthcare,Startup,35000.0,1,36,1,1,0,1,1,1,1,0.92,1,0.7,10.1,0.51,-1,0.25,0,1.0,1,1,1,0,1,15,Negotiation,Evaluation,34,0.48,1,Progressed
DEAL-3169,Apex Cloud Systems,Manufacturing,Mid-Market,106200.0,13,14,0,4,3,3,1,0,1,0.69,9,0.74,78.2,0.33,0,0.69,4,0.85,1,1,1,1,1,10,Negotiation,Evaluation,19,0.71,0,Lost
DEAL-3170,NexGen Health,Manufacturing,Enterprise,256000.0,12,10,4,6,1,2,0,0,0,0.0,7,0.21,10.4,0.46,1,0.7,2,0.59,0,0,1,1,1,27,Discovery,Lead,17,0.55,1,Lost
DEAL-3171,Skyward Aerospace,Financial Services,Startup,10300.0,14,27,4,5,0,0,1,1,1,0.7,2,0.27,57.7,0.41,-1,0.34,1,0.6,0,0,0,0,0,0,Demo,Discovery,19,0.89,0,Progressed
DEAL-3172,Trident Tech,Healthcare,Mid-Market,101600.0,7,9,3,4,0,1,1,1,0,0.01,1,0.5,40.1,0.39,0,0.9,0,1.0,0,1,1,1,1,14,Negotiation,Evaluation,5,0.97,1,Progressed
DEAL-3173,Prime Packaging,Retail,SMB,61100.0,13,14,3,10,3,1,1,1,1,0.92,3,0.54,10.0,0.39,1,0.26,5,0.64,1,1,1,1,1,30,Negotiation,Evaluation,60,0.88,1,Lost
DEAL-3174,Atlas Energy,Financial Services,Mid-Market,125900.0,14,32,0,4,3,0,1,0,0,0.25,6,0.47,10.8,0.22,-1,0.43,3,0.83,0,0,0,1,1,34,Discovery,Lead,28,0.28,0,Lost
DEAL-3175,BlueShift AI,Education,Startup,20400.0,7,22,3,6,2,0,1,1,1,0.41,5,0.24,37.9,0.76,1,0.22,3,0.46,1,0,0,1,1,16,Proposal,Negotiation,49,0.61,0,Lost
DEAL-3176,Apex Cloud Systems,Retail,Enterprise,212000.0,13,15,4,5,0,0,1,1,1,0.95,3,0.9,32.5,0.4,-1,0.49,1,0.31,0,0,0,1,0,0,Demo,Discovery,53,0.94,1,Progressed
DEAL-3177,Frontier FinCorp,Healthcare,SMB,67900.0,6,2,0,2,2,1,1,0,1,0.41,7,0.66,39.2,0.74,-1,0.49,4,0.57,1,1,1,1,0,0,Evaluation,Demo,52,0.63,1,Lost
DEAL-3178,Cascade Security,Healthcare,Startup,33600.0,14,31,0,2,0,3,1,0,1,0.63,1,0.28,1.3,0.57,1,0.93,0,1.0,0,0,1,0,0,0,Discovery,Lead,8,0.38,1,Progressed
DEAL-3179,Everline Retail,Education,Mid-Market,115200.0,13,23,2,5,1,0,1,0,1,0.58,9,0.33,12.3,0.88,0,0.79,2,0.59,1,0,0,1,1,28,Negotiation,Evaluation,53,0.88,1,Lost
DEAL-3180,Cobalt Freight,Financial Services,Mid-Market,86800.0,6,25,3,6,0,0,1,0,1,0.63,2,0.87,33.2,0.86,1,0.96,0,1.0,0,0,0,0,1,5,Discovery,Lead,8,0.48,1,Progressed
DEAL-3181,Beacon Robotics,Healthcare,Mid-Market,122300.0,14,6,2,9,1,3,1,1,1,0.82,3,0.52,10.6,0.53,1,0.75,3,0.01,0,1,1,1,0,0,Demo,Discovery,3,0.95,1,Lost
DEAL-3182,Kestrel Instruments,Education,Startup,20800.0,14,23,3,8,0,2,1,1,1,0.55,9,0.49,33.2,0.38,0,0.86,0,1.0,0,1,1,0,1,23,Proposal,Negotiation,39,0.76,1,Progressed
DEAL-3183,Kestrel Instruments,Education,Mid-Market,139500.0,4,35,0,2,0,2,1,1,1,0.97,3,0.57,18.9,0.41,0,0.27,1,0.86,1,1,1,0,1,32,Negotiation,Evaluation,47,0.73,0,Lost
DEAL-3184,Aegis Software,Education,SMB,44700.0,8,43,3,8,0,0,1,1,1,0.69,9,0.78,33.1,0.21,0,0.48,0,1.0,1,1,0,0,1,23,Proposal,Negotiation,60,0.42,0,Progressed
DEAL-3185,Kestrel Instruments,Retail,SMB,72500.0,14,18,2,2,1,1,1,0,0,0.11,3,0.5,15.8,0.47,0,0.92,3,0.21,1,0,1,0,1,34,Negotiation,Evaluation,5,0.37,0,Lost
DEAL-3186,Summit BioPharma,Retail,SMB,72300.0,13,8,0,0,3,0,1,1,1,0.49,8,0.25,54.8,0.44,0,0.66,5,0.81,1,1,0,1,1,17,Negotiation,Evaluation,32,0.72,1,Lost
DEAL-3187,Trident Tech,Technology,Enterprise,207800.0,7,1,3,4,1,0,1,0,1,0.79,6,0.88,17.9,0.57,-1,0.24,2,0.69,1,1,0,1,0,0,Evaluation,Demo,4,0.44,0,Progressed
DEAL-3188,Apex Cloud Systems,Education,Mid-Market,65200.0,13,24,2,9,0,3,1,1,0,0.04,1,0.22,14.2,0.66,-1,0.36,1,0.72,1,1,1,0,1,32,Negotiation,Evaluation,21,0.46,0,Lost
DEAL-3189,Synthetix Labs,Logistics,SMB,51200.0,8,41,0,1,2,0,1,1,1,0.68,3,0.34,3.2,0.35,1,0.47,3,0.6,1,1,0,1,1,27,Negotiation,Evaluation,41,0.42,1,Progressed
DEAL-3190,Frontier FinCorp,Financial Services,Mid-Market,70200.0,4,27,3,4,0,0,1,1,1,0.9,1,0.58,43.8,0.82,1,0.22,0,1.0,0,0,0,0,0,0,Demo,Discovery,50,0.32,1,Progressed
DEAL-3191,Summit BioPharma,Manufacturing,SMB,28600.0,5,25,0,5,0,2,1,1,1,0.41,8,0.6,19.2,0.81,-1,0.44,0,1.0,1,1,1,0,1,12,Proposal,Negotiation,11,0.46,0,Progressed
DEAL-3192,NexGen Health,Healthcare,SMB,34000.0,6,0,0,5,1,0,1,1,1,0.48,2,0.46,22.0,0.81,1,0.75,3,0.38,1,1,0,1,1,15,Proposal,Negotiation,32,0.97,1,Progressed
DEAL-3193,Beacon Robotics,Healthcare,Enterprise,134200.0,1,17,1,1,0,2,1,1,1,0.75,2,0.63,31.5,0.34,0,0.3,0,1.0,0,0,1,1,1,23,Negotiation,Evaluation,44,0.98,1,Lost
DEAL-3194,Prime Packaging,Healthcare,Startup,10900.0,9,24,2,2,1,2,1,1,0,0.2,6,0.79,25.1,0.6,1,0.69,1,0.59,0,1,1,1,0,0,Demo,Discovery,56,0.39,1,Lost
DEAL-3195,BrightPath Logistics,Education,SMB,56500.0,12,8,1,1,2,0,1,1,1,0.56,9,0.46,1.7,0.57,1,0.93,2,0.59,0,0,0,0,1,4,Proposal,Negotiation,33,0.37,1,Progressed
DEAL-3196,BrightPath Logistics,Financial Services,Startup,22200.0,1,35,1,1,0,3,1,0,1,0.46,6,0.33,21.8,0.55,0,0.55,2,0.91,1,1,1,1,1,28,Negotiation,Evaluation,34,0.4,1,Lost
DEAL-3197,Aegis Software,Manufacturing,SMB,40800.0,1,31,0,1,0,0,1,1,1,0.81,9,0.76,12.0,0.77,-1,0.9,0,1.0,1,1,0,0,1,28,Proposal,Negotiation,12,0.91,1,Progressed
DEAL-3198,BlueShift AI,Retail,Startup,32600.0,8,11,3,3,0,0,1,1,1,0.64,2,0.16,10.0,0.31,1,0.36,4,0.3,0,1,0,0,1,17,Demo,Discovery,11,0.39,1,Progressed
DEAL-3199,Kestrel Instruments,Manufacturing,Mid-Market,84800.0,2,43,0,2,1,0,1,0,0,0.25,2,0.33,48.9,0.51,1,0.62,1,0.93,1,1,0,0,1,15,Proposal,Negotiation,40,0.6,1,Lost
DEAL-3200,Skyward Aerospace,Retail,SMB,26100.0,10,0,0,7,0,0,1,1,1,0.66,1,0.64,45.1,0.51,0,0.32,4,0.19,1,1,0,0,1,30,Negotiation,Evaluation,41,0.43,1,Progressed
DEAL-3201,Vanguard Supply,Manufacturing,SMB,57200.0,13,44,0,5,0,0,1,1,1,0.52,5,0.18,4.8,0.44,1,0.71,2,0.01,1,1,0,1,1,29,Evaluation,Demo,19,0.96,0,Progressed
DEAL-3202,Solstice Media,Healthcare,Startup,24200.0,11,38,3,7,0,3,1,0,1,0.79,6,0.35,29.4,0.82,0,0.46,4,0.74,0,0,1,1,1,8,Negotiation,Evaluation,46,0.95,0,Lost
DEAL-3203,Skyward Aerospace,Technology,Mid-Market,75100.0,10,33,4,10,2,0,1,1,0,0.23,4,0.22,18.4,0.58,-1,0.83,5,0.68,0,1,0,1,0,0,Evaluation,Demo,51,0.9,1,Lost
DEAL-3204,Solstice Media,Technology,SMB,43800.0,14,36,1,4,0,0,1,0,1,0.89,1,0.24,5.7,0.65,1,0.95,2,0.97,1,1,0,1,0,0,Discovery,Lead,26,0.89,0,Progressed
DEAL-3205,BlueShift AI,Logistics,Enterprise,269700.0,5,31,1,5,2,2,1,1,1,0.51,9,0.67,1.0,0.58,-1,0.77,2,0.6,1,1,1,0,1,5,Proposal,Negotiation,3,0.96,1,Progressed
DEAL-3206,Acuity Networks,Logistics,SMB,70400.0,4,8,1,2,3,2,1,1,1,0.47,8,0.59,46.8,0.76,1,0.92,3,0.8,0,1,1,0,0,0,Evaluation,Demo,28,0.85,0,Lost
DEAL-3207,Vector Mobility,Technology,Mid-Market,132400.0,7,20,3,7,3,0,1,1,1,0.9,3,0.57,26.4,0.16,-1,0.94,4,0.3,1,0,0,1,0,0,Evaluation,Demo,25,0.61,0,Lost
DEAL-3208,Solstice Media,Healthcare,Startup,13100.0,10,14,0,0,0,2,1,0,1,0.68,2,0.67,30.5,0.59,1,0.35,1,0.69,1,0,1,1,0,0,Discovery,Lead,8,0.26,0,Lost
DEAL-3209,Acuity Networks,Logistics,Startup,27800.0,2,34,1,1,0,0,1,1,1,0.82,7,0.69,63.9,0.9,1,0.52,4,0.78,1,1,0,0,1,19,Proposal,Negotiation,8,0.5,1,Progressed
DEAL-3210,Prime Packaging,Healthcare,SMB,36800.0,2,32,2,2,0,1,1,1,0,0.05,9,0.4,1.3,0.46,-1,0.84,3,0.95,1,1,1,0,1,9,Proposal,Negotiation,31,0.42,1,Progressed
DEAL-3211,Everline Retail,Technology,Enterprise,160100.0,9,36,0,3,3,2,1,0,0,0.05,2,0.64,31.1,0.42,1,0.61,5,0.67,0,1,1,0,0,0,Discovery,Lead,54,0.45,1,Lost
DEAL-3212,OmniCommerce,Retail,SMB,50800.0,6,17,1,3,0,0,1,1,1,0.75,5,0.47,18.2,0.31,0,0.36,0,1.0,0,0,0,1,1,16,Negotiation,Evaluation,53,0.41,0,Lost
DEAL-3213,Helix Diagnostics,Healthcare,SMB,62200.0,14,2,0,2,0,2,1,1,0,0.23,2,0.22,19.9,0.6,-1,0.24,4,0.54,0,1,1,0,1,16,Proposal,Negotiation,53,0.74,1,Lost
DEAL-3214,Prime Packaging,Technology,Mid-Market,136700.0,4,40,3,4,1,2,1,1,0,0.11,4,0.84,11.5,0.42,0,0.53,1,0.46,1,1,1,1,1,1,Negotiation,Evaluation,47,0.37,1,Lost
DEAL-3215,BrightPath Logistics,Logistics,Startup,10900.0,4,23,4,4,1,0,1,1,1,0.9,5,0.2,23.0,0.39,1,0.98,2,0.01,1,0,0,1,1,30,Evaluation,Demo,8,0.84,1,Progressed
DEAL-3216,Frontier FinCorp,Manufacturing,SMB,68900.0,2,10,0,1,3,2,1,0,1,0.59,3,0.64,21.5,0.83,-1,0.69,3,0.16,0,0,1,1,0,0,Discovery,Lead,4,0.51,1,Lost
DEAL-3217,Coastal Foods Ltd,Financial Services,SMB,37800.0,3,1,1,3,0,1,1,0,1,0.67,9,0.53,5.1,0.37,1,0.76,1,0.04,0,0,1,0,1,33,Discovery,Lead,45,0.96,1,Progressed
DEAL-3218,Vanguard Supply,Financial Services,SMB,70500.0,10,23,1,6,0,0,1,1,1,0.87,6,0.66,22.1,0.63,0,0.29,2,0.42,0,0,0,1,0,0,Demo,Discovery,22,0.45,1,Progressed
DEAL-3219,Cascade Security,Manufacturing,SMB,45200.0,1,27,1,1,2,1,1,1,1,0.87,1,0.6,16.2,0.67,1,0.35,2,0.49,0,0,1,1,0,0,Evaluation,Demo,21,0.83,0,Lost
DEAL-3220,Trident Tech,Manufacturing,SMB,25300.0,6,45,1,5,1,0,1,0,1,0.55,7,0.73,17.6,0.83,1,0.63,3,0.91,0,1,0,0,1,17,Negotiation,Evaluation,24,0.95,1,Progressed
DEAL-3221,Skyward Aerospace,Technology,Startup,15500.0,10,21,0,3,0,3,1,1,1,0.53,1,0.27,5.3,0.23,-1,0.41,4,0.63,0,0,1,0,1,14,Demo,Discovery,29,0.47,0,Lost
DEAL-3222,Acuity Networks,Retail,Enterprise,329700.0,4,19,4,4,2,1,1,1,0,0.1,8,0.92,2.1,0.8,1,0.23,5,0.19,1,1,1,1,1,5,Negotiation,Evaluation,26,0.52,1,Lost
DEAL-3223,Skyward Aerospace,Technology,Mid-Market,115500.0,2,43,0,0,0,3,1,1,1,0.96,9,0.17,13.8,0.18,0,0.78,4,0.86,1,1,1,0,1,27,Proposal,Negotiation,33,0.83,1,Lost
DEAL-3224,Acuity Networks,Financial Services,Mid-Market,89800.0,4,12,0,3,0,0,1,1,0,0.27,2,0.68,7.8,0.53,0,0.67,2,0.36,1,1,0,0,0,0,Evaluation,Demo,4,0.28,1,Progressed
DEAL-3225,Pulse Dynamics,Financial Services,Enterprise,177100.0,6,13,3,4,0,0,1,1,0,0.27,4,0.68,19.6,0.43,0,0.65,0,1.0,1,0,0,1,0,0,Evaluation,Demo,48,0.36,1,Progressed
DEAL-3226,Beacon Robotics,Education,SMB,67300.0,8,14,4,8,0,0,1,1,1,0.6,9,0.22,61.4,0.69,0,0.86,0,1.0,1,0,0,0,0,0,Evaluation,Demo,46,0.93,1,Progressed
DEAL-3227,Synthetix Labs,Manufacturing,Mid-Market,129900.0,2,1,2,2,2,0,1,0,1,0.63,5,0.64,16.7,0.31,0,0.71,4,0.94,0,0,0,1,0,0,Discovery,Lead,42,0.6,1,Lost
DEAL-3228,Atlas Energy,Technology,Startup,29000.0,8,11,2,8,0,0,1,0,0,0.08,5,0.59,1.0,0.62,1,0.25,0,1.0,1,0,0,0,1,25,Evaluation,Demo,26,0.81,1,Progressed
DEAL-3229,Apex Cloud Systems,Manufacturing,Mid-Market,97000.0,13,30,4,11,2,3,1,0,0,0.15,9,0.38,15.5,0.22,1,0.34,2,0.15,1,1,1,1,0,0,Evaluation,Demo,21,0.83,1,Lost
DEAL-3230,Vector Mobility,Logistics,Startup,19700.0,2,27,0,2,1,1,1,1,1,0.79,9,0.65,1.0,0.84,1,0.7,3,0.69,1,1,1,0,1,23,Negotiation,Evaluation,35,0.72,0,Progressed
DEAL-3231,Cobalt Freight,Healthcare,Enterprise,168500.0,1,38,1,1,3,0,1,1,0,0.08,3,0.88,19.3,0.57,1,0.32,4,0.63,0,0,0,1,1,19,Demo,Discovery,56,0.29,1,Lost
DEAL-3232,Prime Packaging,Manufacturing,SMB,67600.0,10,7,1,2,2,0,0,0,1,0.47,3,0.73,2.1,0.9,1,0.61,4,0.94,0,0,0,1,0,0,Discovery,Lead,2,0.51,1,Progressed
DEAL-3233,Coastal Foods Ltd,Financial Services,Mid-Market,157900.0,4,9,1,3,0,0,0,0,1,0.81,3,0.41,86.2,0.35,1,0.82,0,1.0,0,1,0,0,1,6,Discovery,Lead,6,0.52,1,Progressed
DEAL-3234,Helix Diagnostics,Healthcare,Mid-Market,87800.0,1,30,0,0,2,1,1,1,0,0.28,8,0.44,6.5,0.88,1,0.47,2,0.12,1,0,1,1,1,17,Proposal,Negotiation,8,0.45,1,Lost
DEAL-3235,Cobalt Freight,Retail,SMB,51500.0,14,23,4,5,0,0,1,1,1,0.85,6,0.66,15.9,0.86,0,0.31,2,0.08,0,1,0,0,1,31,Negotiation,Evaluation,27,0.66,1,Progressed
DEAL-3236,NexGen Health,Healthcare,Mid-Market,72600.0,13,44,2,7,1,0,1,1,1,0.58,7,0.38,2.7,0.37,-1,0.63,2,0.86,0,0,0,1,1,18,Demo,Discovery,8,0.26,1,Lost
DEAL-3237,Zenith Textiles,Education,Enterprise,227200.0,10,25,0,0,3,0,1,1,1,0.65,2,0.33,43.6,0.23,0,0.22,4,0.52,1,1,0,1,1,28,Proposal,Negotiation,31,0.88,1,Lost
DEAL-3238,BrightPath Logistics,Retail,Enterprise,219700.0,1,43,1,1,1,0,1,1,1,0.47,7,0.59,16.9,0.17,1,0.98,1,0.47,1,1,0,1,1,6,Negotiation,Evaluation,53,0.86,1,Progressed
DEAL-3239,Zenith Textiles,Retail,SMB,54300.0,6,5,0,4,2,0,1,0,1,0.85,8,0.94,35.1,0.56,-1,0.41,4,0.12,1,1,0,1,1,30,Proposal,Negotiation,43,0.98,1,Lost
DEAL-3240,OmniCommerce,Retail,SMB,39500.0,3,12,0,1,2,0,1,1,1,0.76,7,0.62,3.0,0.41,-1,0.95,5,0.46,1,1,0,1,0,0,Evaluation,Demo,13,0.85,0,Progressed
DEAL-3241,Vanguard Supply,Logistics,Enterprise,160100.0,9,28,4,7,1,1,1,0,1,0.82,7,0.91,1.0,0.19,-1,0.65,1,0.14,0,1,1,1,1,23,Discovery,Lead,14,0.9,0,Lost
DEAL-3242,Acuity Networks,Healthcare,Startup,8100.0,10,35,2,5,2,1,1,1,1,0.48,1,0.5,7.3,0.51,0,0.89,2,0.5,0,1,1,1,0,0,Demo,Discovery,47,0.73,1,Lost
DEAL-3243,Synthetix Labs,Logistics,Enterprise,338100.0,13,45,4,7,3,0,1,0,1,0.73,9,0.25,13.1,0.49,-1,0.42,3,0.15,0,1,0,0,0,0,Discovery,Lead,47,0.68,1,Lost
DEAL-3244,Vector Mobility,Healthcare,SMB,55800.0,13,1,0,4,0,2,1,0,1,0.71,9,0.6,20.7,0.28,-1,0.65,3,0.77,1,1,1,0,1,11,Negotiation,Evaluation,11,0.67,1,Progressed
DEAL-3245,Trident Tech,Logistics,Startup,15200.0,4,5,0,1,2,2,1,0,0,0.06,7,0.53,20.3,0.81,-1,0.23,5,0.82,0,1,1,1,1,33,Proposal,Negotiation,38,0.39,1,Lost
DEAL-3246,Beacon Robotics,Technology,Startup,15500.0,1,29,0,1,2,0,1,1,0,0.1,5,0.43,2.7,0.76,1,0.3,2,0.89,1,1,0,1,1,7,Proposal,Negotiation,52,0.62,1,Lost
DEAL-3247,Prime Packaging,Manufacturing,SMB,59000.0,13,19,3,10,0,0,1,1,0,0.16,5,0.28,11.0,0.41,0,0.52,0,1.0,1,1,0,0,1,20,Evaluation,Demo,36,0.96,1,Progressed
DEAL-3248,Acuity Networks,Retail,Mid-Market,151200.0,5,22,0,0,0,0,1,0,1,0.49,5,0.71,81.3,0.91,1,0.28,0,1.0,1,0,0,1,0,0,Discovery,Lead,29,0.76,1,Progressed
DEAL-3249,Novus Capital,Healthcare,SMB,34100.0,7,35,2,7,2,1,1,0,0,0.24,2,0.79,84.2,0.86,-1,0.42,4,0.75,1,1,1,1,1,19,Demo,Discovery,48,0.41,0,Lost
DEAL-3250,Atlas Energy,Education,SMB,31200.0,8,11,2,8,1,0,1,1,1,0.72,8,0.18,29.0,0.85,0,0.41,1,0.28,0,0,0,1,0,0,Demo,Discovery,53,0.36,1,Progressed
DEAL-3251,Summit BioPharma,Manufacturing,Mid-Market,145300.0,2,16,0,0,0,0,0,0,1,0.85,4,0.92,8.1,0.66,0,0.67,0,1.0,0,0,0,0,0,0,Discovery,Lead,19,0.86,0,Progressed
DEAL-3252,Novus Capital,Healthcare,Mid-Market,74300.0,8,3,3,7,2,0,1,0,0,0.21,2,0.49,15.8,0.83,-1,0.82,4,0.82,1,1,0,1,1,24,Proposal,Negotiation,10,0.46,1,Progressed
DEAL-3253,Acuity Networks,Retail,Startup,21000.0,14,32,0,1,2,0,1,1,1,0.54,8,0.44,34.0,0.6,1,0.57,3,0.89,0,0,0,1,0,0,Demo,Discovery,48,0.45,1,Lost
DEAL-3254,Kestrel Instruments,Manufacturing,Enterprise,284300.0,4,19,4,4,2,0,1,1,1,0.82,5,0.88,62.1,0.31,0,0.81,3,0.74,1,1,0,0,1,8,Negotiation,Evaluation,60,0.37,0,Lost
DEAL-3255,Everline Retail,Technology,Startup,23400.0,4,20,4,4,0,0,1,0,1,0.73,7,0.44,1.4,0.74,0,0.65,5,0.54,0,0,0,0,1,3,Discovery,Lead,23,0.49,0,Progressed
DEAL-3256,Beacon Robotics,Healthcare,Mid-Market,69100.0,9,3,3,8,0,2,1,0,0,0.28,4,0.95,22.6,0.36,0,0.29,2,0.13,0,1,1,1,0,0,Discovery,Lead,59,0.92,1,Lost
DEAL-3257,Solstice Media,Financial Services,SMB,72200.0,13,6,1,2,0,0,1,1,1,0.76,6,0.61,19.0,0.28,0,0.25,0,1.0,1,0,0,0,0,0,Evaluation,Demo,23,0.76,1,Progressed
DEAL-3258,Zenith Textiles,Healthcare,Startup,9200.0,4,9,2,3,2,0,1,1,1,0.56,2,0.53,45.9,0.27,-1,0.71,2,0.12,1,1,0,1,1,27,Proposal,Negotiation,14,0.5,1,Lost
DEAL-3259,NexGen Health,Retail,Startup,21300.0,8,0,1,2,1,1,1,1,1,0.55,1,0.84,19.7,0.43,1,0.66,3,0.09,1,1,1,1,1,20,Evaluation,Demo,15,0.54,0,Lost
DEAL-3260,OmniCommerce,Logistics,SMB,59900.0,3,38,0,1,0,2,1,0,0,0.26,1,0.76,1.0,0.15,0,0.53,1,0.34,1,1,1,0,1,13,Negotiation,Evaluation,13,0.33,1,Lost
DEAL-3261,Coastal Foods Ltd,Technology,SMB,50800.0,4,43,1,3,2,0,1,1,0,0.19,2,0.85,79.6,0.42,1,0.22,5,0.39,0,0,0,1,0,0,Demo,Discovery,15,0.25,1,Lost
DEAL-3262,Novus Capital,Education,Mid-Market,68800.0,4,43,2,4,2,0,1,0,0,0.14,4,0.18,2.0,0.72,-1,0.58,2,0.67,1,0,0,1,1,7,Negotiation,Evaluation,41,0.34,1,Lost
DEAL-3263,Summit BioPharma,Education,Mid-Market,100400.0,3,44,3,3,1,0,1,1,0,0.15,2,0.68,27.6,0.29,0,0.35,4,0.9,0,1,0,1,0,0,Demo,Discovery,36,0.78,1,Lost
DEAL-3264,Apex Cloud Systems,Education,SMB,50600.0,13,22,3,8,0,0,1,1,0,0.17,8,0.38,3.2,0.5,-1,0.5,1,0.34,1,1,0,0,1,10,Proposal,Negotiation,50,0.65,0,Progressed
DEAL-3265,Novus Capital,Manufacturing,Enterprise,173300.0,6,2,3,6,1,1,1,0,1,0.74,4,0.68,20.9,0.78,1,0.5,1,0.2,1,1,1,1,1,31,Proposal,Negotiation,21,0.54,1,Progressed
DEAL-3266,Novus Capital,Financial Services,Mid-Market,107100.0,6,16,2,5,2,0,0,0,0,0.19,9,0.48,50.9,0.84,0,0.48,4,0.93,1,1,0,1,0,0,Discovery,Lead,57,0.39,1,Lost
DEAL-3267,Cascade Security,Education,Enterprise,149900.0,8,7,4,8,1,0,1,1,0,0.22,5,0.24,25.1,0.71,0,0.43,3,0.58,1,0,0,1,1,8,Proposal,Negotiation,7,0.75,1,Progressed
DEAL-3268,Cobalt Freight,Education,Mid-Market,115700.0,4,5,4,4,0,0,1,0,0,0.26,3,0.7,3.4,0.55,1,0.4,3,0.64,0,0,0,0,0,0,Discovery,Lead,32,0.79,0,Progressed
DEAL-3269,Beacon Robotics,Education,Enterprise,250000.0,2,10,0,2,0,2,1,1,1,0.93,8,0.89,8.9,0.89,1,0.78,0,1.0,0,1,1,0,1,30,Negotiation,Evaluation,59,0.54,1,Progressed
DEAL-3270,Helix Diagnostics,Logistics,Startup,8600.0,13,32,1,2,2,3,1,1,1,0.61,2,0.77,8.6,0.9,1,0.69,4,0.08,1,1,1,1,0,0,Demo,Discovery,2,0.58,0,Lost
DEAL-3271,Frontier FinCorp,Manufacturing,SMB,48300.0,4,23,4,4,0,0,1,1,1,0.96,6,0.28,4.9,0.28,-1,0.68,0,1.0,1,1,0,0,1,21,Proposal,Negotiation,44,0.61,1,Progressed
DEAL-3272,Synthetix Labs,Manufacturing,Startup,30700.0,6,18,4,6,1,2,1,1,1,0.74,3,0.63,6.1,0.66,1,0.64,1,0.68,1,1,1,0,1,5,Negotiation,Evaluation,13,0.58,1,Progressed
DEAL-3273,Veritas Analytics,Education,Mid-Market,156600.0,6,30,3,4,2,1,1,1,1,0.47,7,0.25,23.0,0.82,1,0.53,3,0.8,0,1,1,0,0,0,Demo,Discovery,40,0.88,1,Lost
DEAL-3274,Vector Mobility,Financial Services,SMB,60300.0,3,24,3,3,3,0,1,1,1,0.59,2,0.58,15.2,0.57,0,0.63,4,0.39,0,1,0,1,1,6,Negotiation,Evaluation,23,0.39,0,Lost
DEAL-3275,Frontier FinCorp,Education,SMB,64800.0,3,33,3,3,2,0,1,0,1,0.79,8,0.36,3.8,0.16,-1,0.67,2,1.0,1,0,0,1,0,0,Demo,Discovery,25,0.29,1,Lost
DEAL-3276,Pulse Dynamics,Education,SMB,45900.0,2,20,1,2,0,0,1,1,0,0.04,8,0.6,35.2,0.67,-1,0.24,0,1.0,0,1,0,0,0,0,Evaluation,Demo,13,0.52,0,Lost
DEAL-3277,Aegis Software,Retail,Mid-Market,92300.0,11,7,2,4,0,2,1,1,1,0.55,1,0.82,13.3,0.57,0,0.22,3,0.9,1,1,1,0,0,0,Demo,Discovery,58,0.84,1,Progressed
DEAL-3278,Beacon Robotics,Technology,SMB,25500.0,1,21,0,1,0,2,1,1,0,0.17,5,0.17,1.0,0.69,-1,0.71,0,1.0,0,1,1,1,0,0,Evaluation,Demo,3,0.79,0,Lost
DEAL-3279,Cobalt Freight,Healthcare,Mid-Market,146400.0,7,6,2,7,1,0,1,1,1,0.44,5,0.21,14.2,0.83,-1,0.31,4,0.87,0,0,0,1,0,0,Demo,Discovery,11,0.79,0,Progressed
DEAL-3280,Summit BioPharma,Education,Enterprise,269500.0,10,26,4,9,1,2,1,1,0,0.27,5,0.41,2.2,0.46,1,0.86,4,0.88,1,1,1,1,1,7,Negotiation,Evaluation,3,0.57,0,Lost
DEAL-3281,Helix Diagnostics,Healthcare,SMB,37600.0,5,41,4,5,0,1,1,0,1,0.72,6,0.51,18.6,0.79,0,0.4,0,1.0,1,1,1,1,1,20,Proposal,Negotiation,15,0.73,1,Progressed
DEAL-3282,Synthetix Labs,Manufacturing,Enterprise,127300.0,11,9,4,10,0,2,0,0,0,0.07,7,0.82,42.5,0.92,-1,0.6,4,0.7,0,0,1,0,0,0,Discovery,Lead,55,0.83,1,Lost
DEAL-3283,Helix Diagnostics,Manufacturing,SMB,64400.0,5,20,1,5,2,1,1,1,1,0.93,2,0.6,3.4,0.75,-1,0.95,4,0.36,0,1,1,1,1,5,Demo,Discovery,24,0.31,1,Lost
DEAL-3284,Frontier FinCorp,Technology,SMB,46700.0,11,0,0,0,1,0,1,1,1,0.96,8,0.66,10.8,0.38,-1,0.44,3,0.16,1,1,0,1,1,13,Proposal,Negotiation,34,0.59,0,Progressed
DEAL-3285,Aegis Software,Manufacturing,SMB,42800.0,9,35,0,0,3,0,1,0,1,0.94,2,0.62,66.8,0.91,1,0.23,3,0.25,1,1,0,1,1,13,Negotiation,Evaluation,14,0.58,1,Lost
DEAL-3286,Skyward Aerospace,Manufacturing,Enterprise,253500.0,4,21,4,4,1,0,1,0,1,0.76,5,0.18,29.0,0.17,0,0.92,3,0.23,1,1,0,1,0,0,Discovery,Lead,46,0.57,0,Lost
DEAL-3287,Cascade Security,Financial Services,Startup,28400.0,12,3,3,9,0,2,1,0,1,0.93,6,0.58,34.8,0.64,1,0.56,2,0.37,0,1,1,0,1,9,Discovery,Lead,22,0.82,1,Progressed
DEAL-3288,Vanguard Supply,Financial Services,SMB,26500.0,14,31,0,2,3,0,1,1,1,0.86,3,0.32,1.6,0.17,0,0.29,3,0.18,1,1,0,1,1,12,Proposal,Negotiation,42,0.37,1,Lost
DEAL-3289,Vanguard Supply,Healthcare,SMB,68500.0,11,16,1,7,1,0,1,1,0,0.0,7,0.95,11.8,0.56,0,0.93,4,0.98,1,1,0,0,1,18,Proposal,Negotiation,22,0.97,0,Progressed
DEAL-3290,Everline Retail,Retail,Mid-Market,159600.0,5,44,4,5,2,0,1,1,1,0.56,7,0.28,97.7,0.17,0,0.73,5,1.0,1,1,0,1,1,25,Negotiation,Evaluation,18,0.81,1,Lost
DEAL-3291,Trident Tech,Education,Startup,9500.0,1,14,0,1,0,3,1,1,1,0.66,3,0.24,24.7,0.73,-1,0.53,3,0.37,1,1,1,0,1,1,Proposal,Negotiation,3,0.9,1,Progressed
DEAL-3292,Novus Capital,Financial Services,Mid-Market,69700.0,8,3,4,4,1,2,1,0,0,0.02,6,0.34,13.7,0.89,1,0.93,3,0.15,1,1,1,1,1,15,Negotiation,Evaluation,53,0.58,0,Lost
DEAL-3293,Solstice Media,Education,SMB,73000.0,7,3,0,5,1,0,1,0,1,0.59,5,0.61,48.9,0.7,1,0.5,3,0.96,0,1,0,1,0,0,Discovery,Lead,4,0.3,0,Lost
DEAL-3294,Everline Retail,Financial Services,SMB,28000.0,10,27,4,7,1,3,1,1,1,0.85,5,0.58,33.9,0.82,0,0.56,1,0.55,1,1,1,1,1,20,Negotiation,Evaluation,10,0.43,1,Lost
DEAL-3295,Pulse Dynamics,Retail,Enterprise,345000.0,11,25,4,5,1,0,1,1,1,0.75,4,0.16,12.0,0.58,-1,0.93,3,0.92,1,0,0,0,0,0,Evaluation,Demo,17,0.62,1,Progressed
DEAL-3296,BrightPath Logistics,Financial Services,SMB,50400.0,2,24,0,2,0,3,1,1,1,0.71,6,0.3,32.5,0.48,0,0.8,0,1.0,1,0,1,0,1,30,Proposal,Negotiation,14,0.47,0,Progressed
DEAL-3297,OmniCommerce,Healthcare,SMB,28700.0,6,4,2,3,1,0,1,0,1,0.7,2,0.25,6.2,0.2,1,0.32,5,0.79,1,1,0,0,1,11,Negotiation,Evaluation,58,0.37,1,Progressed
DEAL-3298,Kestrel Instruments,Financial Services,SMB,55100.0,12,22,3,6,0,0,1,1,1,0.95,5,0.66,15.4,0.17,1,0.87,0,1.0,1,1,0,0,1,1,Negotiation,Evaluation,49,0.52,0,Progressed
DEAL-3299,BlueShift AI,Manufacturing,SMB,59700.0,4,15,0,4,1,2,1,1,0,0.05,3,0.81,4.4,0.4,1,0.75,1,1.0,0,0,1,1,1,21,Proposal,Negotiation,57,0.85,1,Lost
DEAL-3300,Acuity Networks,Education,Startup,13700.0,4,41,1,1,1,1,1,0,1,0.92,2,0.21,1.4,0.67,1,0.39,1,0.47,1,1,1,0,1,12,Evaluation,Demo,29,0.35,1,Lost
DEAL-3301,Apex Cloud Systems,Technology,Mid-Market,67700.0,9,37,0,3,0,2,1,0,1,0.91,4,0.19,21.0,0.65,-1,0.35,4,0.63,1,0,1,0,1,33,Discovery,Lead,34,0.85,0,Lost
DEAL-3302,Atlas Energy,Retail,Mid-Market,126400.0,9,40,0,1,0,0,1,0,0,0.3,9,0.49,13.0,0.91,-1,0.89,5,0.36,1,1,0,1,1,28,Evaluation,Demo,17,0.52,1,Progressed
DEAL-3303,Cobalt Freight,Retail,SMB,53400.0,3,17,2,3,1,0,1,0,0,0.17,7,0.37,29.0,0.36,1,0.77,1,0.03,0,1,0,1,1,17,Evaluation,Demo,19,0.83,1,Lost
DEAL-3304,Beacon Robotics,Technology,Startup,20500.0,9,36,4,7,0,0,1,1,1,0.46,7,0.44,1.0,0.54,0,0.73,0,1.0,0,1,0,1,1,18,Negotiation,Evaluation,14,0.78,0,Lost
DEAL-3305,Acuity Networks,Retail,SMB,69200.0,4,41,1,4,2,0,1,1,1,0.43,2,0.21,28.2,0.51,1,0.49,5,0.31,0,1,0,1,0,0,Demo,Discovery,15,0.85,1,Lost
DEAL-3306,Kestrel Instruments,Logistics,SMB,31100.0,8,2,3,4,2,0,1,0,1,0.5,4,0.81,11.0,0.41,1,0.53,2,0.33,0,1,0,1,1,2,Discovery,Lead,18,0.53,1,Lost
DEAL-3307,Trident Tech,Manufacturing,Startup,8500.0,12,17,4,8,1,0,1,1,1,0.82,2,0.58,92.8,0.53,0,0.54,3,0.43,1,1,0,0,1,33,Proposal,Negotiation,44,0.48,1,Progressed
DEAL-3308,Prime Packaging,Healthcare,Mid-Market,64700.0,7,22,4,4,1,0,1,1,0,0.29,4,0.31,57.8,0.87,1,0.75,2,0.34,1,1,0,0,1,19,Negotiation,Evaluation,31,0.59,1,Lost
DEAL-3309,Pulse Dynamics,Logistics,Startup,28700.0,12,8,3,7,2,0,1,1,1,0.61,5,0.17,30.3,0.26,-1,0.84,2,0.52,1,1,0,0,1,29,Proposal,Negotiation,29,0.29,1,Progressed
DEAL-3310,Kestrel Instruments,Financial Services,Mid-Market,122700.0,6,30,3,6,1,0,1,1,1,0.62,5,0.26,47.9,0.73,-1,0.27,4,0.47,1,1,0,1,1,19,Proposal,Negotiation,20,0.56,1,Progressed
DEAL-3311,Kestrel Instruments,Logistics,SMB,37800.0,9,4,4,6,1,2,1,1,1,0.86,2,0.77,14.7,0.73,1,0.41,4,0.47,0,1,1,1,1,7,Negotiation,Evaluation,7,0.38,1,Lost
DEAL-3312,OmniCommerce,Education,SMB,56800.0,13,12,2,6,0,3,1,1,1,0.58,8,0.3,81.7,0.35,1,0.78,1,0.88,1,1,1,0,1,13,Negotiation,Evaluation,16,0.69,1,Progressed
DEAL-3313,Cascade Security,Technology,Mid-Market,132400.0,6,22,2,6,2,0,1,0,0,0.21,8,0.51,28.7,0.69,-1,0.41,5,0.92,1,0,0,1,0,0,Demo,Discovery,55,0.33,0,Lost
DEAL-3314,Atlas Energy,Education,Enterprise,342700.0,7,15,1,7,3,0,1,1,1,0.82,9,0.38,19.1,0.8,0,0.32,5,0.59,0,1,0,1,1,27,Negotiation,Evaluation,22,0.85,1,Lost
DEAL-3315,BlueShift AI,Logistics,SMB,35200.0,10,36,1,8,1,0,1,1,1,0.81,8,0.62,13.0,0.61,1,0.86,5,0.81,1,1,0,1,1,16,Proposal,Negotiation,45,0.61,1,Progressed
DEAL-3316,Zenith Textiles,Technology,Enterprise,163500.0,3,17,0,1,1,1,0,0,1,0.81,7,0.36,42.0,0.45,0,0.88,3,0.73,1,1,1,1,0,0,Discovery,Lead,41,0.94,1,Lost
DEAL-3317,Cobalt Freight,Logistics,SMB,51000.0,11,18,4,4,1,0,1,1,1,0.5,1,0.25,19.6,0.92,1,0.32,1,0.87,0,1,0,0,0,0,Evaluation,Demo,38,0.47,1,Progressed
DEAL-3318,Pulse Dynamics,Logistics,SMB,70900.0,11,17,4,6,0,0,1,1,1,0.85,7,0.64,15.2,0.47,0,0.37,2,0.63,1,0,0,0,1,6,Proposal,Negotiation,37,0.76,1,Progressed
DEAL-3319,Solstice Media,Education,SMB,52200.0,1,21,1,1,0,0,1,0,1,0.53,2,0.34,46.8,0.8,-1,0.56,0,1.0,0,1,0,0,1,10,Demo,Discovery,60,0.9,1,Lost
DEAL-3320,Pulse Dynamics,Financial Services,Enterprise,203300.0,6,2,3,6,1,1,1,0,1,0.84,1,0.7,3.3,0.71,-1,0.71,2,0.68,1,1,1,0,1,32,Proposal,Negotiation,14,0.84,0,Progressed
DEAL-3321,Everline Retail,Financial Services,Startup,14900.0,13,24,2,3,2,0,1,0,1,0.7,3,0.29,8.5,0.24,1,0.76,5,0.06,0,1,0,1,1,8,Evaluation,Demo,55,0.37,0,Lost
DEAL-3322,Atlas Energy,Logistics,Mid-Market,152600.0,9,20,4,5,0,3,1,1,0,0.05,2,0.72,6.2,0.75,1,0.27,0,1.0,1,1,1,0,0,0,Evaluation,Demo,13,0.88,1,Progressed
DEAL-3323,Trident Tech,Logistics,Mid-Market,141300.0,14,42,4,5,0,0,1,1,1,0.89,5,0.7,4.4,0.24,1,0.57,4,0.49,1,1,0,1,1,7,Evaluation,Demo,43,0.7,0,Progressed
DEAL-3324,Vanguard Supply,Education,Enterprise,288300.0,14,27,3,3,2,0,0,0,1,0.4,5,0.69,10.1,0.84,1,0.61,3,0.66,0,1,0,1,0,0,Discovery,Lead,44,0.85,0,Lost
DEAL-3325,NexGen Health,Logistics,SMB,46700.0,6,9,4,5,3,0,1,0,1,0.82,3,0.19,106.4,0.92,0,0.5,5,0.62,1,1,0,1,1,10,Proposal,Negotiation,31,0.55,1,Lost
DEAL-3326,Kestrel Instruments,Financial Services,SMB,38600.0,1,6,0,0,0,0,1,1,0,0.19,3,0.4,53.2,0.64,0,0.83,1,0.4,1,1,0,0,0,0,Evaluation,Demo,38,0.59,0,Progressed
DEAL-3327,NexGen Health,Education,Startup,26100.0,3,44,1,3,1,0,1,1,1,0.65,7,0.78,14.8,0.55,0,0.45,2,0.75,0,1,0,1,0,0,Evaluation,Demo,4,0.29,0,Lost
DEAL-3328,Solstice Media,Education,Mid-Market,121000.0,3,45,3,3,0,1,1,1,0,0.2,7,0.39,4.9,0.75,1,0.27,4,0.17,0,1,1,0,0,0,Evaluation,Demo,59,0.61,1,Lost
DEAL-3329,Zenith Textiles,Financial Services,Mid-Market,101700.0,8,32,4,7,2,2,1,0,1,0.93,1,0.55,1.0,0.68,-1,0.7,2,0.52,0,0,1,1,0,0,Demo,Discovery,9,0.55,1,Lost
DEAL-3330,Synthetix Labs,Manufacturing,Startup,30000.0,12,16,1,6,0,0,1,0,1,0.79,5,0.84,22.3,0.69,1,0.64,1,0.59,0,1,0,0,1,14,Discovery,Lead,18,0.91,0,Progressed
DEAL-3331,Everline Retail,Education,SMB,59800.0,14,18,4,8,3,0,1,0,1,0.54,6,0.68,13.4,0.84,0,0.32,4,0.74,1,1,0,1,0,0,Evaluation,Demo,60,0.95,1,Lost
DEAL-3332,Trident Tech,Retail,SMB,58700.0,12,18,0,6,0,0,1,1,1,0.44,6,0.73,18.4,0.58,-1,0.47,0,1.0,0,0,0,0,1,25,Demo,Discovery,36,0.37,1,Progressed
DEAL-3333,Synthetix Labs,Manufacturing,SMB,69500.0,7,14,0,0,2,3,1,1,0,0.26,1,0.21,15.6,0.46,0,0.21,5,0.84,1,0,1,1,1,29,Evaluation,Demo,54,0.74,1,Lost
DEAL-3334,Solstice Media,Financial Services,Enterprise,153500.0,9,12,4,9,3,2,1,1,1,0.55,2,0.68,53.8,0.24,0,0.92,5,0.75,0,0,1,0,0,0,Demo,Discovery,25,0.52,0,Lost
DEAL-3335,Everline Retail,Technology,Startup,23400.0,7,29,4,7,1,0,1,1,1,0.56,7,0.89,9.8,0.32,0,0.36,1,0.08,1,0,0,1,1,29,Proposal,Negotiation,16,0.69,1,Progressed
DEAL-3336,Trident Tech,Technology,SMB,35800.0,12,15,3,3,0,3,1,0,1,0.95,8,0.46,78.5,0.68,0,0.37,2,0.2,1,0,1,1,1,24,Discovery,Lead,5,0.8,1,Lost
DEAL-3337,Veritas Analytics,Logistics,Enterprise,264400.0,11,3,3,4,2,1,1,1,0,0.24,8,0.45,17.1,0.89,1,0.95,3,0.43,1,1,1,0,1,19,Proposal,Negotiation,56,0.88,0,Lost
DEAL-3338,Aegis Software,Retail,SMB,32200.0,2,39,2,2,0,2,0,0,1,0.95,7,0.49,76.6,0.33,1,0.24,0,1.0,1,1,1,1,0,0,Discovery,Lead,31,0.93,1,Lost
DEAL-3339,OmniCommerce,Retail,SMB,72100.0,8,44,3,8,1,0,1,1,1,0.67,2,0.48,3.7,0.17,-1,0.32,5,0.82,1,1,0,1,0,0,Evaluation,Demo,46,0.33,1,Lost
DEAL-3340,Vanguard Supply,Logistics,SMB,74200.0,8,27,2,4,0,0,1,1,1,0.44,6,0.88,7.9,0.52,-1,0.95,4,0.49,1,1,0,0,1,27,Negotiation,Evaluation,8,0.43,1,Progressed
DEAL-3341,Zenith Textiles,Manufacturing,Startup,14700.0,14,42,0,5,2,1,1,0,1,0.62,7,0.6,12.5,0.68,0,0.98,4,0.42,0,0,1,1,1,29,Discovery,Lead,40,0.66,1,Lost
DEAL-3342,Cascade Security,Retail,Startup,26700.0,13,1,2,2,1,0,1,1,1,0.44,7,0.66,4.0,0.91,-1,0.36,1,0.28,1,1,0,1,1,1,Evaluation,Demo,51,0.25,0,Progressed
DEAL-3343,Cascade Security,Education,Startup,23200.0,1,20,1,1,3,0,1,1,1,0.71,5,0.78,13.9,0.8,-1,0.43,4,0.07,1,1,0,1,1,15,Proposal,Negotiation,35,0.69,0,Lost
DEAL-3344,Trident Tech,Education,Enterprise,180500.0,5,21,4,5,0,3,1,1,1,0.93,4,0.67,9.1,0.89,1,0.78,3,0.77,1,1,1,1,1,24,Proposal,Negotiation,3,0.49,1,Progressed
DEAL-3345,BlueShift AI,Retail,Startup,13800.0,6,7,1,5,2,2,0,0,1,0.74,4,0.85,2.2,0.9,-1,0.35,4,0.4,0,1,1,1,1,4,Discovery,Lead,28,0.94,1,Lost
DEAL-3346,Solstice Media,Logistics,Startup,27000.0,5,13,0,3,0,0,1,0,1,0.63,2,0.83,20.3,0.35,-1,0.39,0,1.0,1,0,0,0,1,15,Demo,Discovery,41,0.96,1,Progressed
DEAL-3347,Acuity Networks,Technology,SMB,34300.0,10,28,1,8,0,0,1,0,1,0.58,6,0.85,57.7,0.33,-1,0.73,3,0.48,1,1,0,0,0,0,Discovery,Lead,11,0.29,1,Progressed
DEAL-3348,Vanguard Supply,Healthcare,Mid-Market,92300.0,13,37,1,5,1,1,1,1,1,0.64,2,0.9,7.1,0.43,1,0.7,1,0.02,1,0,1,0,0,0,Evaluation,Demo,43,0.57,0,Lost
DEAL-3349,BlueShift AI,Retail,Startup,21600.0,8,14,0,1,0,0,1,1,0,0.22,5,0.93,14.3,0.18,-1,0.6,5,0.27,1,1,0,0,1,5,Negotiation,Evaluation,40,0.7,1,Progressed
DEAL-3350,Cascade Security,Logistics,SMB,36100.0,3,4,0,2,3,0,1,1,1,0.71,4,0.31,120.0,0.77,1,0.96,3,0.93,0,0,0,1,1,14,Demo,Discovery,42,0.54,1,Lost
DEAL-3351,Pulse Dynamics,Financial Services,Enterprise,302900.0,5,27,2,3,1,0,1,1,1,0.89,6,0.69,8.1,0.17,0,0.9,2,0.16,1,1,0,1,1,17,Proposal,Negotiation,44,0.81,0,Progressed
DEAL-3352,Coastal Foods Ltd,Financial Services,SMB,67900.0,1,22,1,1,0,0,1,1,1,0.74,4,0.16,12.5,0.24,0,0.84,0,1.0,1,1,0,1,1,24,Proposal,Negotiation,43,0.92,1,Progressed
DEAL-3353,Cobalt Freight,Education,Mid-Market,102400.0,1,1,1,1,2,3,1,1,0,0.29,6,0.38,4.4,0.79,1,0.88,2,0.2,1,1,1,1,1,15,Negotiation,Evaluation,4,0.68,0,Progressed
DEAL-3354,Kestrel Instruments,Logistics,Startup,35000.0,7,31,4,4,0,0,1,1,1,0.66,9,0.2,6.2,0.64,1,0.44,1,0.37,0,1,0,0,0,0,Evaluation,Demo,51,0.51,1,Progressed
DEAL-3355,Everline Retail,Logistics,SMB,35100.0,13,45,0,5,3,0,1,1,1,0.63,5,0.79,18.8,0.2,0,0.86,5,0.06,1,1,0,1,1,20,Proposal,Negotiation,58,0.53,1,Lost
DEAL-3356,Aegis Software,Logistics,Mid-Market,63000.0,7,26,1,3,3,0,1,0,0,0.07,1,0.29,111.2,0.74,1,0.73,4,0.34,1,0,0,1,1,28,Negotiation,Evaluation,59,0.95,1,Lost
DEAL-3357,Zenith Textiles,Healthcare,Enterprise,319000.0,2,40,2,2,2,0,1,1,0,0.11,5,0.54,22.7,0.6,1,0.87,2,0.71,0,1,0,1,0,0,Demo,Discovery,19,0.47,0,Lost
DEAL-3358,Novus Capital,Retail,Enterprise,301600.0,14,34,4,4,1,0,1,1,1,0.42,7,0.16,4.5,0.28,-1,0.74,2,0.71,1,1,0,0,1,32,Proposal,Negotiation,11,0.63,1,Progressed
DEAL-3359,Beacon Robotics,Logistics,Mid-Market,69800.0,7,8,2,7,0,0,1,1,1,0.95,9,0.44,11.6,0.24,1,0.91,3,0.38,1,1,0,0,1,26,Proposal,Negotiation,55,0.58,0,Progressed
DEAL-3360,Novus Capital,Retail,SMB,44700.0,13,7,0,1,1,3,1,1,1,0.56,5,0.18,36.5,0.25,1,0.76,4,0.33,1,1,1,0,1,24,Proposal,Negotiation,12,0.28,1,Lost
DEAL-3361,Coastal Foods Ltd,Education,Enterprise,297800.0,13,20,4,8,1,0,1,0,1,0.61,5,0.89,15.9,0.29,0,0.5,2,0.45,0,0,0,1,0,0,Demo,Discovery,56,0.6,0,Lost
DEAL-3362,Helix Diagnostics,Healthcare,Mid-Market,142600.0,11,19,0,3,0,0,1,0,1,0.96,5,0.82,10.0,0.55,1,0.7,4,0.77,0,0,0,0,0,0,Demo,Discovery,33,0.48,1,Progressed
DEAL-3363,Atlas Energy,Healthcare,Startup,20900.0,11,32,3,7,0,2,1,1,1,0.73,7,0.21,39.9,0.28,0,0.32,3,0.04,0,1,1,0,1,5,Evaluation,Demo,47,0.91,1,Lost
DEAL-3364,Kestrel Instruments,Healthcare,Enterprise,201100.0,3,16,2,3,3,0,1,1,1,0.95,1,0.49,16.9,0.86,0,0.49,5,0.78,1,1,0,0,1,24,Negotiation,Evaluation,28,0.56,1,Progressed
DEAL-3365,Frontier FinCorp,Retail,Mid-Market,95300.0,9,33,1,6,2,3,1,1,0,0.03,2,0.53,7.3,0.74,1,0.74,2,0.64,1,1,1,1,1,33,Negotiation,Evaluation,37,0.96,1,Lost
DEAL-3366,Kestrel Instruments,Manufacturing,Enterprise,236100.0,2,23,2,2,1,1,1,0,0,0.07,4,0.52,81.8,0.36,1,0.71,2,0.08,1,0,1,0,1,5,Discovery,Lead,35,0.3,1,Lost
DEAL-3367,Aegis Software,Manufacturing,Startup,25700.0,7,33,2,2,0,0,1,0,1,0.92,7,0.95,20.3,0.82,0,0.53,0,1.0,1,1,0,0,0,0,Discovery,Lead,14,0.4,1,Progressed
DEAL-3368,Summit BioPharma,Retail,Enterprise,217400.0,4,7,2,4,1,1,1,0,0,0.01,6,0.86,21.0,0.85,1,0.91,4,0.4,0,0,1,1,0,0,Discovery,Lead,7,0.37,1,Lost
DEAL-3369,Vanguard Supply,Logistics,SMB,50000.0,4,1,1,4,1,0,1,1,1,0.46,9,0.16,30.4,0.24,0,0.74,1,0.59,0,1,0,1,1,19,Proposal,Negotiation,27,0.65,1,Progressed
DEAL-3370,Cascade Security,Education,Mid-Market,150100.0,5,21,4,4,0,2,1,1,0,0.06,2,0.78,14.7,0.26,-1,0.63,1,0.7,1,1,1,0,1,24,Proposal,Negotiation,35,0.37,1,Lost
DEAL-3371,Trident Tech,Education,SMB,64900.0,6,44,2,5,0,0,1,0,0,0.06,1,0.8,12.0,0.18,-1,0.77,4,0.28,1,1,0,0,0,0,Evaluation,Demo,24,0.47,1,Lost
DEAL-3372,Acuity Networks,Retail,Mid-Market,134000.0,12,24,0,0,1,3,1,1,0,0.3,6,0.55,81.7,0.37,0,0.87,1,0.21,1,0,1,0,1,8,Evaluation,Demo,55,0.42,0,Lost
DEAL-3373,NexGen Health,Retail,Enterprise,192300.0,2,18,2,2,2,0,1,1,1,0.43,2,0.77,76.2,0.91,1,0.83,2,0.93,0,0,0,1,0,0,Demo,Discovery,28,0.53,1,Lost
DEAL-3374,Kestrel Instruments,Logistics,Mid-Market,62200.0,7,42,2,2,3,0,1,0,1,0.72,7,0.82,54.2,0.58,-1,0.53,3,0.61,0,0,0,1,0,0,Discovery,Lead,15,0.41,1,Lost
DEAL-3375,Everline Retail,Financial Services,Enterprise,187700.0,5,31,4,5,1,2,0,0,1,0.8,2,0.42,81.6,0.36,-1,0.52,2,0.63,1,1,1,1,0,0,Discovery,Lead,22,0.29,1,Lost
DEAL-3376,Veritas Analytics,Technology,SMB,30200.0,10,40,2,5,1,1,1,1,1,0.83,1,0.6,17.9,0.58,0,0.57,5,0.07,1,1,1,1,1,5,Negotiation,Evaluation,11,0.58,1,Lost
DEAL-3377,Summit BioPharma,Logistics,Startup,25300.0,9,8,4,7,1,0,1,1,1,0.4,8,0.35,27.9,0.23,1,0.63,1,0.73,1,1,0,1,1,12,Negotiation,Evaluation,56,0.66,1,Progressed
DEAL-3378,Skyward Aerospace,Healthcare,Startup,19900.0,12,22,3,9,0,0,0,0,1,0.46,4,0.82,1.3,0.18,1,0.36,0,1.0,0,0,0,0,0,0,Discovery,Lead,26,0.37,1,Progressed
DEAL-3379,Pulse Dynamics,Retail,Mid-Market,119200.0,5,45,0,5,2,3,1,0,1,0.8,3,0.63,1.2,0.3,1,0.74,2,0.87,0,0,1,1,0,0,Discovery,Lead,13,0.38,1,Lost
DEAL-3380,Helix Diagnostics,Education,SMB,60000.0,8,29,1,3,0,0,1,1,1,0.97,9,0.24,9.1,0.32,0,0.74,2,0.43,1,1,0,0,0,0,Evaluation,Demo,31,0.36,1,Progressed
DEAL-3381,Zenith Textiles,Retail,Startup,22200.0,14,35,0,1,2,1,1,0,0,0.23,7,0.43,16.2,0.25,-1,0.25,5,0.33,1,1,1,1,0,0,Demo,Discovery,12,0.27,1,Lost
DEAL-3382,Novus Capital,Retail,Startup,21600.0,9,23,0,1,0,3,1,0,1,0.59,5,0.24,8.9,0.79,1,0.87,0,1.0,0,1,1,0,1,12,Discovery,Lead,55,0.29,1,Lost
DEAL-3383,Kestrel Instruments,Technology,Startup,9500.0,8,15,4,4,0,0,1,1,1,0.69,2,0.63,88.4,0.17,0,0.29,3,0.79,1,0,0,0,1,19,Negotiation,Evaluation,41,0.34,1,Lost
DEAL-3384,Pulse Dynamics,Manufacturing,Enterprise,135000.0,3,29,2,3,2,0,1,0,1,0.67,1,0.43,20.6,0.74,1,0.35,5,0.48,1,1,0,1,1,31,Negotiation,Evaluation,49,0.79,1,Lost
DEAL-3385,Frontier FinCorp,Logistics,SMB,70900.0,7,17,0,5,3,2,1,1,1,0.6,8,0.22,98.3,0.91,0,0.86,3,0.91,1,1,1,0,1,12,Proposal,Negotiation,23,0.52,1,Lost
DEAL-3386,Coastal Foods Ltd,Healthcare,Startup,13600.0,12,22,1,7,0,1,1,1,1,0.96,9,0.17,30.2,0.71,1,0.86,0,1.0,1,0,1,0,1,21,Proposal,Negotiation,11,0.53,0,Progressed
DEAL-3387,Cobalt Freight,Manufacturing,Enterprise,142900.0,5,19,1,5,0,0,1,1,1,0.63,3,0.48,22.4,0.32,0,0.27,4,0.71,1,0,0,1,0,0,Evaluation,Demo,19,0.96,0,Progressed
DEAL-3388,BrightPath Logistics,Manufacturing,Enterprise,327400.0,10,39,1,8,0,0,1,1,1,0.51,9,0.64,1.6,0.89,1,0.52,3,0.06,1,1,0,1,1,32,Negotiation,Evaluation,32,0.93,1,Progressed
DEAL-3389,BrightPath Logistics,Education,Enterprise,228500.0,10,29,4,6,0,1,1,0,1,0.94,8,0.91,21.8,0.26,0,0.63,0,1.0,1,1,1,0,1,25,Proposal,Negotiation,56,0.29,1,Lost
DEAL-3390,Zenith Textiles,Manufacturing,Enterprise,319100.0,7,33,4,4,0,0,1,1,0,0.05,9,0.57,44.2,0.73,0,0.35,2,0.44,1,1,0,0,0,0,Demo,Discovery,54,0.72,0,Progressed
DEAL-3391,Skyward Aerospace,Education,Enterprise,234000.0,3,12,3,3,3,0,1,1,0,0.27,4,0.76,1.0,0.24,1,0.32,4,0.28,0,1,0,1,0,0,Demo,Discovery,4,0.34,0,Lost
DEAL-3392,Aegis Software,Retail,Enterprise,293500.0,12,18,2,9,2,1,0,0,0,0.02,8,0.23,5.9,0.89,1,0.91,2,0.51,0,0,1,0,0,0,Discovery,Lead,56,0.26,1,Lost
DEAL-3393,Everline Retail,Manufacturing,Mid-Market,100500.0,14,11,0,7,1,2,1,1,0,0.24,6,0.69,3.4,0.23,1,0.54,3,0.37,1,1,1,1,1,33,Negotiation,Evaluation,45,0.69,1,Lost
DEAL-3394,OmniCommerce,Logistics,Mid-Market,86100.0,12,9,1,2,0,0,1,0,1,0.98,9,0.21,23.2,0.53,-1,0.26,3,0.91,1,1,0,0,1,31,Evaluation,Demo,8,0.42,1,Progressed
DEAL-3395,Frontier FinCorp,Financial Services,Enterprise,139700.0,13,32,1,8,2,0,1,1,1,0.66,3,0.91,18.9,0.41,-1,0.9,2,0.2,1,1,0,1,1,27,Negotiation,Evaluation,3,0.5,0,Lost
DEAL-3396,Coastal Foods Ltd,Education,SMB,34900.0,11,17,2,5,2,0,1,0,1,0.59,6,0.62,6.5,0.89,-1,0.6,3,0.83,1,1,0,1,1,33,Evaluation,Demo,5,0.58,0,Lost
DEAL-3397,Acuity Networks,Education,SMB,33100.0,1,29,0,1,1,2,1,1,1,0.46,3,0.92,5.8,0.78,1,0.34,5,0.13,1,1,1,1,0,0,Evaluation,Demo,58,0.7,1,Progressed
DEAL-3398,Prime Packaging,Retail,Mid-Market,98200.0,2,14,0,0,2,1,1,1,0,0.11,2,0.88,5.9,0.85,0,0.28,3,0.13,1,1,1,0,1,28,Proposal,Negotiation,36,0.95,1,Lost
DEAL-3399,Acuity Networks,Manufacturing,SMB,26600.0,3,40,0,0,1,2,1,1,1,0.66,7,0.39,11.0,0.47,-1,0.32,1,0.61,0,1,1,0,1,9,Demo,Discovery,54,0.31,0,Lost
DEAL-3400,Pulse Dynamics,Technology,Mid-Market,122100.0,4,37,3,4,0,1,1,1,1,0.43,9,0.28,74.2,0.5,0,0.77,0,1.0,1,1,1,0,0,0,Demo,Discovery,53,0.38,1,Lost
DEAL-3401,OmniCommerce,Healthcare,Startup,19100.0,13,37,2,6,2,0,1,1,1,0.56,8,0.3,38.6,0.89,0,0.55,4,0.95,1,1,0,1,1,31,Proposal,Negotiation,11,0.95,0,Lost
DEAL-3402,Cobalt Freight,Logistics,SMB,38000.0,12,11,4,5,1,2,1,0,1,0.74,5,0.37,16.9,0.29,1,0.35,1,0.49,1,1,1,1,1,18,Negotiation,Evaluation,33,0.53,1,Lost
DEAL-3403,Prime Packaging,Technology,Startup,9000.0,4,5,3,4,2,3,0,0,1,0.51,3,0.35,36.1,0.64,0,0.7,3,0.2,0,0,1,0,1,4,Discovery,Lead,36,0.54,1,Lost
DEAL-3404,Cascade Security,Manufacturing,Enterprise,254300.0,11,45,2,4,3,0,1,1,1,0.91,2,0.2,10.7,0.56,-1,0.86,3,0.05,0,1,0,1,0,0,Evaluation,Demo,28,0.79,0,Lost
DEAL-3405,OmniCommerce,Retail,Startup,30900.0,11,28,1,2,0,0,1,0,0,0.12,5,0.19,27.9,0.37,0,0.68,4,0.76,1,1,0,0,1,1,Proposal,Negotiation,25,0.97,0,Progressed
DEAL-3406,Frontier FinCorp,Manufacturing,Startup,24000.0,4,20,3,4,3,0,0,0,1,0.95,1,0.21,29.0,0.76,0,0.39,4,0.6,0,1,0,0,0,0,Discovery,Lead,20,0.96,0,Lost
DEAL-3407,Skyward Aerospace,Technology,Mid-Market,68000.0,9,31,2,2,3,3,1,0,0,0.04,3,0.58,1.0,0.71,0,0.37,5,0.38,1,0,1,1,0,0,Discovery,Lead,52,0.96,0,Lost
DEAL-3408,Apex Cloud Systems,Manufacturing,Mid-Market,77200.0,3,10,3,3,1,0,1,1,0,0.07,5,0.75,28.4,0.27,0,0.23,5,0.18,1,0,0,1,1,23,Negotiation,Evaluation,11,0.91,1,Lost
DEAL-3409,Trident Tech,Logistics,SMB,70400.0,14,29,1,1,2,2,1,1,1,0.8,9,0.75,34.9,0.7,1,0.75,2,0.91,1,1,1,1,1,23,Proposal,Negotiation,54,0.94,1,Progressed
DEAL-3410,Prime Packaging,Manufacturing,Startup,21800.0,9,14,1,1,3,2,1,1,1,0.76,1,0.8,8.4,0.78,1,0.34,3,0.53,1,1,1,1,1,19,Proposal,Negotiation,16,0.42,0,Lost
DEAL-3411,Trident Tech,Healthcare,Mid-Market,120000.0,11,29,1,8,1,0,1,1,0,0.07,5,0.58,14.2,0.31,1,0.48,3,0.49,0,1,0,1,0,0,Demo,Discovery,29,0.98,1,Progressed
DEAL-3412,BlueShift AI,Manufacturing,Startup,11900.0,7,16,2,7,0,1,1,1,1,0.66,6,0.53,104.9,0.78,0,0.27,0,1.0,0,1,1,1,1,24,Proposal,Negotiation,26,0.71,0,Lost
DEAL-3413,Everline Retail,Healthcare,SMB,52600.0,2,3,2,2,1,0,1,1,0,0.06,3,0.17,6.1,0.66,1,0.3,3,0.96,0,0,0,1,1,26,Demo,Discovery,48,0.27,1,Lost
DEAL-3414,Helix Diagnostics,Education,Enterprise,280000.0,11,26,3,6,3,0,1,0,1,0.96,5,0.59,59.2,0.57,-1,0.92,4,0.31,1,1,0,1,1,6,Discovery,Lead,50,0.8,0,Lost
DEAL-3415,Zenith Textiles,Healthcare,Mid-Market,112500.0,10,41,1,4,3,1,1,1,0,0.28,6,0.3,4.1,0.63,0,0.67,5,0.19,1,1,1,1,1,26,Evaluation,Demo,2,0.88,1,Lost
DEAL-3416,Aegis Software,Healthcare,Startup,14400.0,12,25,4,5,2,3,1,0,1,0.91,2,0.93,7.7,0.41,1,0.5,5,0.92,1,0,1,1,0,0,Discovery,Lead,44,0.86,1,Lost
DEAL-3417,Prime Packaging,Financial Services,Startup,23800.0,1,33,0,0,0,3,1,0,0,0.22,9,0.55,15.4,0.81,0,0.87,4,0.2,1,1,1,0,0,0,Evaluation,Demo,31,0.74,1,Lost
DEAL-3418,Cascade Security,Logistics,Mid-Market,82200.0,13,10,4,4,3,3,1,1,0,0.15,3,0.34,52.8,0.47,0,0.23,5,0.15,1,1,1,1,0,0,Evaluation,Demo,57,0.31,0,Lost
DEAL-3419,Novus Capital,Education,Mid-Market,63900.0,6,6,0,3,3,3,1,0,1,0.7,8,0.69,20.2,0.37,1,0.7,4,0.67,0,1,1,1,0,0,Discovery,Lead,56,0.77,1,Lost
DEAL-3420,Coastal Foods Ltd,Financial Services,Enterprise,196800.0,2,38,2,2,2,1,1,0,0,0.1,4,0.28,1.3,0.21,0,0.8,5,0.01,1,1,1,1,1,3,Evaluation,Demo,10,0.38,1,Lost
DEAL-3421,Vanguard Supply,Manufacturing,Mid-Market,152000.0,9,14,0,7,3,0,1,1,1,0.98,1,0.79,6.4,0.21,-1,0.54,5,0.22,1,1,0,1,0,0,Evaluation,Demo,49,0.63,1,Lost
DEAL-3422,Vanguard Supply,Financial Services,Startup,13600.0,2,28,0,0,1,0,1,1,1,0.46,3,0.61,4.8,0.78,1,0.61,5,0.93,1,1,0,1,0,0,Demo,Discovery,52,0.38,1,Progressed
DEAL-3423,Summit BioPharma,Manufacturing,Enterprise,152600.0,3,14,2,3,1,0,1,1,0,0.08,5,0.91,16.8,0.26,-1,0.48,2,0.45,1,0,0,1,0,0,Demo,Discovery,28,0.86,0,Lost
DEAL-3424,Vanguard Supply,Healthcare,SMB,31200.0,9,19,1,4,3,1,1,0,1,0.55,7,0.91,15.0,0.16,-1,0.84,5,0.29,1,1,1,1,1,28,Proposal,Negotiation,3,0.54,0,Lost
DEAL-3425,Vanguard Supply,Retail,Enterprise,303400.0,7,41,4,7,0,3,1,1,0,0.13,3,0.89,3.4,0.43,1,0.9,1,0.47,1,1,1,1,1,35,Proposal,Negotiation,31,0.97,0,Lost
DEAL-3426,OmniCommerce,Manufacturing,Mid-Market,106800.0,4,18,2,4,0,0,1,0,0,0.15,7,0.56,35.9,0.43,-1,0.96,4,0.23,1,0,0,1,1,15,Proposal,Negotiation,12,0.8,1,Progressed
DEAL-3427,Solstice Media,Healthcare,Startup,21300.0,1,21,1,1,0,2,1,1,1,0.51,1,0.8,39.6,0.19,1,0.78,2,0.2,1,1,1,1,1,6,Negotiation,Evaluation,52,0.39,0,Lost
DEAL-3428,BrightPath Logistics,Education,SMB,34800.0,4,32,4,4,0,0,1,0,0,0.28,7,0.82,24.8,0.52,1,0.3,0,1.0,1,0,0,0,1,25,Discovery,Lead,56,0.53,0,Lost
DEAL-3429,Acuity Networks,Healthcare,Mid-Market,139500.0,1,42,1,1,0,0,0,0,0,0.12,5,0.88,43.1,0.8,0,0.23,5,0.79,0,1,0,0,1,34,Discovery,Lead,27,0.37,1,Lost
DEAL-3430,Coastal Foods Ltd,Education,Startup,23300.0,6,17,2,2,1,3,1,1,1,0.76,7,0.34,14.7,0.31,1,0.29,2,0.95,0,0,1,1,1,27,Negotiation,Evaluation,42,0.39,0,Lost
DEAL-3431,Helix Diagnostics,Education,Startup,21400.0,8,15,3,6,3,0,1,1,0,0.25,8,0.5,18.1,0.5,1,0.21,5,0.02,1,0,0,1,1,13,Negotiation,Evaluation,28,0.91,1,Lost
DEAL-3432,Vanguard Supply,Financial Services,Mid-Market,66800.0,11,24,0,5,1,1,1,0,1,0.75,9,0.86,2.0,0.47,-1,0.31,2,0.89,1,0,1,1,1,3,Proposal,Negotiation,4,0.49,1,Lost
DEAL-3433,Veritas Analytics,Technology,SMB,26300.0,7,14,2,2,0,0,1,0,1,0.91,2,0.88,13.7,0.59,-1,0.39,1,0.38,1,0,0,1,1,13,Proposal,Negotiation,43,0.91,0,Progressed
DEAL-3434,Aegis Software,Retail,SMB,38300.0,6,32,0,3,0,0,1,1,1,0.46,6,0.85,3.4,0.64,0,0.63,4,0.36,1,0,0,1,0,0,Evaluation,Demo,39,0.49,0,Lost
DEAL-3435,Helix Diagnostics,Logistics,Enterprise,345000.0,1,27,0,0,3,0,1,1,0,0.01,9,0.73,28.2,0.88,0,0.91,5,0.07,1,0,0,1,1,3,Demo,Discovery,24,0.68,1,Lost
DEAL-3436,Kestrel Instruments,Technology,Mid-Market,125900.0,3,7,3,3,1,0,1,1,0,0.2,9,0.48,2.6,0.17,0,0.47,2,0.41,1,0,0,1,1,28,Negotiation,Evaluation,21,0.3,1,Lost
DEAL-3437,Vector Mobility,Healthcare,SMB,56500.0,3,24,0,2,1,0,1,0,1,0.96,5,0.55,3.8,0.45,0,0.61,1,0.96,0,1,0,0,1,15,Demo,Discovery,60,0.91,1,Progressed
DEAL-3438,Skyward Aerospace,Financial Services,Enterprise,308300.0,12,40,1,8,2,2,1,0,0,0.04,3,0.24,15.1,0.29,-1,0.96,4,0.07,1,1,1,0,1,14,Demo,Discovery,41,0.51,0,Lost
DEAL-3439,Pulse Dynamics,Logistics,SMB,37800.0,1,29,0,0,0,0,1,1,1,0.46,4,0.59,2.7,0.41,-1,0.33,0,1.0,0,1,0,0,1,29,Proposal,Negotiation,23,0.71,1,Progressed
DEAL-3440,Vector Mobility,Education,Startup,31500.0,12,40,4,7,1,0,1,0,1,0.41,1,0.4,42.3,0.33,0,0.88,5,0.9,1,0,0,0,1,14,Discovery,Lead,52,0.48,1,Lost
DEAL-3441,OmniCommerce,Financial Services,Enterprise,182200.0,2,0,1,2,0,0,1,0,1,0.71,7,0.82,23.6,0.29,-1,0.2,1,0.83,1,1,0,1,1,27,Proposal,Negotiation,59,0.25,1,Progressed
DEAL-3442,Veritas Analytics,Logistics,Mid-Market,79700.0,13,36,1,5,0,0,0,0,0,0.15,1,0.22,11.7,0.47,-1,0.93,1,0.82,0,1,0,1,0,0,Discovery,Lead,7,0.59,0,Lost
DEAL-3443,Cascade Security,Education,SMB,74400.0,7,26,2,2,0,0,1,1,1,0.56,1,0.19,68.7,0.27,1,0.89,0,1.0,1,1,0,1,1,17,Evaluation,Demo,29,0.31,1,Progressed
DEAL-3444,Skyward Aerospace,Technology,Mid-Market,123000.0,7,6,0,6,0,3,1,0,0,0.21,3,0.67,29.7,0.24,0,0.65,1,0.93,1,1,1,0,1,18,Proposal,Negotiation,35,0.67,1,Lost
DEAL-3445,Vector Mobility,Financial Services,Mid-Market,100100.0,2,26,1,1,3,0,0,0,0,0.01,1,0.83,2.9,0.27,0,0.38,5,0.4,1,0,0,0,1,31,Discovery,Lead,36,0.66,0,Lost
DEAL-3446,Coastal Foods Ltd,Healthcare,SMB,57700.0,9,26,2,3,0,0,1,1,1,0.93,4,0.67,24.5,0.26,0,0.33,5,0.4,1,0,0,0,1,24,Negotiation,Evaluation,26,0.87,0,Progressed
DEAL-3447,Coastal Foods Ltd,Technology,Mid-Market,157100.0,2,11,2,2,0,1,1,1,1,0.7,7,0.23,10.0,0.68,-1,0.2,4,0.45,0,1,1,0,1,22,Proposal,Negotiation,13,0.9,1,Progressed
DEAL-3448,Atlas Energy,Healthcare,SMB,55400.0,10,24,1,5,1,0,1,1,0,0.28,7,0.46,1.0,0.79,1,0.73,3,0.39,1,1,0,1,1,3,Evaluation,Demo,17,0.26,1,Progressed
DEAL-3449,Solstice Media,Technology,Mid-Market,142900.0,12,0,3,10,1,1,1,0,0,0.06,2,0.38,28.6,0.8,0,0.51,2,0.45,0,0,1,1,1,29,Proposal,Negotiation,16,0.92,0,Lost
DEAL-3450,NexGen Health,Retail,SMB,71700.0,5,33,4,4,0,2,1,1,1,0.79,6,0.31,88.0,0.62,0,0.64,2,0.07,0,0,1,1,0,0,Demo,Discovery,25,0.45,1,Lost
DEAL-3451,Atlas Energy,Education,Startup,29700.0,6,16,2,6,0,3,1,1,1,0.82,3,0.37,89.1,0.78,-1,0.35,5,0.14,0,0,1,0,1,21,Demo,Discovery,57,0.97,1,Lost
DEAL-3452,Everline Retail,Technology,Startup,31900.0,4,36,2,2,0,1,1,0,1,0.43,5,0.18,3.3,0.49,0,0.84,5,0.57,0,1,1,0,0,0,Evaluation,Demo,44,0.44,1,Progressed
DEAL-3453,OmniCommerce,Education,Mid-Market,63100.0,13,11,2,3,2,0,1,0,1,0.53,5,0.73,25.2,0.65,0,0.56,3,0.75,1,1,0,1,0,0,Discovery,Lead,50,0.36,0,Lost
DEAL-3454,Aegis Software,Logistics,Enterprise,313900.0,3,4,1,3,1,0,1,0,1,0.63,9,0.67,10.8,0.88,0,0.43,1,0.37,1,1,0,1,1,30,Proposal,Negotiation,52,0.64,0,Progressed
DEAL-3455,BrightPath Logistics,Technology,Enterprise,204100.0,12,39,1,6,2,0,1,1,0,0.24,5,0.4,42.0,0.32,-1,0.33,5,0.93,1,1,0,1,1,10,Proposal,Negotiation,26,0.65,1,Lost
DEAL-3456,Coastal Foods Ltd,Logistics,SMB,46500.0,14,33,2,8,0,1,1,0,1,0.71,1,0.76,1.4,0.23,0,0.69,0,1.0,1,0,1,1,1,11,Negotiation,Evaluation,21,0.7,1,Progressed
DEAL-3457,OmniCommerce,Technology,Startup,27800.0,3,31,2,2,0,1,1,1,1,0.45,4,0.3,13.4,0.38,0,0.86,1,0.39,1,1,1,1,1,30,Negotiation,Evaluation,42,0.82,1,Progressed
DEAL-3458,Vector Mobility,Technology,Mid-Market,138900.0,4,1,3,4,3,0,1,0,1,0.75,7,0.52,24.6,0.23,0,0.66,4,0.52,1,1,0,1,1,5,Negotiation,Evaluation,26,0.96,1,Lost
DEAL-3459,Beacon Robotics,Healthcare,SMB,59500.0,10,31,0,0,3,3,1,1,1,0.93,3,0.51,9.0,0.66,-1,0.27,4,0.89,1,1,1,1,1,7,Negotiation,Evaluation,15,0.51,1,Lost
DEAL-3460,Prime Packaging,Healthcare,Mid-Market,156400.0,10,9,4,8,0,0,1,1,0,0.03,8,0.55,86.3,0.37,0,0.43,5,0.13,0,0,0,1,1,31,Demo,Discovery,29,0.51,0,Lost
DEAL-3461,Vanguard Supply,Manufacturing,Mid-Market,145200.0,14,32,3,10,1,1,1,0,0,0.19,3,0.76,10.7,0.85,0,0.63,5,0.69,0,1,1,1,0,0,Discovery,Lead,60,0.32,1,Lost
DEAL-3462,Novus Capital,Logistics,SMB,46000.0,7,17,1,2,1,0,1,0,1,0.81,7,0.2,27.5,0.16,1,0.25,5,0.48,1,1,0,1,1,32,Evaluation,Demo,6,0.35,1,Lost
DEAL-3463,Helix Diagnostics,Logistics,SMB,71900.0,3,26,2,3,2,0,1,1,1,0.52,2,0.36,26.0,0.25,-1,0.47,5,0.24,1,1,0,1,1,10,Negotiation,Evaluation,44,0.35,1,Lost
DEAL-3464,Prime Packaging,Retail,SMB,49000.0,12,44,2,8,1,0,0,0,1,0.53,1,0.47,9.1,0.45,-1,0.76,3,0.62,0,1,0,1,0,0,Discovery,Lead,43,0.7,1,Lost
DEAL-3465,BrightPath Logistics,Logistics,SMB,51000.0,7,35,0,0,0,0,1,1,1,0.83,1,0.92,3.2,0.64,-1,0.73,1,0.47,1,1,0,0,1,10,Negotiation,Evaluation,42,0.36,1,Progressed
DEAL-3466,Novus Capital,Retail,Startup,12300.0,9,17,3,5,0,0,1,0,1,0.7,8,0.8,21.9,0.61,0,0.76,5,0.8,1,1,0,0,0,0,Evaluation,Demo,56,0.64,0,Progressed
DEAL-3467,Cobalt Freight,Manufacturing,Startup,22200.0,8,39,2,4,2,0,1,0,1,0.81,2,0.4,48.9,0.81,1,0.49,3,0.49,0,1,0,0,1,26,Evaluation,Demo,48,0.91,0,Lost
DEAL-3468,Vector Mobility,Manufacturing,Mid-Market,66200.0,5,12,3,5,2,3,1,1,1,0.44,7,0.19,14.8,0.64,1,0.31,2,0.42,0,1,1,1,1,7,Evaluation,Demo,49,0.57,1,Lost
DEAL-3469,Kestrel Instruments,Financial Services,Enterprise,135000.0,5,33,0,4,0,1,1,1,0,0.22,9,0.46,1.9,0.38,1,0.32,0,1.0,1,0,1,0,1,18,Proposal,Negotiation,47,0.96,1,Progressed
DEAL-3470,NexGen Health,Healthcare,Mid-Market,107300.0,8,0,2,6,1,0,1,1,1,0.73,2,0.33,6.7,0.61,0,0.23,3,0.71,1,1,0,1,0,0,Evaluation,Demo,32,0.29,0,Progressed
DEAL-3471,Cobalt Freight,Technology,SMB,71200.0,10,5,1,2,3,1,1,1,1,0.59,6,0.32,13.1,0.25,0,0.29,3,0.7,0,1,1,1,1,3,Demo,Discovery,23,0.89,1,Lost
DEAL-3472,Aegis Software,Financial Services,Startup,12100.0,9,21,2,3,2,3,0,0,0,0.03,1,0.27,5.1,0.44,-1,0.87,2,0.15,0,1,1,1,0,0,Discovery,Lead,55,0.5,0,Lost
DEAL-3473,Frontier FinCorp,Healthcare,Enterprise,243300.0,7,18,3,3,2,2,1,1,0,0.19,6,0.27,2.6,0.17,1,0.88,5,0.83,0,0,1,1,1,7,Proposal,Negotiation,3,0.97,0,Lost
DEAL-3474,NexGen Health,Healthcare,Startup,15100.0,9,25,1,7,3,1,1,0,1,0.61,9,0.42,10.1,0.91,1,0.75,5,0.33,1,1,1,1,1,4,Negotiation,Evaluation,34,0.8,0,Lost
DEAL-3475,Apex Cloud Systems,Financial Services,Mid-Market,88400.0,4,9,4,4,3,0,1,1,0,0.21,7,0.29,19.0,0.68,1,0.76,5,0.09,0,1,0,0,1,10,Proposal,Negotiation,7,0.79,0,Lost
DEAL-3476,Apex Cloud Systems,Technology,Mid-Market,152900.0,9,24,0,0,2,0,1,1,0,0.28,6,0.44,21.0,0.84,0,0.31,4,0.5,1,1,0,1,1,19,Negotiation,Evaluation,31,0.76,1,Lost
DEAL-3477,Cobalt Freight,Financial Services,Mid-Market,121900.0,12,42,0,5,0,2,1,0,1,0.42,6,0.63,5.0,0.75,-1,0.48,1,0.39,1,0,1,1,1,4,Discovery,Lead,40,0.26,0,Lost
DEAL-3478,Frontier FinCorp,Education,Startup,21700.0,13,2,1,4,0,0,1,0,1,0.68,7,0.59,1.4,0.58,0,0.77,2,0.06,1,1,0,0,0,0,Discovery,Lead,56,0.56,0,Progressed
DEAL-3479,Atlas Energy,Financial Services,Mid-Market,109500.0,3,18,2,3,0,0,1,0,0,0.28,5,0.31,21.3,0.37,1,0.27,0,1.0,1,1,0,1,1,3,Discovery,Lead,23,0.85,0,Progressed
DEAL-3480,Beacon Robotics,Healthcare,Mid-Market,156400.0,11,19,4,8,1,2,1,1,1,0.43,4,0.47,41.1,0.58,0,0.36,5,0.51,1,1,1,1,0,0,Demo,Discovery,42,0.71,1,Lost
DEAL-3481,BrightPath Logistics,Technology,Mid-Market,73700.0,7,17,0,6,3,0,1,1,1,0.52,4,0.82,9.5,0.17,0,0.25,4,0.37,1,1,0,1,0,0,Evaluation,Demo,5,0.79,1,Progressed
DEAL-3482,Synthetix Labs,Healthcare,Enterprise,177000.0,1,37,0,0,0,0,1,1,0,0.14,6,0.43,7.7,0.3,0,0.39,2,0.79,1,1,0,0,0,0,Evaluation,Demo,57,0.77,1,Lost
DEAL-3483,Novus Capital,Financial Services,Enterprise,216600.0,10,37,3,3,3,1,1,1,1,0.61,4,0.22,1.0,0.76,1,0.86,4,0.19,0,1,1,1,1,25,Negotiation,Evaluation,14,0.65,1,Lost
DEAL-3484,Trident Tech,Manufacturing,Startup,33600.0,8,2,4,8,0,0,1,0,1,0.69,6,0.2,20.9,0.17,-1,0.29,4,0.3,1,1,0,0,0,0,Evaluation,Demo,11,0.3,1,Progressed
DEAL-3485,Everline Retail,Manufacturing,SMB,37600.0,3,23,2,3,1,2,1,0,1,0.97,1,0.53,32.5,0.36,1,0.28,3,0.61,0,0,1,0,0,0,Demo,Discovery,33,0.75,0,Lost
DEAL-3486,Everline Retail,Education,Startup,23400.0,2,40,1,2,0,0,0,0,1,0.84,1,0.74,10.4,0.58,-1,0.77,3,0.07,1,1,0,0,0,0,Discovery,Lead,56,0.65,1,Progressed
DEAL-3487,Cobalt Freight,Education,SMB,64800.0,1,3,1,1,1,0,1,0,1,0.49,3,0.72,3.2,0.47,1,0.96,3,0.3,1,1,0,1,1,15,Demo,Discovery,43,0.41,1,Progressed
DEAL-3488,Summit BioPharma,Manufacturing,SMB,57700.0,10,37,2,4,0,0,1,1,1,0.77,3,0.28,46.9,0.47,0,0.25,2,0.76,0,0,0,1,0,0,Demo,Discovery,11,0.46,0,Lost
DEAL-3489,Solstice Media,Healthcare,SMB,43200.0,6,22,4,6,2,2,1,1,1,0.89,9,0.6,79.0,0.85,-1,0.93,5,0.27,1,1,1,1,1,7,Evaluation,Demo,38,0.6,0,Lost
DEAL-3490,Vector Mobility,Education,Mid-Market,82300.0,1,34,0,0,0,1,0,0,1,0.85,2,0.86,2.7,0.85,1,0.9,2,0.76,1,0,1,0,1,34,Discovery,Lead,59,0.56,1,Progressed
DEAL-3491,Pulse Dynamics,Healthcare,Enterprise,153000.0,6,9,4,4,2,0,1,0,0,0.26,9,0.59,40.2,0.65,0,0.26,2,0.29,0,1,0,1,0,0,Discovery,Lead,5,0.26,1,Lost
DEAL-3492,BlueShift AI,Retail,SMB,51000.0,11,4,2,5,2,2,1,1,1,0.48,4,0.77,36.5,0.87,-1,0.5,4,0.27,1,1,1,1,1,10,Proposal,Negotiation,17,0.82,0,Lost
DEAL-3493,Trident Tech,Financial Services,SMB,43100.0,8,13,1,6,0,2,1,0,1,0.8,8,0.87,29.2,0.28,1,0.3,1,0.6,1,1,1,0,1,3,Negotiation,Evaluation,40,0.39,1,Progressed
DEAL-3494,BrightPath Logistics,Healthcare,Mid-Market,61300.0,9,18,0,7,2,0,1,1,0,0.04,3,0.69,8.1,0.54,1,0.68,3,0.51,1,1,0,1,0,0,Evaluation,Demo,60,0.9,1,Progressed
DEAL-3495,Prime Packaging,Logistics,SMB,47800.0,1,43,0,1,2,1,1,1,1,0.68,3,0.59,24.5,0.18,0,0.55,4,0.68,0,0,1,1,0,0,Demo,Discovery,30,0.34,1,Lost
DEAL-3496,Summit BioPharma,Logistics,Mid-Market,157400.0,10,29,0,3,3,0,1,1,0,0.19,4,0.47,1.0,0.39,0,0.62,3,0.93,1,1,0,0,0,0,Evaluation,Demo,5,0.6,1,Lost
DEAL-3497,Zenith Textiles,Financial Services,SMB,51300.0,9,45,0,3,1,0,1,1,1,0.57,9,0.76,20.8,0.2,0,0.94,1,0.83,1,1,0,1,1,21,Demo,Discovery,3,0.51,0,Progressed
DEAL-3498,Solstice Media,Technology,Enterprise,294600.0,4,3,4,4,0,0,1,1,1,0.64,3,0.53,4.6,0.55,-1,0.94,1,0.88,1,1,0,0,1,14,Negotiation,Evaluation,14,0.96,1,Progressed
DEAL-3499,Summit BioPharma,Technology,Startup,31400.0,3,32,2,3,0,0,1,0,1,0.41,9,0.7,6.4,0.56,-1,0.39,4,0.93,1,1,0,0,1,19,Negotiation,Evaluation,19,0.35,1,Progressed
DEAL-3500,Cobalt Freight,Technology,SMB,50600.0,1,43,1,1,3,0,1,0,0,0.23,3,0.6,5.7,0.49,-1,0.81,3,0.74,0,0,0,1,1,7,Discovery,Lead,56,0.58,0,Lost
